lemma_la,lemma_mkh,gender_la,gender_modified,etymologies,sharedgrammaticalinfo,partofspeech_1,morphology_la,ka,en,ru,source
d-a,დ-ა,,,,vi,,,არის,be,есть,**დ-ა** გრდუვ. არის
aa,აა,,,,,,,,,,"**აა** *ნაწ*. -ც, აგრეთვე, ასევე"
aag,ააგ,j d,F,,n,,aagi; ageⁿ,"ბებია, ბებო",grandmother,бабушка,"**ააგ** *ჲ დ* (ააგი; აგეჼ) ბებია, ბებო"
d-aattar,დ-აათთარ,,,,vi stat,,,ასხია,"be spilled, be poured",быть налитым,**დ-აათთარ** გრდუვ. სტატ. ასხია
aalĕ,აალე̆,v b,M,,n,,aaleⁿ,ბატონი,"lord, sir",господин,**აალე̆** *ვ ბ* (აალეჼ) ბატონი
aasĕ,აასე̆,d d,D,,n,,asi; aseⁿ,ხბო,calf,теленок,**აასე̆** *დ დ* (ასი; ასეჼ) ხბო
d-aašar,დ-ააშარ,,,,vt,,"ipʼarsavs, pʼarsavs","პარსვა (იპარსავს, პარსავს) გადაპარსვა",shave,"брить, побрить","**დ-ააშარ** გრდმ. პარსვა (იპარსავს, პარსავს)"
d-aaxar1,დ-აახარ1,,,,vi,,"cxovrobs, icxovrebs","ცხოვრება (ცხოვრობს, იცხოვრებს)",live,жить,"**დ-აახარ1** გრდუვ. ცხოვრება (ცხოვრობს, იცხოვრებს)"
d-aaxar2,დ-აახარ2,,,,vt,,[gamo]artmevs,,pl,,"**დ-აახარ2**გრდმ. 1. გამორთმევა ([გამო]ართმევს), წართმევა, ართმევა 2. ამოღება ([ამო]იღებს), ამოძრობა, ამოთხრა 3. მრ. გამოჩეკა (ჩეკს მრავალს) 4. რთული ფუძის ან შესიტვების შემადგენელი ნაწილი სრ. დ-აჴარ"
d-aaxar2,დ-აახარ2,,,,vt,,[gamo]artmevs,გამოჭრა (ტანსაცმლისა),cut out (cloth),"выкроить, скроить, закроить","**დ-აახარ2**გრდმ. 1. გამორთმევა ([გამო]ართმევს), წართმევა, ართმევა 2. ამოღება ([ამო]იღებს), ამოძრობა, ამოთხრა 3. მრ. გამოჩეკა (ჩეკს მრავალს) 4. რთული ფუძის ან შესიტვების შემადგენელი ნაწილი სრ. დ-აჴარ"
d-aaxar3,დ-აახარ3,,,,,,tʼansacmlisa,,,,**დ-აახარ3** გრდმ. გამოჭრა (ტანსაცმლისა)
ab,აბ,d d,D,GE,n,,abi; abeⁿ,აბი,pill,пилюля,**აბ** *დ დ* (აბი; აბეჼ) აბი
abar,აბარ,,,,vt,,"šekʼeravs, kʼeravs","შეკერვა (შეკერავს, კერავს)",sew,"шить, сшить","**აბარ** გრდმ. შეკერვა (შეკერავს, კერავს)"
abargod-d-alar,აბარგოდ-დ-ალარ,,,GE,vi,,aibargeba,აბარგება (აიბარგება),"resettle, move","собрать пожитки, уложить вещи",**აბარგოდ-დ-ალარ** აბარგება (აიბარგება)
abinŏ,აბინო̆,,,,,,,,,,**აბინო̆** მიმღ. შეკერილი
abno,აბნო,j j,J,GE,n,,abnuj; abnujⁿ,აბანო,bath,баня,**აბნო** *ჲ ჲ* (აბნუჲ; აბნუჲჼ) აბანო
abžontʼ,აბჟონტ,d d,D,,n,,abžontʼi; abžontʼeⁿ,"უზანგი, ავჟანდა",stirrup,стремя,**აბჟონტ** *დ დ* (აბჟონტი; აბჟონტეჼ) უზანგი
abžontʼicʼiⁿ,აბჟონტიწიჼ,,,,,,,,,,**აბჟონტიწიჼ** უუზანგო[დ]
aburʒgnad-d-alar,აბურძგნად-დ-ალარ,,,GE,vi,,aiburʒgneba,აბურძგნა (აიბურძგნება),"be tousled, ruffled",взъерошиться,**აბურძგნად-დ-ალარ** გრდუვ. აბურძგნა (აიბურძგნება)
abujnĭ,აბუჲნი̆,,,,,,,,,,**აბუჲნი̆** მიმღ. 1. შესაკერი 2. მკერავი
d-abcʼar,დ-აბწარ,,,,vi,,gamoicnobs,"გამოცნობა (გამოიცნობს), ცნობს (იცნობს)","discern, guess, know, find out","узнать, узнавать, знать, угадать, угадывать","**დ-აბწარ** გრდუვ. გამოცნობა (გამოიცნობს), ცნობა (იცნობს)"
d-abcʼinĭ,დ-აბწინი̆,,,,,,,,,,**დ-აბწინი̆** მიმღ. ნაცნობი
d-abcʼmakʼar,დ-აბწმაკარ,,,,,,gamoicnobs,,,,**დ-აბწმაკარ** გრდუვ. გამოცნობა (გამოიცნობს)
d-agar,დ-აგარ,,,,vi,,dainaxavs,დანახვა (დაინახავს),see,увидеть,**დ-აგარ**  გრდუვ. დანახვა (დაინახავს)
d-aagar,დ-ააგარ,,,,,,,,,,**დ-ააგარ**  გრდუვ. შერევა ილუსტრაციებში მოცემულია
d-ag-d-alar,დ-აგ-დ-ალარ,,,,,,daenaxveba,,,,"**დ-აგ-დ-ალარ** გრდუვ. დანახვება (დაენახვება), [მო]ჩვენება"
agvistʼŏ,აგვისტო̆,b,B,GE,n,,agvistʼujⁿ,აგვისტო,August,август,**აგვისტო̆** *ბ* (აგვისტუჲჼ) აგვისტო
agrilbad-d-alar,აგრილბად-დ-ალარ,,,GE,vi,,[a]grildeba,აგრილება ([ა]გრილდება),cool down,(с)делаться прохладным,**აგრილბად-დ-ალარ** გრდუვ. აგრილება ([ა]გრილდება)
agrilbad-d-ar,აგრილბად-დ-არ,,,GE,vi,,gaagrilebs,გაგრილება (გააგრილებს),cool sth down,охладить,**აგრილბად-დ-არ** გრდუვ. გაგრილება (გააგრილებს)
agur,აგურ,j j,J,GE,n,,"aŭgri, ougri; aŭgreⁿ ",აგური,brick,кирпич,"**აგურ** (აუ̆გრი, ოუგრი; აუ̆გრეჼ )*ჲ ჲ* აგური"
d-adar,დ-ადარ,,,,vi,,[da]ipicebs,დაფიცება ([და]იფიცებს),swear,(по)кляться,**დ-ადარ** გრდუვ. დაფიცება ([და]იფიცებს)
d-adarlajnĭ,დ-ადარლაჲნი̆,,,,ptcp,,,"ჭირვეული, ავი","wicked, evil, angry","злой, сердитый, капризный","**დ-ადარლაჲნი̆** მიმღ. ჭირვეული, ავი"
adgil,ადგილ,j j,J,GE,n,,ajdgli; ajdgleⁿ,ადგილი,place,место,**ადგილ** *ჲ ჲ* (აჲდგლი; აჲდგლეჼ) ადგილი
adl,ადლ,d d,D,GE,n,,adleⁿ,ადლი,"yard, meter",аршин,**ადლ** *დ დ* (ადლეჼ) ადლი
admi[a]nob,ადმი[ა]ნობ,d,,,,,,,,,**ადმი[ა]ნობ** *დ* ადამიანობა
"admiaⁿ, admieⁿ","ადმიაჼ, ადმიეჼ",d d,,,,,admini; admieⁿ,,,,"**ადმიაჼ, ადმიეჼ** *დ დ* (ადმინი; ადმიეჼ) ადამიანი"
"admianğeⁿ, adm[i]enğeⁿ","ადმიანღეჼ, ადმ[ი]ენღეჼ",,,,,,,,,,"**ადმიანღეჼ, ადმ[ი]ენღეჼ** ადამიანური, ადამიანისებური"
"admianğeš, adm[i]nğeš","ადმიანღეშ, ადმ[ი]ნღეშ",,,,,,,,,,"**ადმიანღეშ, ადმ[ი]ნღეშ** ზმნს. ადამიანურად"
d-avar1,დ-ავარ1,,,,vi,,[da]ikʼargeba,დაკარგვა ([და]იკარგება),be lost,(по)терятся,**დ-ავარ1** გრდუვ. დაკარგვა ([და]იკარგება)
d-avar2,დ-ავარ2,,,,vi,,[da]ixoceba,,pl,,**დ-ავარ2** გრდუვ. [და]ხოცვა ([და]იხოცება)
d-av-d-alar,დ-ავ-დ-ალარ,,,,,,šemsubukdeba,,,,**დ-ავ-დ-ალარ**  გრდუვ. შემსუბუქება (შემსუბუქდება)
d-av-d-ar1,დ-ავ-დ-არ1,,,,,,[da]kʼargavs,,,,**დ-ავ-დ-არ1** გრდმ. [და]კარგა ([და]კარგავს)
d-av-d-ar2,დ-ავ-დ-არ2,,,,,,xocavs,,,,"**დ-ავ-დ-არ2** მრ. გრდმ. ხოცვა (ხოცავს), კვლა"
d-av-d-ar3,დ-ავ-დ-არ3,,,,,,[še]amsubukebs,,,,**დ-ავ-დ-არ3** გრდმ. შემსუბუქება ([შე]ამსუბუქებს)
d-av-dijenŏ1,დ-ავ-დიჲენო̆1,,,,,,vinc an rac dakʼarges,,,,**დ-ავ-დიჲენო̆1** მიმღ. დაკარგული (ვინც ან რაც დაკარგეს)
d-av-dijenŏ2,დ-ავ-დიჲენო̆2,,,,,,,,,,**დ-ავ-დიჲენო̆2** მიმღ. დახოცილი
d-avinŏ1,დ-ავინო̆1,,,,,,,,,,**დ-ავინო̆1** მიმღ. დაკარგული
d-avinŏ2,დ-ავინო̆2,,,,,,,,,,**დ-ავინო̆2** მიმღ. დახოცილი
d-aviš,დ-ავიშ,,,,adv,,,იაფად,cheap,дешево,**დ-ავიშ** ზმნს. იაფად
d-avol,დ-ავოლ,,,,,,čʼkʼuisa,,,,**დ-ავოლ** სიმსუბუქე (ჭკუისა)
avšaⁿ,ავშაჼ,j j,J,GE,n,,,ავშანი,fragrant wormwood,степная полынь,**ავშაჼ** *ჲ ჲ* ავშანი
avšri,ავშრი,j,J,GE,n,,avšreⁿ,,pl,,"**ავშრი** *ჲ* მრ. (ავშრეჼ) ავშარა, ულაგამო აღვირი"
azar,აზარ,,,,num,,,ათასი,thousand,тысяча,**აზარ** ძვ. ათასი
azatʼ,აზატ,v b j d,M/F,GE,n,,,"აზატი, თავისუფალი",freeman,свободный от податей крестьянин,"**აზატ** *ვ ბ ჲ დ* აზატი, თავისუფალი"
azatʼ-d-ar,აზატ-დ-არ,,,,,,gaatavisuplebs,,,,**აზატ-დ-არ** გრდმ. გათავისუფლება (გაათავისუფლებს)
azire,აზირე,,,,,,šipn.,,,,**აზირე** აზიური *(შიფნ.)*
azğodbar,აზღოდბარ,,,,,,šipn.,,,,**აზღოდბარ**  სინანული *(შიფნ.)*
atar,ათარ,,,,vt,,[da]naqʼavs,[და]ნაყვა ([და]ნაყავს); ბეგვა,"pound, thresh, thrash","толочь, дробить, раздробить","**ათარ** გრდმ. [და]ნაყვა ([და]ნაყავს), ბეგვა"
atas,ათას,,,GE,num,,,ათასი,thousand,тысяча,**ათას**  ათასი
at-d-alar,ათ-დ-ალარ,,,,,,[da]ibežeba,,,,"**ათ-დ-ალარ**  გრდუვ. დაბეჟვა ([და]იბეჟება), დაბეგვა"
d-attar,დ-ათთარ,,,,vt,,[še]cʼvavs,"შეწვა ([შე]წვავს), [გამო]ცხობა","roast, bake","(по)жарить, (с)печь","**დ-ათთარ** გრდმ. შეწვა ([შე]წვავს), [გამო]ცხობა"
atinŏ,ათინო̆,,,,,,,,,,**ათინო̆** მიმღ. დანაყილი
at-pʼapʼi,ათ-პაპი,b d,,,,,at-pʼapʼeⁿ,,,,"**ათ-პაპი** *ბ დ* (ათ-პაპეჼ) მამა-პაპა[ნი], წინაპრები"
atujnĭ,ათუჲნი̆,,,,,,,,,,**ათუჲნი̆** მიმღ. 1. დასანაყავი 2. მნაყველი
atkvlepad-d-ar,ათქვლეფად-დ-არ,,,GE,vt,,amotkvleps,ა[მო]თქვლეფა (ამოთქვლეფს),"slurp, lap up",вылакать,**ათქვლეფად-დ-არ** გრდმ. [ამო]თქვლეფა (ამოთქვლეფს)
atcʼiⁿ,ათწიჼ,,,,,,,,,,"**ათწიჼ** დაუნაყავი, დაუნაყავად"
atx[ŏ],ათხ[ო̆],,,,,,,,,,**ათხ[ო̆]** ერგ. იხ. თხო
d-atxar,დ-ათხარ,,,,vi,,tʼiris,ტირილი (ტირის),"cry, weep",плакать,**დ-ათხარ** გრდუვ. ტირილი (ტირის)
atxĕ,ათხე̆,j j,J,,n,,atxi; atxeⁿ,სალესავი,whetstone,"точило, брусок",**ათხე̆** *ჲ ჲ* (ათხი; ათხეჼ) სალესავი
akʼakʼ,აკაკ,d d,D,GE,n,,akʼkʼi,აკაკი (ხე),nettle tree,"каркас, крапивное дерево",**აკაკ** *დ დ* (აკკი) აკაკი (ხე)
akʼamzi,აკამზი,j,,,,,,,,,**აკამზი** *ჲ* ხალიჩის საბეჭი დაზგა (მხოლობითი არა აქვს)
d-akʼar,დ-აკარ,,,,vi,,icʼvis,წვა (იწვის),burn,гореть,**დ-აკარ** გრდუვ. წვა (იწვის)
akʼar1,აკარ1,,,,vi,,cviva,ცვივნა (ცვივა),"fall, lapse","опадать, спадать",**აკარ1** გრდუვ. ცვივნა (ცვივა)სრ. დ-ეკარ1
akʼar2,აკარ2,,,,vi stat,,antia,წვა,burn,гореть,**აკარ2**გრდუვ. სტატ. ნთება (ანთია);
akʼ-d-alar,აკ-დ-ალარ,,,,,,inteba,,,,**აკ-დ-ალარ** გრდუვ. ანთება (ინთება) სრ. დ-ჵაჸ-დ-ალარ
d-akʼ-dar,დ-აკ-დარ,,,,,,dacʼvavs,,,,**დ-აკ-დარ** გრდმ. დაწვა (დაწვავს)
akʼ-d-ar1,აკ-დ-არ1,,,,,,qʼris,,,,**აკ-დ-არ1** - გრდმ. ჩამოყრა (ყრის)
akʼ-d-ar2,აკ-დ-არ2,,,,vt,,akʼankʼalebs,კანკალი (აკანკალებს),make tremble,"трястись, дрожать",**აკ-დ-არ2**გრდმ. კანკალი (აკანკალებს)სრ. დ-ეკ-დ-არ2
akʼ-d-ar3,აკ-დ-არ3,,,,,,,,,,**აკ-დ-არ3** გრდმ. ანთება
akʼ-d-itar,აკ-დ-ითარ,,,,,,aqʼrevinebs,,,,**აკ-დ-ითარ** გრდმ. ყრევინება (აყრევინებს)
akʼ-d-ujnĭ1,აკ-დ-უჲნი̆1,,,,,,,,,,"**აკ-დ-უჲნი̆1** მიმღ. მთრთოლვარე, მაკანკალებელი, მოკანკალე"
akʼ-d-ujnĭ2,აკ-დ-უჲნი̆2,,,,,,,,,,**აკ-დ-უჲნი̆2** მიმღ. 1. ასანთები 2. [და]მნთები
akʼvaⁿ,აკვაჼ,d d,D,GE,n,,akʼvni; akʼvneⁿ,აკვანი,cradle,"колыбель, люлька",**აკვაჼ** *დ დ* (აკვნი; აკვნეჼ) აკვანი
akʼidŏ,აკიდო̆,d d,D,GE,n,,akʼiduj; akʼidujⁿ,აკიდო,string of fruit,связка (кистей винограда),**აკიდო̆** *დ დ* (აკიდუჲ; აკიდუჲჼ) აკიდო
akʼlebad-d-ar,აკლებად-დ-არ,,,GE,vt,,,აკლება,"devastate, tear down",разгромить,**აკლებად-დ-არ** გრდმ. აკლება
akʼmajzlob,აკმაჲზლობ,j j,J,GE,n,,,"აკაზმულობა, შეკაზმულობა",saddle and reins,"судя, убор (для лошади)","**აკმაჲზლობ** *ჲ ჲ* აკაზმულობა, შეკაზმულობა"
akʼujnĭ,აკუჲნი̆,,,,ptcp,,"is, rac antia","ანთებული (ის, რაც ანთია)",burning,горящий,"**აკუჲნი̆** მიმღ. ანთებული (ის, რაც ანთია)"
alav,ალავ,d,D,GE,n,,,ალაო,barley malt,затхлая мука,**ალავ** *დ* ალაო
alam,ალამ,b d,B,GE,n,,almi; almeⁿ,"ალამი, დროშა","flag, banner",знамя,"**ალამ** *ბ დ* (ალმი; ალმეჼ) ალამი, დროშა"
d-alar1,დ-ალარ1,d d,D,,ptcp,vi,,,,,**დ-ალარ1** 1. გრდუვ. მოკვდომა (მოკვდება)2. *დ დ* სიკვდილი
d-alar2,დ-ალარ2,,,,vi,,,"მყ. ლა რთული ფუძის შემადგენელი ნაწილი, აწარმოებს ვნებითი გვარის შინაარსის მქონე ზმნებს",,,"**დ-ალარ2** მყ. რთული ფუძის შემადგენელი ნაწილი, აწარმოებს ვნებითი გვარის შინაარსის მქონე ზმნებს"
albat,ალბათ,,,,,,,,,,**ალბათ** ალბათ
albul,ალბულ,d d,D,GE,n,,,"ალაბულა, ჩალაბულა",dirt in liquid,"мусор, трава... в текучей воде","**ალბულ** *დ დ* ალაბულა, ჩალაბულა"
alzan1,ალზან1,j j,,,,,alzneⁿ,,,,**ალზან1** *ჲ ჲ* (ალზნეჼ) ალაზანი (ჰიდრონიმი)
altab,ალთაბ,j j,J,GE,n,,altbi; altbeⁿ,ალთაფა,copper ewer/jug,медный кувшин,"**ალთაბ** *ჲ ჲ* (ალთბი; ალთბეჼ) ალთაფა, სპილენძის ხელსაბანი ჭურჭელი ჩაიდნის ტიპისა"
"d-alinŏ, d-ajlnŏ","დ-ალინო̆, დ-აჲლნო̆",,,,,,,,,,"**დ-ალინო̆, დ-აჲლნო̆** მიმღ. *მკვდარი* შდრ. დ-ალარ1"
alisxeⁿ,ალისხეჼ,b d,B,GE,n,,alixsenbi; alisxeneⁿ,ალვის ხე,poplar,тополь,**ალისხეჼ** *ბ დ* (ალიხსენბი; ალისხენეჼ) ალვის ხე
ališ,ალიშ,,,,n,,,,hay,,**ალიშ** მრ. იხ. ჲოლ
almas,ალმას,d d,D,GE; RU,n,,almasi; almaseⁿ,ალმასი,diamond,алмаз,**ალმას**  *დ დ* (ალმასი; ალმასეჼ) ალმასი
alol,ალოლ,,,,,,,,,,**ალოლ** ჲ ბედნიერება
alubal,ალუბალ,b d,B,GE,n,,alubli; alubleⁿ,"ალუბალი (ხე, ნაყოფი)","sour cherry (tree, fruit)",вишня (плод и дерево),"**ალუბალ**  *ბ დ* (ალუბლი; ალუბლეჼ) ალუბალი (ხე, ნაყოფი)"
alču,ალჩუ,,,GE,n,,,ალჩუ,knucklebones (for game),восклицание во время игры в кости,"**ალჩუ** ალჩუ, გამარჯვების, წარმატების ნიშანი"
alčuqʼ,ალჩუყ,d d,D,GE,n,,alčqʼi; alčqʼeⁿ,"ალაჩოყი, კარავი","shelter, cover, tent","шалаш, юрта","**ალჩუყ** *დ დ* (ალჩყი; ალჩყეჼ) ალაჩოყი, კარავი"
alx,ალხ,j j,J,GE,n,,alxeⁿ,ალხი,half-starved horse,захудалая лошадь,"**ალხ** *ჲ ჲ* (ალხეჼ) ალხი, ნაზამთრალი, მჭლე პირუტყვი"
alxaʒur,ალხაძურ,,,,,,šipn.,,,,**ალხაძურ** არწივი (შიფნ.)
alŏ1,ალო̆1,j j,,,,,aluij; alujⁿ,,,,"**ალო̆1** *ჲ ჲ* (ალუიჲ; ალუჲჼ) ალო, დღიური ნახნავი"
alŏ2,ალო̆2,,,,,,,,,,**ალო̆2**ბედნიერი
amag,ამაგ,j,J,GE,n,,,ამაგი,"care, work on sb's behalf","забота, попечение",**ამაგ** *ჲ* ამაგი
ambuj,ამბუჲ,j,J,,n,,ambujⁿ,ამბები; საუბარი,"stories, speech","вести, известия, беседа","**ამბუჲ** *ჲ* (ამბუჲჼ) მრ. 1. ამბები, 2. რთული ფუძის ან შესიტყვების შემადგენელი ნაწილი **ამბუჲ თასარ** გრდმ. ცუდი ამბის დატრიალება, ცუდი რამის ჩადენა; **ამბუჲ ჲარ** გრდმ. საუბარი, ლაპარაკი, მოლაპარაკება; **ამბუჲ ჲითარ** გრდმ. აამბობინებს; **ამბოხ დ-ახარ** გრდუვ. *ამბებში წასვლა, მასლაათი, მუსაიფი;* **ამბუჲ ჲორიკ** ლაპარაკის მოყვარული; **ამბუჲ ჲუჲნი̆** მოლაპარაკე, მოუბარი"
amind,ამინდ,b d,B,GE,n,,aminduj; amindeⁿ,ამინდი,weather,погода,**ამინდ**  *ბ დ* (ამინდუჲ; ამინდეჼ)ამინდი
amindcʼina,ამინდწინა,d,,,,,,,,,**ამინდწინა** *დ* უამინდობა
amnat,ამნათ,d d,,,,,,,,,"**ამნათ** *დ დ* უცხოტომელი მოსამსახურე, მოჯამაგირე"
ampsoⁿ,ამფსოჼ,d d,D,GE,n,,ampsoni; ajmpsneⁿ,ამფსონი,"comrade, (drinking, eating) buddy","сотоварищ (за выпивкой, едой)",**ამფსოჼ** *დ დ* (ამფსონი; აჲმფსნეჼ) ამფსონი
amkar,ამქარ,j j,J,GE,n,,amk[a]ri; amkreⁿ,ამქარი,"worshop, guild",цех,**ამქარ** *ჲ ჲ* (ამქ[ა]რი; ამქრეჼ) ამქარი
aⁿ,აჼ,d d,D,,n,,aniⁿ,რევმატიზმით დახუთვა (დაიხუთება),"stiffness, rheumatism","колотье, ревматизм",**აჼ** *დ დ* (ანიჼ) რევმატიზმით დახუთვა (დაიხუთება)
anapor,ანაფორ,d d,D,GE,n,,anapori; an[a]poreⁿ,ანაფორა,"cassock, surplice",ряса,**ანაფორ** *დ დ* (ანაფორი; ან[ა]ფორეჼ) ანაფორა
anbani,ანბანი,,0d,GE,n,,,ანბანი,"alphabet, letters","азбука, букварь",**ანბანი** დ მრ. ანბანი
angloz,ანგლოზ,d d,D,GE,n,,anglozi; ajnglzeⁿ,ანგელოზი,angel,ангел,**ანგლოზ** *დ დ* (ანგლოზი; აჲნგლზეჼ)ანგელოზი
angriš,ანგრიშ,j j,J,GE,n,,ajngrši; ajngršeⁿ,ანგარიში,"bill, score, account",счет,**ანგრიშ** *ჲ ჲ* (აჲნგრში; აჲნგრშეჼ)ანგარიში
"angrišcʼiⁿ, ajngrešcʼiⁿ","ანგრიშწიჼ, აჲნგრეშწიჼ",,,,,,,,,,"**ანგრიშწიჼ, აჲნგრეშწიჼ** უანგარიშო[დ]"
and,ანდ,j,J,,n,,,იერი,"appearance, look","вид, облик",**ანდ** *ჲ* იერი
andaz,ანდაზ,j j,J,GE,n,,andzi; ajndzeⁿ,ანდაზა,"proverb, saying","пословица, поговорка",**ანდაზ** *ჲ ჲ* (ანდზი; აჲნდზეჼ) ანდაზა
anderʒ,ანდერძ,j j,J,GE,n,,anderʒi; anderʒeⁿ,ანდერძი,"will, testament",завещание,**ანდერძ** *ჲ ჲ* (ანდერძი; ანდერძეჼ)ანდერძი **ანდერძ ჲარ**ანდერძის აგება
andit,ანდით,,,GE,adv,,,ანდედ,at random,наугад,"**ანდით** ანდედ, გუმანით, ვარაუდით"
anteb,ანთებ,j j,J,GE,n,,,ანთება,inflammation,воспаление,**ანთებ** *ჲ ჲ* ანთება
anis,ანის,,,,interj,,,იმანო,,как его,**ანის** ჩართული სიტყვა „იმანო“
ankʼraɁŏ1,ანკრაჸო̆1,,,GE,a,,,ანკარა,"pure, clean","чистый, прозрачный",**ანკრაჸო̆1** ანკარა
ankʼraɁŏ2,ანკრაჸო̆2,b d,B,GE,n,,ankʼraɁuj; ankʼraɁujⁿ,ანკარა გველი,grass-snake,уж,**ანკრაჸო̆2** *ბ დ* (ანკრაჸუჲ; ანკრაჸუჲჼ) ანკარა გველი
ankʼraɁŏ3,ანკრაჸო̆3,j j,J,,n,,ankʼraɁuj; ankʼraɁujⁿ,შუშა,glass,стекло,**ანკრაჸო̆3** *ჲ ჲ* (ანკრაჸუჲ; ანკრაჸუჲჼ) შუშა
an-kari,ან-ქარი,d,,,,,an-kareⁿ,,,,**ან-ქარი** *დ* (ან-ქარეჼ) მრ. ჭვლები (ჭვლები და ქარები)
ancʼl,ანწლ,d d,D,GE,n,,ancʼli; ancʼleⁿ,ანწლი,danewort,вонючая бузина,**ანწლ** *დ დ* (ანწლი; ანწლეჼ) ანწლი
anhdar,ანჰდარ,,,,,,,,,,**ანჰდარ** გრდმ. კვნესა
apʼar1,აპარ1,,,,,,ipʼaravs,,,,**აპარ1** გრდმ. პარვა (იპარავს) სრ. დ-ეჰ’არ1
apʼar2,აპარ2,,,,,,[da]pkvavs,,,,**აპარ2** გრდმ. [და]ფქვა ([და]ფქვავს)
apʼelatʼ,აპელატ,d d,D,GE; RU; FR,n,,apʼeltʼi; apʼeltʼeⁿ,ეპოლეტი,épaulette,полет,**აპელატ** *დ დ* (აპელტი; აპელტეჼ) ეპოლეტი
apʼelsiⁿ,აპელსიჼ,d d,D,RU,n,,apʼelsini; ajpʼelsneⁿ,ფორთოხალი,orange,апельсин,**აპელსიჼ** *დ დ* (აპელსინი; აჲპელსნეჼ) ფორთოხალი
apʼqʼar,აპყარ,,,,vt,,arčʼobs,"შერჭობა (არჭობს), [და]რჭობა, დაცობა; [ამო]ჩრა","drive into, stick into",втыкать,"**აპყარ** გრდმ. შერჭობა (არჭობს), [და]რჭობა, დაცობა; [ამო]ჩრა სრ. დ-უყარ"
apʼqʼarbasiⁿ,აპყარბასიჼ,,,,,,,,,,**აპყარბასიჼ** ნაცრისფერი
apʼqʼajreⁿ,აპყაჲრეჼ,,,,,,,,,,**აპყაჲრეჼ** ნაცრიანი
apʼqʼajrĭ,აპყაჲრი̆,,,,n,,,ნაცრიანი,(covered) with ashes,с золой,**აპყაჲრი̆** მრ. იხ. ჲოპყ
d-ažar,დ-აჟარ,,,,vi,,ʒovs,ძოვა (ძოვს),graze,пастись,**დ-აჟარ** გრდუვ. ძოვა (ძოვს)
d-až-d-ar,დ-აჟ-დ-არ,,,,,,aʒovebs,,,,**დ-აჟ-დ-არ** გრდმ. ძოვება (აძოვებს)
d-ar,დ-არ,,,,vt,,šekmnis,ზმნისწინებთან,,,"**დ-არ** გრდმ. 1. შექმნა (შექმნის), კეთება 2. შობა 3. ქსოვა 4. ზმნისწინებთან 5. რთული ფუძის ან შესიტყვების შემადგენელი ნაწილი; აწარმოებს გარდამავალი შინაარსის მქონე ზმნას"
araqʼ,არაყ,d d,D,GE; Turk.,n,,arqʼeⁿ,არაყი,vodka,водка,**არაყ** *დ დ* (არყეჼ) არაყი
arz,არზ,d d,D,GE,n,,arzi; arzeⁿ,არზა,written complaint,пошение,**არზ** *დ დ* (არზი; არზეჼ)არზა
arkʼeⁿ,არკეჼ,,,,a,,,მკვახე,"unripe, crude","неспелый, незрелый",**არკეჼ** მკვახე
arkʼum,არკუმ,b d,B,,n,,ajrkʼmeⁿ,მხალი,mkhali,мхали (овощное блюдо),**არკუმ** *ბ დ* (აჲრკმეჼ) მხალი
d-arlar,დ-არლარ,,,,vt,,tlis,[გა]თლა (თლის) ჩათლა,"cut, carve","тесать, обтесать, вытесать, отстрогать","**დ-არლარ** გრდმ. [გა]თლა (თლის), ჩათლა"
arlar,არლარ,,,,vt,,lecʼavs,ლეწვა (ლეწავს),"thresh; smash, thrash",молотить,**არლარ** გრდმ. ლეწვა (ლეწავს)
arlex,არლეხ,,,,,,,,,,**არლეხ** მარცხნივ
arlitar,არლითარ,,,,,,,,,,**არლითარ** გრდმ. გალეწვინება
arliⁿ,არლიჼ,,,,a,,,მარცხენ,left,левый,**არლიჼ** მარცხენა
arlinŏ,არლინო̆,,,,,,,,,,**არლინო̆** მიმღ. გალეწილი
arlujla,არლუჲლა,,,,,,,,,,"**არლუჲლა** 1. ლეწვის ადგილი; ლეწვა 2. ლეწვის დრო, კალოობა"
arlujnĭ,არლუჲნი̆,,,,,,,,,,**არლუჲნი̆** მიმღ. 1 [გა]სალეწი 2. მლეწავი
arlcʼiⁿ,არლწიჼ,,,,,,,,,,"**არლწიჼ** გაულეწავი, გაულეწავად"
armob,არმობ,d d,D,GE,n,,,არმობა,meanness,подлость,**არმობ** *დ დ* არმობა
d-aržar,დ-არჟარ,,,,vi,,gaišleba,გაშლა (გაიშლება),"be spread, be set, open up","распуститься, распусткатся",**დ-არჟარ** გრდუვ. გაშლა (გაიშლება)
d-arž-d-alar,დ-არჟ-დ-ალარ,,,,,,[ga]išleba,,,,**დ-არჟ-დ-ალარ** გრდუვ. გაშლა ([გა]იშლება)
d-arž-d-ar,დ-არჟ-დ-არ,,,,,,[ga]šlis,,,,**დ-არჟ-დ-არ** გრდმ. [გა]შლა ([გა]შლის)
d-arstʼ-d-ar,დ-არსტ-დ-არ,,,,vt,,[ga]asukebs,გასუქება ([გა]სუქებს),"make fat, fatten","откормить, откармливать",**დ-არსტ-დ-არ** გრდმ. გასუქება ([გა]ასუქებს)
d-arstʼeⁿ,დ-არსტეჼ,,,,,,ekspʼ.,,,,**დ-არსტეჼ** მსუქანი *(ექსპ.)*
d-arstʼol,დ-არსტოლ,d,,,,,,,,,**დ-არსტოლ** *დ* სიმსუქნე
artʼax,არტახ,d d,D,GE,n,,artʼxi,არტახი,"splint, bandage",свивальник,**არტახ** *დ დ* (არტხი) არტახი
arğa ixar,არღა იხარ,,,,,,štʼerdeba,,,,**არღა იხარ** გრდუვ. გაშტერება (შტერდება)სრ. არღადალ’არ
arğa: arğa-d-aɬar,არღა: არღა-დ-ალ’არ,,,,,,gaštʼerdeba,,,,**არღა: არღა-დ-ალ’არ** გრდუვ. გაშტერება (გაშტერდება) გაოცება უსრ. არღაიხარ
aršiⁿ,არშიჼ,d d,D,GE; RU,n,,ajršneⁿ,არშინი,arshin (71 cm),аршин,**არშიჼ** *დ დ* არშინი (აჲრშნეჼ)
"d-arcʼan-d-ar, d-arcʼ-d-ar","დ-არწან-დ-არ, დ-არწ-დ-არ",,,,,,[ga]ašišvlebs,,,,"**დ-არწან-დ-არ, დ-არწ-დ-არ** გრდმ. გაშიშვლება ([გა]აშიშვლებს), [გა]ტიტვლება **არწ-დ-ალარ** გრდუვ. გატიტვლება ([გა]ტიტვლდება)"
arcʼarat,არწარათ,,,,,,,,,,**არწარათ** ზმნს. წარამარა
arcʼiv,არწივ,d d,D,GE,n,,arcʼivi; ajrcʼveⁿ,არწივი,eagle,орел,**არწივ** *დ დ* (არწივი; აჲრწვეჼ)არწივი
d-arcʼinŏ,დ-არწინო̆,,,,ptcp,,,შიშველი; უბელი,naked,голый; неоседланный,**დ-არწინო̆** 1. შიშველი 2. უბელო
arx,არხ,j j,J,GE,n,,arxi; arxeⁿ,არხი,"canal, ditch",канава,**არხ** *ჲ ჲ* (არხი; არხეჼ) არხი
arxlov,არხლოვ,v b; j d,,,,,arxloveⁿ,,,,**არხლოვ** *ვ ბ; ჲ დ* (არხლოვეჼ) ცაცია
arǯkʼel,არჯკელ,,B,GE,n,,,არჯაკელი,vetchling,чина розовая,**არჯკელ** ბ არჯაკელი
as,ას,,,,pro pers,,,,I (erg.),,**ას** ერგატივი იხ. სო
asar,ასარ,,,,vt,,[ga]seravs,"[გა]სერვა ([გა]სერავს), ცრა, ნესტარით ([გა]სერავს), ცრა, ნესტარით ჭრა","cut, incise","насекать, насечь ланцетом","**ასარ** გრდმ. [გა]სერვა ([გა]სერავს), ცრა, ნესტარით (გასერავს), ცრა, ნესტარით ჭრა"
asaɁŏ,ასაჸო̆,,D,,n,,asaɁuj; asaɁujⁿ,დეკეული,heifer,"телка, нетель",**ასაჸო̆** დ დ (ასაჸუჲ; ასაჸუჲჼ) დეკეული
d-as-d-ar,დ-ას-დ-არ,,,,,,daclis,,,,"**დ-ას-დ-არ** გრდმ. დაცლა (დაცლის), გამოცლა"
d-as-d-ujnĭ,დ-ას-დ-უჲნი̆,,,,,,,,,,**დ-ას-დ-უჲნი̆** მიმღ. დასაცლელი
d-aseⁿ,დ-ასეჼ,,,,a,,,ცარიელი,empty,пустой,**დ-ასეჼ** ცარიელი
asereⁿ,ასერეჼ,,,,,,,,,,**ასერეჼ** ხბოიანი
d-astʼar,დ-ასტარ,,,,vt,,[a]xsnis,"ახსნა ([ა]ხსნის), გახსნა; კუჭში გახსნა (გახსნის); გამოხსნა, დახსნა","untie, unfasten; have diarrhoea;  rescue, release","отвязать, отвязывать, развязать; расстроиться (о желудке); выручать, избавить","**დ-ასტარ** გრდმ. 1. ახსნა ([ა]ხსნის), გახსნა 2. კუჭში გახსნა (გახსნის)3. გამოხსნა, დახსნა"
astʼ-d-ujnĭ,ასტ-დ-უჲნი̆,,,,,,,,,,დ-**ასტ-დ-უჲნი̆** მიმღ. მოსაშორებელი
astʼiⁿ,ასტიჼ,j j,J,,n,,ajstʼni; ajstʼneⁿ,ხელეჩო,small adze,вексель,**ასტიჼ** *ჲ ჲ* (აჲსტნი; აჲსტნეჼ) ხელეჩო
d-astʼinŏ,დ-ასტინო̆,,,,,,,,,,"**დ-ასტინო̆** მიმღ. გახსნილი, გარღვეული, დარღვეული"
asŏ1,ასო̆1,j j,J,,n,,asuj; asujⁿ,თასმა,leather strap,ремень,**ასო̆1** *ჲ ჲ* (ასუჲ; ასუჲჼ) ქალამნების ამოსასხმელი თასმა
asŏ2,ასო̆2,j j,J,,n,,asuj; asujⁿ,ასო (სხეულის ნაწილი),body part,член (тела),**ასო̆2** *ჲ ჲ* (ასუჲ; ასუჲჼ) ასო (სხეულის ნაწილი)
asŏ3,ასო̆3,j j,,,,,asuj; asujⁿ,,,,"**ასო̆3** *ჲ ჲ* (ასუჲ; ასუჲჼ) ასო, გრაფემა"
atʼam,ატამ,d d,D,GE,n,,"atʼmi, atʼmeⁿ",ატამი,peach,персик (плод и дерево),"**ატამ** *დ დ* (ატმი, ატმეჼ) ატამი"
atʼar,ატარ,,,,vi,,gačumdeba,გაჩუმება (გაჩუმდება),"calm down, become silent",замолчать,**ატარ** გრდუვ. გაჩუმება (გაჩუმდება)
d-atʼar1,დ-ატარ1,,,,vi,,gaikceva,გაქცევა (გაიქცევა),run off,убежать,**დ-ატარ1** გრდუვ. გაქცევა (გაიქცევა)
d-atʼar2,დ-ატარ2,,,,vi,,gaskʼdeba,"გასკდომა (გასკდება), ამოხეთქა","break, burst, crack","лопнуть, треснуть","**დ-ატარ2**  გრდუვ. გასკდომა (გასკდება), ამოხეთქა *უსრ. ეტარ*"
d-atʼar3,დ-ატარ3,,,,vi,,qʼria,ყრა (ყრია),"lie about, lie scattered",валяться,**დ-ატარ3**გრდუვ. ყრა (ყრია)
atʼatʼinŏ,ატატინო̆,,,,,,,,,,"**ატატინო̆** მიმღ. ქვეშქვეშა, ჩუმჩუმელა, ჩუმჩუმად"
atʼ-d-ar,ატ-დ-არ,,,,,,[ga]ačumebs,,,,**ატ-დ-არ** გრდმ. გაჩუმება ([გა]აჩუმებს)
d-atʼ-d-ar1,დ-ატ-დ-არ1,,,,vt,,[ga]akcevs,გაქცევა ([გა]აქცევს),make sb run away; rush away,"заставить бежать, убежать",**დ-ატ-დ-არ1**  გრდმ. გაქცევა ([გა]აქცევს)
d-atʼ-d-ar2,დ-ატ-დ-არ2,,,,vt,,gaxetks,გახეთქა (გახეთქს),"split, cleave, break open","расколоть, расщепить, разорвать, разодрать","**დ-ატ-დ-არ2**გრდმ. გახეთქა (გახეთქს), ჩახეთქა; გაპობა; გახევა, ჩახევა"
d-atʼ-dujnĭ,დ-ატ-დუჲნი̆,,,,,,,,,,**დ-ატ-დუჲნი̆** მიმღ. მოსატაცებელი
atʼinŏ d-ʕiɁar,ატინო̆ დ-ჵიჸარ,,,,,,,,,,"**ატინო̆ დ-ჵიჸარ** გაჩუმება, ჩუმად ყოფნა"
atʼinŏ,ატინო̆,,,,,,,,,,"**ატინო̆** მიმღ. გაჩუმებული, წყნარი, ჩუმი"
atʼiš,ატიშ,,,,,,,,,,**ატიშ** ზმნს. ჩუმად
atʼlaiⁿ,ატლაიჼ,,,,,,šipn.,,,,**ატლაიჼ** საიდუმლო *(შიფნ.)*
atʼlas,ატლას,d d,D,GE; RU,n,,atʼlasi; atʼlaseⁿ,ატლასი,satin,атлас (шелковая материя),**ატლას** *დ დ* (ატლასი; ატლასეჼ)ატლასი
atʼol,ატოლ,j,,,,,,,,,**ატოლ** *ჲ* სიჩუმე
atʼtʼaⁿ,ატტაჼ,,,,a,,,"ადვილი, მარჯვე","easy, simple","нетрудный, легкий, удобный","**ატტაჼ** ადვილი, მარჯვე"
atʼtʼankʼ,ატტანკ,,,,,,,,,,**ატტანკ** საკმაოდ ადვილი *გაკეთება.*
atʼtʼaxučʼ,ატტახუჭ,,,,,,,,,,"**ატტახუჭ** უადვილესი, მეტად ადვილი"
atʼtʼex,ატტეხ,,,,,,,,,,**ატტეხ** მარჯვნივ
atʼtʼiv,ატტივ,j,J,,n,,,ბედი,"luck, fate","судьба, счастье",**ატტივ** *ჲ* ბედი*.*
atʼtʼivcʼol,ატტივწოლ,,,,,,,,,,**ატტივწოლ** უიღბლობა
atʼtʼitar,ატტითარ,,,,vt,,,ღებინება,vomit,вырвать,**ატტითარ** გრდმ. ღებინება უსრ. ეტტითარ
atʼtʼiⁿ,ატტიჼ,,,,a,,,მარჯვენა,right,правый,**ატტიჼ** მარჯვენა
atʼtʼna,ატტნა,d,,,,,,,,,**ატტნა** *დ* ადვილი (სიადვილე)
atʼqʼ,ატყ,d d,D,,n,,atʼqʼi; atʼqʼeⁿ,მშვილდი,bow (archery),лук,**ატყ** *დ დ* (ატყი; ატყეჼ) მშვილდი
atʼqʼar,ატყარ,,,,,,elavs,,,,"**ატყარ** გრდუვ. ელვა (ელავს), ტეხვა (ტეხვა აქვს)"
atʼqʼ-cʼaki,ატყ-წაქი,,0d,,n,,,მშვილდ-ისარი,bow and arrow,лук и стелы,**ატყ-წაქი** მშვილდ-ისარი
atʼxalar,ატხალარ,,,,vi,,"čačumdeba, gačumeb-gakroba","ჩაჩუმება (ჩაჩუმდება, გაჩუმებ-გაქრობა)","calm down, die out",замолкнуть,"**ატხალარ** გრდუვ. ჩაჩუმება (ჩაჩუმდება, გაჩუმებ-გაქრობა)"
atʼxal-d-ar,ატხალ-დ-არ,,,,,,čaačumebs,,,,**ატხალ-დ-არ** გრდმ. ჩაჩუმება (ჩააჩუმებს) დაწყნარება (დააწყნარებს)
auz,აუზ,b d,B,GE,n,,avzi; avzeⁿ,აუზი,basin,бассейн,**აუზ** *ბ დ* (ავზი; ავზეჼ) აუზი
auħ: auħaɬar,აუჰ’: აუჰ’ალ’არ,,,,,,xvelis tkma,,,,"**აუჰ’: აუჰ’ალ’არ** გრდმ. დახველება, ჩახველება (ხველის თქმა)"
auħdar,აუჰ’დარ,,,,,,axvelebs,,,,**აუჰ’დარ** გრდმ. ხველება (ახველებს)
auħditar,აუჰ’დითარ,,,,,,,,,,**აუჰ’დითარ** გრდმ. ხველებ[ინებ]ა
ap-d-alar,აფ-დ-ალარ,,,,,,[ga]mcʼvandeba,,,,**აფ-დ-ალარ** გრდუვ. გამწვანება ([გა]მწვანდება); მწვანედ შეღებვა ([შე]იღებება)
ap-d-ar,აფ-დ-არ,,,,,,[ga]amcʼvanebs,,,,**აფ-დ-არ** გრდმ. გამწვანება ([გა]ამწვანებს) მწვანედ [შე]ღებვა
apeⁿ,აფეჼ,,,,a,,balaxze ar itkmis,მწვანე (ბალახზე არ ითქმის),green (but not grass),зелёный (кроме травы),**აფეჼ** მწვანე (ბალახზე არ ითქმის)
aptar,აფთარ,d d,D,GE,n,,aptri; ajptreⁿ,აფთარი,hyena,гиена,**აფთარ** *დ დ* (აფთრი; აჲფთრეჼ) აფთარი
aptiekʼa,აფთიეკა,j j,J,RU,n,,aptkʼi; aptekʼeⁿ,აფთიაქი,"apothecary, drug store",аптека,**აფთიეკა** *ჲ ჲ* (აფთკი; აფთეკეჼ) აფთიაქი
apicer,აფიცერ,v b,M,RU,n,,apicri; apicreⁿ,ოფიცერი,officer,офицер,**აფიცერ** *ვ ბ* (აფიცრი; აფიცრეჼ) ოფიცერი
apna,აფნა,d d,,,,,,,,,**აფნა** *დ დ* სიმწვანე
apuš,აფუშ,b d,B,,n,,ajpši; ajpšeⁿ,"ტყუილი, სიცრუე","lie, deception","ложь, обман","**აფუშ** *ბ დ* (აჲფში; აჲფშეჼ)ტყუილი, სიცრუე"
apušlikʼaɁ,აფუშლიკაჸ,v b j d,,,,,,,,,**აფუშლიკაჸ** *ვ ბ ჲ დ* მატყუარა
apšar,აფშარ,,,,vt,,ğečʼavs,ღეჭვა (ღეჭავს),chew on,жевать,**აფშარ** გრდმ. ღეჭვა (ღეჭავს)
apšrul,აფშრულ,d,D,GE,n,,apšruleⁿ,აბრეშუმი,silk,шелк,**აფშრულ** *დ* (აფშრულეჼ) აბრეშუმი
d-apxar1 grdm.,დ-აფხარ1 გრდმ.,,,,,,ixdis,,,,**დ-აფხარ1 გრდმ.** 1. გახდა *(იხდის)* 2. გატყავება (პირუტყვისა)
d-apxar2,დ-აფხარ2,,,,vi stat,,,აცვია,wear,надето,**დ-აფხარ2** გრდუვ. სტატ. დ-ოუ̆ფხუ̆ აცვია
d-apx-d-alar,დ-აფხ-დ-ალარ,,,,,,[ga]ixdis,,,,**დ-აფხ-დ-ალარ** გრდუვ. [გა]ხდა ([გა]იხდის) [გა]ხდა ([გა]იხდის)
d-apx-d-ar,დ-აფხ-დ-არ,,,,,,gaxdis,,,,**დ-აფხ-დ-არ** გრდმ. გახდა (გახდის);უსრ. დ-ეფხ-დ-არ.
apxekʼa-d-ar,აფხეკა-დ-არ,,,,,,apxekʼs,,,,**აფხეკა-დ-არ** გრდმ. აფხეკა (აფხეკს)
d-apxeⁿ,დ-აფხეჼ,,,,a,,,ცხელი,hot,горячий,**დ-აფხეჼ** ცხელი
d-apxitar,დ-აფხითარ,,,,,,gaaxdevinebs,,,,**დ-აფხითარ** გრდმ. გახდევინება (გაახდევინებს)
d-apxinŏ1,დ-აფხინო̆1,,,,,,"is, rac gaixades",,,,"**დ-აფხინო̆1** მიმღ. გადახდილი (ის, რაც გაიხადეს)"
d-apxinŏ2,დ-აფხინო̆2,,,,,,,,,,**დ-აფხინო̆2**მიმღ. ნაცვამი
d-apxsapxeⁿ,დ-აფხსაფხეჼ,,,,,,,,,,"**დ-აფხსაფხეჼ** ოდნავ თბილი, ნელთბილი"
aka,აქა,j,,,,,,,,,**აქა** *ჲ* ზედაპირი
akandaz,აქანდაზ,d d,D,GE,n,,akandazi,აქანდაზი,"dust-pan, scoop",совок,**აქანდაზ** *დ დ* (აქანდაზი) აქანდაზი
akaħ,აქაჰ’,,,,,,,,,,"**აქაჰ’** ზმნს. ზედ, ზევით"
akim,აქიმ,v b; j d,M/F,GE; Arab.,n,,"ajkmi, ajkmeⁿ",ექიმი,doctor,врач,"**აქიმ** *ვ ბ; ჲ დ* (აჲქმი, აჲქმეჼ) ექიმიიხ. დოხტურ."
aklam,აქლამ,d d,B,GE,n,,aklmi; ajklmeⁿ,აქლემი,camel,верблюд,**აქლამ** *დ დ* (აქლმი; აჲქლმეჼ) აქლემი
akliba-d-ar,აქლიბა-დ-არ,,,,,,,,,,**აქლიბა-დ-არ**  გრდმ. [გა]ქლიბვა
ağaz:,აღაზ:,,,,,,argia,,,,"**აღაზ:** აღაზ დ-ა მორგებულია, მორგებული აქვს (არგია)"
ağaz-d-ar,აღაზ-დ-არ,,,,,,moargebs,,,,**აღაზ-დ-არ** გრდმ. მორგება (მოარგებს); სარგებლობა (ასარგებლებს)
"ağaz-d-ajnĭ, ağaz-d-ujnĭ","აღაზ-დ-აჲნი̆, აღაზ-დ-უჲნი̆",,,,,,,,,,"**აღაზ-დ-აჲნი̆, აღაზ-დ-უჲნი̆** მიმღ. სახმარად გამოსაყენებელი, გამოსადეგი"
ağazxiɬar,აღაზხილ’არ,,,,,,gamoiqʼeneba,,,,**აღაზხილ’არ** გრდუვ. გამოყენება (გამოიყენება); გამოდგომა;
d-ağar,დ-აღარ,,,,vi,,[mo]dis,მოსვლა (მოდის),come,приходить,**დ-აღარ** გრდუვ. [მო]სვლა ([მო]დის) სრ. დაჸარ
ağeb,აღებ,d d,D,GE,n,,niqʼbi; ağbeⁿ,აღება (დიდი მარხვის წინა დღეები),Shrovetide (last days before lent),загованье,**აღებ** *დ დ* (ნიყბი; აღბეჼ)აღება (დიდი მარხვის წინა დღეები)
ağvze,აღვზე,,,,,,šipn.,,,,"**აღვზე** სასარგებლო, კარგი *(შიფნ.)*"
aqʼalmaqʼal,აყალმაყალ,j,J,GE,n,,,აყალმაყალი,quarrel,"шум-гам, гвалм, дебош, скандал",**აყალმაყალ** *ჲ* აყალმაყალი
aqʼalŏ,აყალო̆,j,J,,n,,,აყალო (მიწა),alum earth,глинозем,**აყალო̆** *ჲ* აყალო (მიწა)
aqʼajrĭ,აყაჲრი̆,,,,n,,,,,,**აყაჲრი̆** მრ. იხ. *ჲუყ*
aqʼar,აყარ,,,,vt,,,გაყოფა (ყოფს),divide,делить,**აყარ** გრდმ. გაყოფა *სრ. დ-ეყარ*
d-aqʼar1,დ-აყარ1,,,,vt,,čʼams,ჭამა (ჭამს),eat,кушать,**დ-აყარ1** გრდმ. ჭამა (ჭამს)სრ. ჴალლარ1
d-aqʼar2,დ-აყარ2,,,,vi,,"nağvlobs, dardobs**",,be annoying,,"**დ-აყარ2**გრდმ. ნაღვლობა, დარდობა (ნაღვლობს, დარდობს**)**"
d-aqʼ-d-ar,დ-აყ-დ-არ,,,,,,[ga]axmobs,,,,**დ-აყ-დ-არ**გრდმ. [გა]ხმობა ([გა]ახმობს)
"d-aqʼ-dajlnŏ, d-aqʼ-d-alinŏ","დ-აყ-დაჲლნო̆, დ-აყ-დ-ალინო̆",,,,,,,,,,"**დ-აყ-დაჲლნო̆, დ-აყ-დ-ალინო̆** მიმღ. გამხმარი"
aqʼr[ĕ],აყრ[ე̆],,,,,,,,,,**აყრ[ე̆]** გულაღმა
aqʼrad-d-ar,აყრად-დ-არ,,,GE,vt,,[a]qʼris,აყრა ([ა]ყრის),"take down, dismantle","разобрать, разбирать (пол...), снять, снимать лагерь",**აყრად-დ-არ** გრდმ. აყრა ([ა]ყრის)
aqʼr-d-otʼar,აყრ-დ-ოტარ,,,,,,,,,,**აყრ-დ-ოტარ** გრდუვ. გადაზნექა
d-ašar,დ-აშარ,,,,vi,,[ga]dneba,[გა]დნობა ([გა]დნება),"melt, thaw",(рас)таять,**დ-აშარ** გრდუვ. [გა]დნობა ([გა]დნება)
ašajri,აშაჲრი,,,,,,,,,,**აშაჲრი** მრ. იშ
d-aš-d-ar,დ-აშ-დ-არ,,,,,,[ga]adnobs,,,,"**დ-აშ-დ-არ** გრდმ. 1. [გა]დნობა ([გა]ადნობს), გადადნობა, [ჩა]დნობა2. დალბობა"
d-ašinŏ1,დ-აშინო̆1,,,,,,,,,,"**დ-აშინო̆1** მიმღ. გამდნარი, დამდნარი"
d-ašinŏ2,დ-აშინო̆2,,,,,,,,,,"**დ-აშინო̆2**  მიმღ. გადაპარსული, გაპარსული"
aširliⁿ,აშირლიჼ,,,,,,,,,,"**აშირლიჼ** ხმიანი, მაღალხმიანი"
aškʼar,აშკარ,,,GE,a,,,"აშკარა, ცხადი","clear, obvious","явный, ясный","**აშკარ** აშკარა, ცხადი **აშკრათ** ზმნს. აშკარად"
ašupʼad-d-alar,აშუპად-დ-ალარ,,,GE,vt,,šešupʼdeba,შეშუპება (შეშუპდება),swell,вспухнуть,**აშუპად-დ-ალარ** გრდმ. შეშუპება (შეშუპდება)
ašuğ,აშუღ,v b,M,Arab.; Arm.; GE; RU; Turk.,n,,aš[u]ği; ajšğeⁿ,აშუღი,"ashugh, minstrel",ашуг,**აშუღ** *ვ ბ* (აშ[უ]ღი; აჲშღეჼ) აშუღი
ašxamad-d-ar,აშხამად-დ-არ,,,GE,vt,,amoašxamebs,ამოშხამება (ამოაშხამებს),"mar, spoil, damage",отравить (кому-нибудь что-нибудь),**აშხამად-დ-არ** გრდმ. ამოშხამება (ამოაშხამებს)
ačar,აჩარ,,,,vt,,,"მიტყეპა, მიბეგვა",beat up,"побить, приколотить","**აჩარ** გრდმ. მიტყეპა, მიბეგვა"
d-ačkʼar-d-alar,დ-აჩკარ-დ-ალარ,,,,vi,,[da]člungdeba,დაჩლუნგება ([და]ჩლუნგდება),become blunt,"притупиться, тупиться",**დ-აჩკარ-დ-ალარ** გრდუვ. დაჩლუნგება ([და]ჩლუნგდება)
d-ačkʼar-d-ar,დ-აჩკარ-დ-არ,,,,vt,,[da]ačlungebs,[და]ჩლუნგება ([და]აჩლუნგებს),make blunt,"притупить, тупить",**დ-აჩკარ-დ-არ** გრდმ. [და]ჩლუნგება ([და]აჩლუნგებს)
d-acar,დ-აცარ,,,,vt,,[ga]tibavs,თიბვა ([გა]თიბვა),mow (hay),(с)косить,**დ-აცარ** გრდმ. თიბვა ([გა]თიბავს)
d-ac-d-ar,დ-აც-დ-არ,,,,,,[da]amokʼlebs,,,,**დ-აც-დ-არ** გრდმ. დამოკლება ([და]ამოკლებს)
d-acitar,დ-აცითარ,,,,,,,,,,**დ-აცითარ** გრდმ. [გა]თიბვინება
d-acinŏ,დ-აცინო̆,,,,,,,,,,**დ-აცინო̆** მიმღ. გათიბული
d-acujnĭ,დ-აცუჲნი̆,,,,,,,,,,**დ-აცუჲნი̆** მიმღ. 1. სათიბი 2. მთიბავი
aʒulbad-d-ar,აძულბად-დ-არ,,,GE,vt,,šeiʒulebs,შეძულება (შეიძულებს),start to hate,возненавидеть,**აძულბად-დ-არ** გრდმ. შეძულება (შეიძულებს)
d-acʼ-d-ar,დ-აწ-დ-არ,,,,,,[da]amʒimebs,,,,**დ-აწ-დ-არ** გრდმ. დამძიმება ([და]ამძიმებს)
acʼerad-d-ar,აწერად-დ-არ,,,GE,vt,,,აღწერა,list,описать,**აწერად-დ-არ** გრდმ. აღწერა
acʼecʼad-d-alar,აწეწად-დ-ალარ,,,GE,vi,,aicʼecʼeba,"აწეწა (აიწეწება), აბურდვა, აძენძა",be tangled,"растерпаться, перепутаться, вхлохматиться","**აწეწად-დ-ალარ** გრდუვ. აწეწა (აიწეწება), აბურდვა, აძენძა"
acʼecʼad-d-ar,აწეწად-დ-არ,,,GE,vt,,,"აწეწა, აძენძა, აბურდავა","tangle, dishevel","растрепать, перепутать, взлохматить","**აწეწად-დ-არ** გრდმ. აწეწა, აძენძა, აბურდვა უსრ. წეწად-[დ]არ"
d-acʼiⁿ,დ-აწიჼ,,,,a,,,მძიმე,heavy,тяжелый,**დ-აწიჼ** მძიმე
d-acʼičmaxiⁿ,დ-აწიჩმახიჼ,,,,,,mʒime pasisa,,,,"**დ-აწიჩმახიჼ** ძვირი, ძვირფასი (მძიმე ფასისა) იხ. დ-აწიჼ"
d-ačʼar,დ-აჭარ,,,,vt,,ğrğnis,ღრღნა (ღრღნის),gnaw,грызть,**დ-აჭარ** გრდმ. ღრღნა (ღრღნის)
ax1,ახ1,,,,n,,,ნახევარი,half,половина,**ახ1** ნახევარი*.* **ახ ჵამურ** *შუაღამე.*
ax2,ახ2,,,GE,interj,,,ახი,rightly so,под глом,**ახ2** ახი
axaltesl,ახალთესლ,d d,D,GE,n,,,ახალთესლი,spring-sown cereals,пшеница яровая,**ახალთესლ** *დ დ* ახალთესლი
axar1,ახარ1,,,,vt,,,[მო]ხვნა,plough,"пахать, вспахать",**ახარ1** გრდმ. [მო]ხვნა
d-axar1,დ-ახარ1,,,,vi,,cʼava,წასვლა (წავა),go,уйти,**დ-ახარ1** გრდუვ. წასვლა (წავა)
axar2,ახარ2,,D,,vt,vi,qʼeps,,,,**ახარ2** 1. გრდუვ. ყეფა (ყეფს)2. დ ყეფა
d-axar2,დ-ახარ2,,,,vi,,[da]tvreba,[და]თრობა ([და]თვრება),get drunk,"опьянеть, пьянеть",**დ-ახარ2** გრდუვ. [და]თრობა ([და]თვრება)
axar3,ახარ3,,,,a,,,ბერწი,"barren, infertile","бесплодный, яловый",**ახარ3**ბერწი
ax-ax,ახ-ახ,,,,,,,,,,**ახ-ახ** ნახევარ-ნახევარი
ax-d-alar1,ახ-დ-ალარ1,,,,,,motʼqʼuvdeba,,,,**ახ-დ-ალარ1** გრდუვ. მოტყუება (მოტყუვდება)
ax-d-alar2,ახ-დ-ალარ2,,,,,,ganaxevrdeba,,,,**ახ-დ-ალარ2** გრდუვ. განახევრება (განახევრდება)
ax-d-ar1,ახ-დ-არ1,,,,,,aqʼepebs,,,,**ახ-დ-არ1** გრდმ. აყეფება (აყეფებს)
ax-d-ar2,ახ-დ-არ2,,,,,,gaanaxevrebs,,,,**ახ-დ-არ2** გრდმ. განახევრება (გაანახევრებს)
ax-d-ar3,ახ-დ-არ3,,,,,,moatʼqʼuebs,,,,**ახ-დ-არ3**გრდუვ. მოტყუება (მოატყუებს); მიტყუება
"ax-d-ajlnŏ, ax-d-alinŏ","ახ-დ-აჲლნო̆, ახ-დ-ალინო̆",,,,,,,,,,"**ახ-დ-აჲლნო̆, ახ-დ-ალინო̆** მიმღ. მოტყუებული"
axdivujnĭ,ახდივუჲნი̆,,,,,,,,,,**ახდივუჲნი̆** მხვნელ - მთესველი
ax-d-orikʼ,ახ-დ-ორიკ,,,,,,,,,,**ახ-დ-ორიკ** მატყუარა
d-axitar,დ-ახითარ,,,,,,[ga]ušvebs,,,,**დ-ახითარ** - გრდმ. 1. გაშვება *([გა]უშვებს)*
d-axinŏ1,დ-ახინო̆1,,,,,,araqʼi,,,,**დ-ახინო̆1** მიმღ. ნახადი (არაყი)
d-axinŏ2,დ-ახინო̆2,,,,,,,,,,**დ-ახინო̆2** მიმღ. ნაცხოვრები
axkʼar 2,ახკარ 2,,,,,,abia,,,,**ახკარ 2** გრდუვ. სტატ. ბმა (აბია)
d-axkʼar,დ-ახკარ,,,,vi,,,,pl,,**დ-ახკარ** გრდუვ. მოსვლა
axkʼar1,ახკარ1,,,,,,abams,,,,**ახკარ1** გრდმ. დაბმა (აბამს) [შეკვრა]სრ. დ-ეხკარ1
axkʼar3,ახკარ3,,,,vt,,txris,თხრა (თხრის),dig,"копать, долбить",**ახკარ3** გრდმ. თხრა (თხრის) უსრ. ეხკარ
axkʼajrĭ,ახკაჲრი̆,,,,n,,,,,,**ახკაჲრი̆** მრ. იხ. ჲეხკ
d-axkʼ-d-alar,დ-ახკ-დ-ალარ,,,,vi,,dalpʼeba,დალპობა (დალპება),rot,сгнить,**დ-ახკ-დ-ალარ** გრდუვ. დალპობა (დალპება)
axkʼ-d-alar,ახკ-დ-ალარ,,,,,,ebmeba,,,,**ახკ-დ-ალარ** გრდუვ. მიბმა (ებმება) სრ. დ-ეხკ-დ-ალარ
"d-axkʼ-d-alinŏ, d-axkʼ-d-ajlnŏ","დ-ახკ-დ-ალინო̆, დ-ახკ-დ-აჲლნო̆",,,,,,,,,,"**დ-ახკ-დ-ალინო̆, დ-ახკ-დ-აჲლნო̆** მიმღ. დამპალი"
d-axkʼ-d-ar1,დ-ახკ-დ-არ1,,,,,,[da]alpʼobs,,,,"**დ-ახკ-დ-არ1** გრდმ. [და]ლპობა ([და]ალპობს), ჩალპობა"
d-axkʼ-d-ar2,დ-ახკ-დ-არ2,,,,vt,,morekʼavs,,pl,,**დ-ახკ-დ-არ2** გრდმ. მორეკვა (მორეკავს)
d-axkʼ-d-ujni,დ-ახკ-დ-უჲნი,,,,,,,,,,"**დ-ახკ-დ-უჲნი** მიმღ. მომყვანი, მომრეკი"
axkʼtuj,ახკთუჲ,,0d,,n,,,ნახველი,pleghm,"харкотина, мокрота",**ახკთუჲ** დ ნახველი
axkʼujla,ახკუჲლა,,,,,,,,,,**ახკუჲლა** დასაბმელი ადგილი
axkʼujnĭ,ახკუჲნი̆,,,,,,,,,,**ახკუჲნი̆** მიმღ. დაბმული
axlajnĭ,ახლაჲნი̆,,,,,,,,,,**ახლაჲნი̆** მიმღ. მოსახნავი
axlev-d-ar,ახლევ-დ-არ,,,,,,,,,,"**ახლევ-დ-არ** გდრმ. მოტყუება, გაბრიყვება; გამოტყუება, ტყუილებით შეყოლიება"
axlex,ახლეხ,,,,,,,,,,**ახლეხ** სანახევროდ
d-axrikʼ[aɁ],დ-ახრიკ[აჸ],,,,,,,,,,"**დ-ახრიკ[აჸ]** ლოთი, მსმელი"
"axrob, axrub","ახრობ, ახრუბ",b d,,,,,axri; axrubeⁿ,,,,"**ახრობ, ახრუბ** *ბ დ* (ახრი; ახრუბეჼ)თოხლი"
"ax-utxuj, ax-utxi","ახ-უთხუჲ, ახ-უთხი",j,,,,,,,,,"**ახ-უთხუჲ, ახ-უთხი** *ჲ* მრ. ნაჭერ-ნუჭრები, ნახევარ-ნაჭრები"
axunʒad-d-alar,ახუნძად-დ-ალარ,,,GE,vi,,aixunʒleba,ახუნძვლა (აიხუნძლება),get tangled,спутаться,**ახუნძად-დ-ალარ** გრდუვ. ახუნძვლა (აიხუნძლება)
axujnĭ,ახუჲნი̆,,,,,,,,,,"**ახუჲნი̆** მიმღ. 1. [მო]სახვნელი, სახნავი 2. მხვნელი"
axcʼiⁿ,ახწიჼ,,,,,,,,,,**ახწიჼ** [მო]უხნავი
d-axxar,დ-ახხარ,,,,vi,,[da]ixrčoba,დახრჩობა ([და]იხრჩობა),drown,"утонуть, тонуть",**დ-ახხარ** გრდუვ. დახრჩობა ([და]იხრჩობა)
d-axx-dar1,დ-ახხ-დარ1,,,,,,[da]axrčobs,,,,**დ-ახხ-დარ1** გრდმ. [და]ხრჩობა ([და]ახრჩობს)
d-axx-dar2,დ-ახხ-დარ2,,,,,,[da]agrʒelebs,,,,**დ-ახხ-დარ2** გრდმ. დაგრძელება ([და]აგრძელებს)
d-axxeⁿ,დ-ახხეჼ,,,,a,,,გრძელი,long,длинный,**დ-ახხეჼ** გრძელი
axŏ,ახო̆,j j,J,GE,n,,axuj; axujⁿ,ახო,forest clearing,чащоба,**ახო̆** *ჲ ჲ* (ახუჲ; ახუჲჼ) ახო
aɬar,ალ’არ,,,,vt,,itʼqʼvis,თქმა (იტყვის),say,сказать,**ალ’არ** გრდმ. თქმა (იტყვის)
d-aɬar1,დ-ალ’არ1,,,,vt,,miscems,მისცა (მისცემს),give,"дать, отдать",**დ-ალ’არ1** გრდმ. მიცემა (მისცემს)*უსრ. თელ’არ*
d-aɬar2,დ-ალ’არ2,,,,vi,,gačndeba,"გაჩენა (გაჩნდება); გახდომა, ატყდომა; ამოსვლა, ასვლა; გავარდნა",appear; become; burst out; go up; rush out,"возникнуть, произойти; пробиться, взойти; выстрелить","**დ-ალ’არ2** გრდუვ. 1. გაჩენა (გაჩნდება); გახდომა, ატყდომა 2. ამოსვლა, ასვლა 3. გავარდნა"
d-aɬ-d-alar,დ-ალ’-დ-ალარ,,,,,,miecema,,,,**დ-ალ’-დ-ალარ** - გრდუვ. მიცემა (მიეცემა)
aɬ-d-alar,ალ’-დ-ალარ,,,,,,itkmeba,,,,**ალ’-დ-ალარ** გრდუვ. თქმა (ითქმება)
"aɬdajlnŏ, aɬdalinŏ","ალ’დაჲლნო̆, ალ’დალინო̆",,,,,,,,,,"**ალ’დაჲლნო̆, ალ’დალინო̆** მიმღ. ნათქვამი"
aɬitar,ალ’ითარ,,,,,,,,,,**ალ’ითარ** გრდმ. თქმევინება
d-aɬitar,დ-ალ’ითარ,,,,,,,,,,"**დ-ალ’ითარ** 1. მიცემინება 2. გაშვება, ამოშვება"
d-aɬinŏ,დ-ალ’ინო̆,,,,,,,,,,**დ-ალ’ინო̆** მიმღ. მიცემული
aɬinŏ,ალ’ინო̆,,,,,,,,,,"**ალ’ინო̆** მიმღ. ნათქვამი, თქმული"
aɬujnĭ,ალ’უჲნი̆,,,,,,,,,,**ალ’უჲნი̆** 1. სათქმელი 2. მთქმელი
"aŭğri, ovğri","აუ̆ღრი, ოვღრი",j,,,,,aŭğreⁿ,,,,"**აუ̆ღრი, ოვღრი** *ჲ* (აუ̆ღრეჼ) აღვირი"
aŭħŭ,აუ̆ჰ’უ̆,d,D,,n,,,ხველა,cough,кашель,**აუ̆ჰ’უ̆** *დ* ხველა
"aħ, aħŏ1","აჰ’, აჰ’ო̆1",,,,,,,,,,"**აჰ’, აჰ’ო̆1** ერგ. იხ. ჰ’ო̆"
"aħ, aħŏ2","აჰ’, აჰ’ო̆2",,,,,,ħ,,,,"**აჰ’, აჰ’ო̆2** ზმნისართი და ზმნისწინი, ჩვეულებრივ აღნიშნავს მიმართულებას ზევიდან ქვევით, ან გახაზავს ზმნის შინაარსს.  *შდრ. აჰ’ო(ჰ’)*"
aħ: aħakʼar,აჰ’: აჰ’აკარ,,,,,,,,,,**აჰ’: აჰ’აკარ** გრდუვ. იხ. აკარ1
d-aħar1,დ-აჰ’არ1,,,,vt,,cʼaiğebs,მოტანა (მოაქვს),bring,приносить,**დ-აჰ’არ1** გრდმ. წაღება (წაიღებს) უსრ. დ-ოტ-დ-არ
d-aħar2,დ-აჰ’არ2,,,,vt,,moakvs,"[და]კოდვა ([და]კოდავს), დასაჭურისება",castrate,кастрировать,**დ-აჰ’არ2** გრდმ. მოტანა (მოაქვს) სრ. დ-აჸარ
d-aħar3,დ-აჰ’არ3,,,,,,[da]kʼodavs,,,,"**დ-აჰ’არ3** გრდმ. [და]კოდვა ([და]კოდავს), დასაჭურისება"
aħax-d-ar,აჰ’ახ-დ-არ,,,,,,,,,,**აჰ’ახ-დ-არ** გრდმ. ჩამოტყუება
aħaħ-d-ar,აჰ’აჰ’-დ-არ,,,,,,čamoapʼarebs,,,,**აჰ’აჰ’-დ-არ** გრდმ. ჩამოპარება (ჩამოაპარებს)
aħ-d-alar,აჰ’-დ-ალარ,,,,,,epʼareba,,,,"**აჰ’-დ-ალარ** გრდუვ. მიპარვა (ეპარება); გაპარვა, შეპარვა სრ. დ-ეჰ’-დ-ალარ"
aħ-d-ar,აჰ’-დ-არ,,,,,,apʼarebs,,,,"**აჰ’-დ-არ** გრდმ. შეპარება (აპარებს), გაპარება სრ. დ-ეჰ’-დ-არ"
aħ-d-arlar,აჰ’-დ-არლარ,,,,,,,,,,**აჰ’-დ-არლარ** გრდმ. ჩამოთლა
aħ-d-arž-d-ar,აჰ’-დ-არჟ-დ-არ,,,,,,,,,,"**აჰ’-დ-არჟ-დ-არ** - გრდმ. ჩამოფენა, გაფენა"
aħ-d-as-d-ar,აჰ’-დ-ას-დ-არ,,,,,,,,,,"**აჰ’-დ-ას-დ-არ** გრდმ. ჩამოცლა, დაცარიელება"
aħ-d-astʼar,აჰ’-დ-ასტარ,,,,,,,,,,"**აჰ’-დ-ასტარ** გრდმ. 1. ჩამოხსნა, მოხსნა 2. კუჭში გახსნა"
aħ-d-atʼar,აჰ’-დ-ატარ,,,,,,,,,,"**აჰ’-დ-ატარ** გრდუვ. ჩასკდომა, ჩაპობა"
aħ-d-atʼ-d-ar1,აჰ’-დ-ატ-დ-არ1,,,,,,gamoakcevs,,,,**აჰ’-დ-ატ-დ-არ1** გრდმ. 1. გამოქცევა (გამოაქცევს)2. გატაცება
aħ-d-atʼ-d-ar2,აჰ’-დ-ატ-დ-არ2,,,,,,,,,,"**აჰ’-დ-ატ-დ-არ2** გრდმ. ჩა[მო]ხევა, ჩამოხეთქა"
aħdapxekʼa[d]-d-ar,აჰ’დაფხეკა[დ]-დ-არ,,,,,,,,,,**აჰ’დაფხეკა[დ]-დ-არ** გრდმ. იხ. დაფხეკა[დ]-დ-არ
aħ-d-axkʼar,აჰ’-დ-ახკარ,,,,,,,,,,**აჰ’-დ-ახკარ** გრდუვ. მრ. ჩამოსვლა
aħdaxkʼ-d-ar,აჰ’დახკ-დ-არ,,,,,,,,,,"**აჰ’დახკ-დ-არ** გრდმ. ჩამოყვანა, ჩამორეკა"
aħ-d-aħar,აჰ’-დ-აჰ’არ,,,,,,,,,,**აჰ’-დ-აჰ’არ** გრდმ. ჩატანა სრ. აჰ’დაჸარ
aħ-d-aħitar,აჰ’-დ-აჰ’ითარ,,,,,,,,,,"**აჰ’-დ-აჰ’ითარ** გრდმ. ჩატანინება, ჩაგზავნა"
aħ-d-aɁar1,აჰ’-დ-აჸარ1,,,,,,mtidan,,,,**აჰ’-დ-აჸარ1** გრდუვ. ჩამოსვლა (მთიდან)
aħ-d-aɁar2,აჰ’-დ-აჸარ2,,,,,,,,,,**აჰ’-დ-აჸარ2** გრდმ. ჩამოტანა
aħ-d-aɁitar,აჰ’-დ-აჸითარ,,,,,,,,,,**აჰ’-დ-აჸითარ** გრდმ. ჩა[მო]ტანინება
aħ-d-ekar,აჰ’-დ-ექარ,,,,,,,,,,"**აჰ’-დ-ექარ** გრდუვ. ჩა[მო]ძახება, ჩამოპატიჟება"
aħ-d-ikʼar,აჰ’-დ-იკარ,,,,,,,,,,"**აჰ’-დ-იკარ** გრდმ. ჩაყვანა, წასხმა"
aħ-d-ol-d-alar,აჰ’-დ-ოლ-დ-ალარ,,,,,,,,,,"**აჰ’-დ-ოლ-დ-ალარ** გრდუვ. ჩამომგზავრება, ჩამოდენა"
aħ-d-ol-d-ar,აჰ’-დ-ოლ-დ-არ,,,,,,,,,,**აჰ’-დ-ოლ-დ-არ** გრდუვ. იხ. დ-ოლ-დ-არ
aħ-d-oss-d-ar,აჰ’-დ-ოსს-დ-არ,,,,,,,,,,**აჰ’-დ-ოსს-დ-არ** გრდმ. იხ. დ-ოსს-დ-არ
aħdossujla,აჰ’დოსსუჲლა,d d,,,,,,,,,**აჰ’დოსსუჲლა** *დ დ* ჩასასვლელი
aħ-d-otʼujn,აჰ’-დ-ოტუჲნ,,,,,,,,,,**აჰ’-დ-ოტუჲნ**ი̆ მიმღ. ჩამავალი
aħ-d-oxar,აჰ’-დ-ოხარ,,,,,,,,,,"**აჰ’-დ-ოხარ** გრდუვ. ჩამონგრევა, ჩამოშლა"
aħ-d-oɬar,აჰ’-დ-ოლ’არ,,,,,,ča[mo]ʒvreba,,,,**აჰ’-დ-ოლ’არ** გრდუვ. ჩა[მო]ძრომა (ჩა[მო]ძვრება)
aħ-d-oɁ-d-ar,აჰ’-დ-ოჸ-დ-არ,,,,,,čamoiqʼvans,,,,**აჰ’-დ-ოჸ-დ-არ** გრდმ. ჩამოყვანა (ჩამოიყვანს)
aħ-d-oɁ-d-itar,აჰ’-დ-ოჸ-დ-ითარ,,,,,,,,,,**აჰ’-დ-ოჸ-დ-ითარ** გრდმ. იხ. დ-ოჸ-დ-ითარ
aħett-d-ar,აჰ’ეთთ-დ-არ,,,,,,,,,,**აჰ’ეთთ-დ-არ** გრდმ. ჩა[მო]დგმა
aħtaq-d-ar,აჰ’თაჴ-დ-არ,,,,,,čamoatrevs,,,,**აჰ’თაჴ-დ-არ** გრდმ. ჩა[მო]თრევა (ჩამოათრევს)
aħtetʼar,აჰ’თეტარ,,,,,,,,,,**აჰ’თეტარ** გრდმ. ჩამოჭრა
aħtiɬ-d-ar,აჰ’თილ’-დ-არ,,,,,,,,,,**აჰ’თილ’-დ-არ** გრდუვ. ჩაცილება
d-aħitar,დ-აჰ’ითარ,,,,vt,,[ga]gzavnis,"[გა]გზავნა ([გა]გზავნის), გადაგზავნა",send,"послать, посылать, переслать, пересылать","**დ-აჰ’ითარ** გრდმ. [გა]გზავნა ([გა]გზავნის), გადაგზავნა"
d-aħinŏ1,დ-აჰ’ინო̆1,,,,,,,,,,**დ-აჰ’ინო̆1** მიმღ. წაღებული
aħinŏ1,აჰ’ინო̆1,,,,,,,,,,"**აჰ’ინო̆1** მიმღ. მოპარული, ნაქურდალი"
aħinŏ2,აჰ’ინო̆2,,,,,,,,,,**აჰ’ინო̆2**მიმღ. დაფქული
d-aħinŏ2,დ-აჰ’ინო̆2,,,,,,,,,,**დ-აჰ’ინო̆2** მიმღ. დაკოდილი
aħkʼarč-d-ar,აჰ’კარჩ-დ-არ,,,,,,,,,,"**აჰ’კარჩ-დ-არ** გრდმ. ჩა[მო]გორება, დაგორება"
aħlabžinŏ,აჰ’ლაბჟინო̆,,,,,,kvevitkʼen,,,,"**აჰ’ლაბჟინო̆** მიმღ. დაცურებული, დასხლეტილი (ქვევითკენ)"
aħlatʼar,აჰ’ლატარ,,,,,,,,,,**აჰ’ლატარ** გრდუვ. იხ. ლატარ
aħlak-d-alar,აჰ’ლაქ-დ-ალარ,,,,,,gapučʼdeba,,,,**აჰ’ლაქ-დ-ალარ** გრდუვ. 1. ჩამოხტომა 2. გაფუჭება (გაფუჭდება); გარყვნა
aħlaxkʼar,აჰ’ლახკარ,,,,,,,,,,**აჰ’ლახკარ** გრდმ. მრ. ჩარეკვა
aħlaħ-d-ar,აჰ’ლაჰ’-დ-არ,,,,,,,,,,"**აჰ’ლაჰ’-დ-არ** გრდმ. ჩამოლაგება, ჩამოღება, ჩამოკრეფა"
aħlešar,აჰ’ლეშარ,,,,,,,,,,**აჰ’ლეშარ** გრდუვ. იხ. ლეშარ
aħmaxkʼ-d-alar1,აჰ’მახკ-დ-ალარ1,,,,,,,,,,**აჰ’მახკ-დ-ალარ1** გრდუვ. იხ. მახკ-დ-ალარ
aħmaxkʼ-d-alar2,აჰ’მახკ-დ-ალარ2,,,,,,,,,,**აჰ’მახკ-დ-ალარ2** გრდუვ. იხ. მახკ-დ-ალარ
aħo,აჰ’ო,,,,adv,,,ქვევით,down,внизу,"**აჰ’ო** ჲ ქვევითა ადგილი, ქვევითა მხარე"
aħo[ħ],აჰ’ო[ჰ’],,,,,,,,,,**აჰ’ო[ჰ’]** ზმნს. ქვევით
aħott-d-ar,აჰ’ოთთ-დ-არ,,,,,,,,,,**აჰ’ოთთ-დ-არ** გრდმ. ჩამოდგმა
aħocʼar,აჰ’ოწარ,,,,,,cʼamocʼevs,,,,**აჰ’ოწარ** გრდმ. 1. ჩამოწევა (წამოწევს) 2. ჩამოწველა
aħujnĭ1,აჰ’უჲნი̆1,,,,,,,,,,**აჰ’უჲნი̆1** მიმღ. 1. მოსაპარავი 2. მომპარავი
aħujnĭ2,აჰ’უჲნი̆2,,,,,,,,,,**აჰ’უჲნი̆2** მიმღ. 1. დასაფქვავი
aħğujla,აჰ’ღუჲლა,d d,,,,,,,,,"**აჰ’ღუჲლა** *დ დ* ჩასავალი, ჩასასვლელი"
aħcʼam-d-ar,აჰ’წამ-დ-არ,,,,,,,,,,"**აჰ’წამ-დ-არ** გრდმ. ჩამოსუფთავება, ჩამოწმენდა, გაწმენდა"
aħxitʼ-d-ar,აჰ’ხიტ-დ-არ,,,,,,čamocʼqʼvetʼs,,,,**აჰ’ხიტ-დ-არ** გრდმ. ჩამოწყვეტა (ჩამოწყვეტს)
aħŏ,აჰ’ო̆,,,,,,sait?,,,,**აჰ’ო̆** (საით?) ქვევით
aħħečʼar,აჰ’ჰ’ეჭარ,,,,,,"uqʼurebs, čahqʼurebs",,,,"**აჰ’ჰ’ეჭარ** გრდმ. 1. ყურება (უყურებს, ჩაჰყურებს) 2. მიხედვა"
aħqaɁar,აჰ’ჴაჸარ,,,,,,daecʼeva,,,,"**აჰ’ჴაჸარ** გრდმ. დაწევა (დაეწევა), ჩასწრება"
aħqeħar,აჰ’ჴეჰ’არ,,,,,,čamozidavs,,,,**აჰ’ჴეჰ’არ** გრდმ. ჩამოზიდვა (ჩამოზიდავს)
ajtaɁŏ,აჲთაჸო̆,,M/F,,n,,ajtaɁuj; ajtaɁujⁿ,ნათლია,godparent,"крестный отец, мать, восприемник",**აჲთაჸო̆** დ დ (აჲთაჸუჲ; აჲთაჸუჲჼ) ნათლია
aji,აჲი,,,GE,ptcl,,,აი,(deictic particle),вот,**აჲი** აი
ajmrikʼ,აჲმრიკ,d,D,,n,,ajmrikʼeⁿ,მიტკალი,calico,миткаль,**აჲმრიკ** *დ* (აჲმრიკეჼ) მიტკალი
ajngršeba[d]-d-ar,აჲნგრშება[დ]-დ-არ,,,,,,iangarišebs,,,,**აჲნგრშება[დ]-დ-არ** გრდმ. ანგარიში (იანგარიშებს)
d-ajnŏ,დ-აჲნო̆,,,,,,,,,,**დ-აჲნო̆** 1. სხვათა სიტყვის ნაწილაკი 2. თანდებული. მოითხოვს მიცემითსა და გარდაქცევით *ბრუნვას.* 3. ინფინიტივთან აძლიერებს მნიშვნელობას = თვის 4. ხმაბაძვით სიტყვებთან აწარმოებს ზმნისართს
"ajpʼral, ajpʼrel","აჲპრალ, აჲპრელ",b d,,,,,ajpʼrleⁿ,,,,"**აჲპრალ, აჲპრელ** *ბ დ* (აჲპრლეჼ) აპრილი"
ajpʼqʼ-d-isar,აჲპყ-დ-ისარ,,,,vi,,čaeploba,ჩაფლობა (ჩაეფლობა),"sink, get bogged down",увязнуть,**აჲპყ-დ-ისარ** გრდუვ. ჩაფლობა (ჩაეფლობა)იხ. დ-ისარ
ajrkel,აჲრქელ,v b,M,GE,n,,ajrkleⁿ,არქიელი,church hierarch,архиерей,**აჲრქელ** *ვ ბ* (აჲრქლეჼ) არქიელი
ajrɬ,აჲრლ’,b d,B,,n,,arɬuj; arɬoⁿ,"ყოჩი, ერკემალი","uncastrated ram, stud ram",баран производитель,"**აჲრლ’** *ბ დ* (არლ’უჲ; არლ’ოჼ) ყოჩი, ერკემალი"
ajtʼno,აჲტნო,d d,D,,n,,,სიჩუმე,silence,тишина,**აჲტნო** *დ დ* სიჩუმე
ajtʼtʼveⁿ,აჲტტვეჼ,,,,a,,,ბედნიერი,"happy, lucky",счастливый,**აჲტტვეჼ** ბედნიერი იხ. ატტივ
ajtʼtʼvecʼiⁿ,აჲტტვეწიჼ,,,,,,,,,,**აჲტტვეწიჼ** უიღბლო[დ]
ajpša-d-aqar,აჲფშა-დ-აჴარ,,,,,,,,,,**აჲფშა-დ-აჴარ** გრდმ.. მტყუანად გამოყვანა იხ. დ-აჴარ1
ajkmob,აჲქმობ,d,,,,,,,,,"**აჲქმობ** *დ* ექიმობა, მკურნალობა"
ajqʼĭ,აჲყი̆,b d,B,,n,,"ajqʼi, ejqʼi; ajqʼeⁿ","სიპი ქვა, ფიქალი","smooth rock, slate","шифер, сланец","**აჲყი̆** *ბ დ* (აჲყი, ეჲყი; აჲყეჼ) სიპი ქვა, ფიქალი"
ajš[ŭ],აჲშ[უ̆],,,,,,,,,,**აჲშ[უ̆]** ერგატივი იხ. შუ
ajxno,აჲხნო,d d,,,,,ajxnoⁿ,,,,"**აჲხნო** *დ დ* (აჲხნოჼ) მოხნული, ნახნავი"
ajxnĭ,აჲხნი̆,d,D,,n,,,ნართი,(spun) yarn,"пряжа, прядь",**აჲხნი̆** *დ*  ნართი
ajħĭ,აჲჰ’ი̆,d,0d,,n,,ajħiⁿ,ნაწლავი,gut,кишка,**აჲჰ’ი̆** *დ* (აჲჰ’იჼ) ნაწლავი
"aq, aqĕ","აჴ, აჴე̆",d d,,,,,,,,,"**აჴ, აჴე̆** *დ დ* 1. ნადირი **აჴეღ დ-ერწარ** გრდუვ. 2. გრდუვ. გამხეცება (გამხეცდება), მხეცად გადაქცევა **აჴეხ დ-აწარ** გრდუვ. ნადირის დევნა, ნადირობა **აჴეხ დ-ა-წუჲნი̆** *ვ ბ* მონადირე, ნადირის მდევნელი"
aqar,აჴარ,,,,vt,,ixdis,"გადახდა (იხდის); ზღვევა, ანაზღაურება",pay for,"платить, возместить, возмещать","**აჴარ** გრდმ. გადახდა (იხდის); ზღვევა, ანაზღაურება სრ. დ-ეჴარ."
d-aqar1,დ-აჴარ1,,,,vt,,gamoartmevs,"გამორთმევა (გამოართმევს); წართმევა, ართმევა; ამოღება (ამოიღებს), აყვანა, ამოყვანა, ამოძრობა, ამოთხრა; გამოჩეკა (გამოჩეკს)",take (away); take out; hatch (chicks),"взять, отнять; достать, взять, вынуть, выдернуть, вырыть; вылупить","**დ-აჴარ1** გრდმ. 1. გამორთმევა (გამოართმევს); წარმთმევა, ართმევა 2. ამოღება (ამოიღებს), აყვანა, ამოყვანა, ამოძრობა, ამოთხრა 3. გამოჩეკა (გამოჩეკს) იხ. დ-აახარ2  4. რთული ფუძის ან შესიტყვების შემადგენელი ნაწილი **ნიყ ბაჴარ** გრდმ. გზის გაყვანა; გზის გაკვლევა; **ქო დაჴარ** ხელის ჩამორთმევა; **ბჵარკ ბაჴარ** თვალის ამოღება; **ბუჰ’ ბაჴარ** ჩხუბის ატეხა"
aqar2,აჴარ2,,,,,,[mo]scʼovs,,,,**აჴარ2**გრდუვ. მოწოვა ([მო]სწოვს)
d-aq-d-alar,დ-აჴ-დ-ალარ,,,,vi,,[ga]izrdeba,[გა]ზრდა ([გა]იზრდება),grow,"расти, вырастать",**დ-აჴ-დ-ალარ** გრდუვ. [გა]ზრდა ([გა]იზრდება) გრდუვ. [გა]ზრდა ([გა]იზრდება)
aq-d-ar,აჴ-დ-არ,,,,vt,,,,,,"**აჴ-დ-არ** გრდმ. იგივეა, რაც **აჴარ**"
d-aq-d-ar1,დ-აჴ-დ-არ1,,,,vt,,[ga]zrdis,"გაზრდა ([გა]ზრდის); გაზვიადება, გადიდება",raise; enlarge,"вырастить, выращивать; преувеличить, преувеличивать","**დ-აჴ-დ-არ1** 1. გაზრდა ([გა]ზრდის) 2. გაზვიადება, გადიდება *იხ. დ-აჴჴოჼ*"
d-aq-d-ar2,დ-აჴ-დ-არ2,,,,vt,,,ძუძუს წოვება,breastfeed,давать грудь,**დ-აჴ-დ-არ2** გრდმ. ძუძუს წოვება
aq-d-itar,აჴ-დ-ითარ,,,,vt,,,,,,"**აჴ-დ-ითარ** გრდმ. იგივეა, რაც **აჴითარ**"
d-aq-d-ijenŏ,დ-აჴ-დ-იჲენო̆,,,,ptcp,,,"გაზრდილი, აღზრდილი","grown, grown up","выращенный, воспитанный","**დ-აჴ-დ-იჲენო̆** მიმღ. გაზრდილი, აღზრდილი"
aqitar,აჴითარ,,,,,,,,,,**აჴითარ** გრდმ. ზღვევინება
aqsareb,აჴსარებ,d d,D,GE,n,,,აღსარება,confession,исповедь,**აჴსარებ** *დ დ* აღსარება
aqseb,აჴსებ,d d,D,,n,,aqsbi; aqsbeⁿ,აღდგომა,Easter,пасха,**აჴსებ** *დ დ* (აჴსბი; აჴსბეჼ) აღდგომა
d-aqqoⁿ,დ-აჴჴოჼ,,,,a,,,დიდი,big,большой,**დ-აჴჴოჼ** დიდი *დ-აჴჴუჲშ* ზმნს. დიდად
"d-aqqoŭxŭ, d-aqquuxŭ","დ-აჴჴოუ̆ხუ̆, დ-აჴჴუუხუ̆",,,,,,,,,,"**დ-აჴჴოუ̆ხუ̆, დ-აჴჴუუხუ̆** უფროსი, უფრო დიდი"
aɁ,აჸ,j j,,,,,,,,,**აჸ** *ჲ ჲ* იხ. ეჸ
d-aɁar,დ-აჸარ,,,,vt,vi,mova,,,,**დ-აჸარ** 1. გრდუვ. მოსვლა (მოვა) 2. გრდმ. მოტანა (მოიტანს) *უსრ. დ-აჰ’არ2*
d-aɁitar1,დ-აჸითარ1,,,,,,gamogzavnis,,,,"**დ-აჸითარ1** გრდმ. 1. გამოგზავნა (გამოგზავნის) 2. გაშვება, შემოშვება"
aɁitar2,აჸითარ2,,,,,,,,,,**აჸითარ2** გრდმ. მოტანინება
b[r]ʒanbad-d-ar,ბ[რ]ძანბად-დ-არ,,,,,,[u]brʒanebs,,,,**ბ[რ]ძანბად-დ-არ** გრდმ. ბრძანება ([უ]ბრძანებს)
b[r]ʒaneb,ბ[რ]ძანებ,j j,,,,,,,,,**ბ[რ]ძანებ** *ჲ ჲ* ბრძანება
baarleⁿ,ბაარლეჼ,,,,,,barši mcxovrebi,,,,"**ბაარლეჼ** ბარელი, ბარიდან (ბარში მცხოვრები)"
baax,ბაახ,,,,a,,,მდიდარი,rich,"богач, богатый",**ბაახ** მდიდარი
babŏ,ბაბო̆,v b,M,,n,,babuj; babujⁿ,პაპა,grandfather,дедушка,**ბაბო̆** *ვ ბ* (ბაბუჲ; ბაბუჲჼ) პაპა
bag,ბაგ,b d,B,GE,n,,bageⁿ,ბაგა (პატარა ვენახი),newly planted vine,маленький виноградник,**ბაგ**  *ბ დ* (ბაგეჼ) ბაგა (ახალი ვენახი)
bad[ŏ],ბად[ო̆],v b; j d,,,,,baduj; badujⁿ,,,,**ბად[ო̆]** *ვ ბ; ჲ დ* (ბადუჲ; ბადუჲჼ) ობოლი
badag,ბადაგ,d d,D,GE,n,,bajdgeⁿ,ბადაგი,(boiled) grape juice,виноградное сусло,**ბადაგ** *დ დ* (ბაჲდგეჼ) ბადაგი
badagdar,ბადაგდარ,,,,,,,,,,"**ბადაგდარ** გრდმ. ბადაგის გაკეთება, მობადაგება"
bad-d-isar,ბად-დ-ისარ,,,,,,,,,,"**ბად-დ-ისარ** გრდუვ. ობლად დარჩენა, დაობლება"
bader,ბადერ,d d,D,,n,,badri; badreⁿ,"ბავშვი, შვილი",child,"дитя, ребенок","**ბადერ** *დ დ* (ბადრი; ბადრეჼ) 1. ბავშვი, შვილი 2. რთული ფუძის ან შესიტყვების შემადგენელი ნაწილი"
bader dar,ბადერ დარ,,,,,,gaačens,,,,"**ბადერ დარ** გრდმ. შვილის გაჩენა (გააჩენს), შობა"
bader ditar,ბადერ დითარ,,,,,,,,,,**ბადერ დითარ** გრდმ. შობინება
bader xiɬar,ბადერ ხილ’არ,,,,,,gačndeba,,,,**ბადერ ხილ’არ** გრდუვ. ბავშვის გაჩენა (გაჩნდება)
badercʼiⁿ,ბადერწიჼ,,,,,,,,,,**ბადერწიჼ** იხ. ბადრეწინ
badercʼol,ბადერწოლ,d,,,,,,,,,**ბადერწოლ** *დ*  უშვილობა
badjoğar,ბადჲოღარ,,,,,,"tevzis, prinvelis dasačʼerad",,,,"**ბადჲოღარ** გრდმ. ბადის დაგება (თევზის, ფრინველის დასაჭერად)"
badol,ბადოლ,j,,,,,,,,,**ბადოლ** *ჲ* ობლობა
badreⁿ bader,ბადრეჼ ბადერ,d d,,,,,badri; badreⁿ,,,,**ბადრეჼ ბადერ** *დ დ* (ბადრი; ბადრეჼ) შვილიშვილი
badreğ ecar,ბადრეღ ეცარ,,,,,,,,,,**ბადრეღ ეცარ** გრდმ. შვილად აყვანა
badrecʼiⁿ,ბადრეწიჼ,,,,,,,,,,**ბადრეწიჼ** უშვილო[დ] ბადრეწიჼ
badri daxar,ბადრი დახარ,,,,,,,,,,**ბადრი დახარ** გრდმ. ბარტყების გამოჩეკა
badriǯaⁿ,ბადრიჯაჼ,d d,D,GE,n,,badriǯni; badriǯneⁿ,პამიდორი; ბადრიჯანი,tomato; aubergine,помидор; баклажан,**ბადრიჯაჼ** *დ დ* (ბადრიჯნი; ბადრიჯნეჼ) 1. პამიდორი 2. ბადრიჯანი
badrol,ბადროლ,j,,,,,,,,,**ბადროლ** *ჲ* ბავშვობა
badĕ,ბადე̆,,J,GE,n,,badi; badeⁿ,ბადე,net,"сеть, сетка",**ბადე̆** ჲ ჲ (ბადი; ბადეჼ) ბადე
baz,ბაზ,d d,D,,n,,bazi; bazeⁿ,სამარილე,salt pot,солонка,**ბაზ**  *დ დ* (ბაზი; ბაზეჼ) სამარილე
bazaz,ბაზაზ,v b,M,GE,n,,bazzi,"ბაზაზი, მეწვრილმანე",peddler,коробейник,"**ბაზაზ** *ვ ბ* (ბაზზი) ბაზაზი, მეწვრილმანე"
bazar,ბაზარ,j j,J,GE; Iran.; RU; Turk.,n,,bazri; bazreⁿ,ბაზარი,"market, bazaar",базар,**ბაზარ** *ჲ ჲ* (ბაზრი; ბაზრეჼ) ბაზარი
bazrob,ბაზრობ,j j,,,,,,,,,**ბაზრობ** *ჲ ჲ* ბაზრობა
battluⁿ,ბათთლუჼ,,,,,,,,,,"**ბათთლუჼ** თვიანი [ერთი] თვისა, თვიური"
battcʼiⁿ,ბათთწიჼ,,,,,,ğame,,,,**ბათთწიჼ** უმთვარო (ღამე)
bakʼ,ბაკ,b d,B,GE,n,,bakʼi; bakʼeⁿ,ბაკი; შემოღობილი ადგილი ბალახისათვის,paddock,огороженое место для стоянки скота; огороженное место для травы,**ბაკ**  *ბ დ* (ბაკი; ბაკეჼ) 1. ბაკი 2.შემოღობობილი ადგილი ბალახისთვის
bakʼal,ბაკალ,b d,B,,n,,bakʼli; bakʼleⁿ,"ნაჭერი, ნაკუწი; ლუკმა","piece, scrap; morsel","кусок, обрезок, лоскут; кусок (пищи)","**ბაკალ** *ბ დ* (ბაკლი; ბაკლეჼ) 1. ნაჭერი, ნაკუწი 2. ლუკმა"
bakʼaltʼakʼli,ბაკალტაკლი,d,,,,,,,,,"**ბაკალტაკლი** *დ* მრ. 1. ნაკუწები 2. ნაჭერ-ნუჭრები, ნარჩენები"
bakʼlecʼiⁿ,ბაკლეწიჼ,,,,,,,,,,"**ბაკლეწიჼ** ულუკმო[დ], ულუკმაპუროდ"
bal,ბალ,b d,B,GE,n,,bali; baleⁿ,ბალი,cherry,черешня,**ბალ** *ბ დ* (ბალი; ბალეჼ) ბალი
balb,ბალბ,d d,D,GE,n,,balbajⁿ,ბალბა,mallow (flower),"мальва, просвирник",**ბალბ** *დ დ* (ბალბაჲჼ) ბალბა
baltod-d-ar,ბალთოდ-დ-არ,,,GE,vt,,,"ბალთვა, გლეჯა, ფლეთა",hack/tear/rip to pieces,раздавать,"**ბალთოდ-დ-არ** გრდმ. ბალთვა, გლეჯა, ფლეთა სრ. დაბალთოდ-დ-არ"
bali,ბალი,j,J,,n,,,მხრები,schoulders,плечи,**ბალი** *ჲ* მრ. მხრები
bališ,ბალიშ,b d,B,GE,n,,bajlši; bajlšeⁿ,ბალიში,pillow,подушка,**ბალიშ** *ბ დ* (ბაჲლში; ბაჲლშეჼ)ბალიში
balkʼoⁿ,ბალკოჼ,b d,B,RU,n,,balkʼni; balkʼneⁿ,აივანი,balcony,балкон,**ბალკოჼ**  *ბ დ* (ბალკნი; ბალკნეჼ)აივანი
bambaɁŏ,ბამბაჸო̆,b d,J,,n,,bambaɁuj; bambaɁujⁿ,ბანგი,hemp,зелень,**ბამბაჸო̆** *ბ დ* (ბამბაჸუჲ; ბამბაჸუჲჼ) ბამბა
ban1,ბან1,b d,,,,,bani; baneⁿ,,,,**ბან1** *ბ დ* (ბანი; ბანეჼ) ბანი
ban2,ბან2,b d,B,GE,n,,,ბანი,bass,бас,"**ბან2** *ბ დ* ბანი, ხმის შეწყობა"
bang,ბანგ,j j,,,,,bangeⁿ,,,,**ბანგ** *ჲ ჲ* (ბანგეჼ) ბანგი
band,ბანდ,j j,J,,n,,bandi; bandeⁿ,"ჩვარი, ძონძი",rag,тряпка,"**ბანდ** *ჲ ჲ* (ბანდი; ბანდეჼ) ჩვარი, ძონძი"
bandol-d-ar,ბანდოლ-დ-არ,,,,,,,,,,**ბანდოლ-დ-არ** გრდმ. ბლანდვა; [და]კერებასრ. დაბანდოდ-დ-არ.
bandul,ბანდულ,d d,,,,,bajndli; bajndleⁿ,,,,**ბანდულ** *დ დ* (ბაჲნდლი; ბაჲნდლეჼ) ბანდული
baž,ბაჟ,b d,B,GE,n,,bažeⁿ,ბაჟი,"tax, duty","пошлина, налог",**ბაჟ** *ბ დ* (ბაჟეჼ) ბაჟი
bar1,ბარ1,b d,,,,,bari; bareⁿ,,,,**ბარ1** *ბ დ* (ბარი; ბარეჼ) ბარი
bar2,ბარ2,b,,,,,,,,,**ბარ2** *ბ* ბარი
barat,ბარათ,d d,D,GE,n,,bar[a]ti; barteⁿ,ბარათი,card,записка,**ბარათ** *დ დ* (ბარ[ა]თი; ბართეჼ) ბარათი
barak,ბარაქ,j j,,,,,,,,,**ბარაქ** *ჲ ჲ* ბარაქა
barg,ბარგ,j j,J,GE,n,,bargi; bargeⁿ,ბარგი,"stuff, baggage",вещи,**ბარგ** *ჲ ჲ* (ბარგი; ბარგეჼ)ბარგი
bardaⁿ,ბარდაჼ,b d,B,GE,n,,bardni; bardneⁿ,ბარდანა,"bale (of wool, cotton)",большой мешок (для шерсти),**ბარდაჼ** *ბ დ* (ბარდნი; ბარდნეჼ) ბარდანა
bardol-d-ar,ბარდოლ-დ-არ,,,,,,bardnis,,,,**ბარდოლ-დ-არ** გრდმ. ბარდნა (ბარდნის)
barev,ბარევ,,,GE,adv,,,ბარემ,"at least, nevertheless, besides","хоть, кстати",**ბარევ** ბარემ
bart: bartin ǯog,ბართ: ბართინ ჯოგ,j,,,,,,,,,**ბართ: ბართინ ჯოგ** *ჲ* მგლების ხროვა
barkʼal,ბარკალ,b d,B,,n,,barkʼlaⁿ,კვირტი (უვარგისი მატყლი),"wool strands, tufted wool",клок плохой шерсти,**ბარკალ** *ბ დ* (ბარკლაჼ) კვირტი (უვარგისი მატყლი)
barlim,ბარლიმ,b d,B,,n,,barlimi; bajrlmeⁿ,ბარნელა (რძის სადღვებელი ჯოხი),butter-churning stick,мутовка (для сбивания масло),**ბარლიმ** *ბ დ* (ბარლიმი; ბაჲრლმეჼ) ბარნელა (რძის სადღვები ჯოხი)
barod-d-ar,ბაროდ-დ-არ,,,GE,vt,,baravs,ბარვა (ბარავს),dig,копать заступом,**ბაროდ-დ-არ** გრდმ. ბარვა (ბარავს)უსრ. ბაროდ-დ-არ.
barod-d-acʼiⁿ,ბაროდ-დ-აწიჼ,,,,,,,,,,"**ბაროდ-დ-აწიჼ** უბარავი, უბარავად"
barkal,ბარქალ,,,,,,,,,,**ბარქალ** ბარაქალა
barčol,ბარჩოლ,j,J,,n,,,"უნარიანობა, უნარი","skill, talent",способность,"**ბარჩოლ** *ჲ* უნარიანობა, უნარი"
barɬ,ბარლ’,,,,num,,,რვა,eight,восемь,**ბარლ’** რვა
barɬ[o]ğeⁿ,ბარლ’[ო]ღეჼ,,,,,,,,,,**ბარლ’[ო]ღეჼ** მერვე
basax-d-axenŏ,ბასახ-დ-ახენო̆,,,,,,,,,,"**ბასახ-დ-ახენო̆** მიმღ. ფერწასული, ფერმკრთალი"
basiš,ბასიშ,,,,,,,,,,**ბასიშ** იხ. ბოს
bascʼiⁿ,ბასწიჼ,,,,,,,,,,"**ბასწიჼ**  უფერო, ფერმკრთალი"
batʼ,ბატ,d d,D,GE,n,,batʼi; batʼeⁿ,ბატი,goose,гусь,**ბატ** *დ დ* (ბატი; ბატეჼ) ბატი
batʼaⁿ,ბატაჼ,b d,B,,n,,batʼni; batʼneⁿ,"იატაკი (მიწის, თიხის)","floor, ground",пол (глиняный),**ბატაჼ** *ბ დ* (ბატნი; ბატნეჼ) იატაკი
batʼr,ბატრ,j d,F,,n,,batʼri; batʼreⁿ,ტუჩი,lip,губа,**ბატრ**  *ჲ დ* (ბატრი; ბატრეჼ)ტუჩი
batʼrbatʼr-d-ar,ბატრბატრ-დ-არ,,,,,,,,,,**ბატრბატრ-დ-არ**  გრდმ. ტუჩების აპრუწვა სატირლად
batʼr-baki,ბატრ-ბაქი,j,J,,n,,,ცხვერ-პირი,face,лицо,**ბატრ-ბაქი** *ჲ* მრ. ცხვირ-პირი
bak,ბაქ,b j,Bj,,n,,baki; bakeⁿ,პირი,mouth,"уста, рот","**ბაქ** *ბ ჲ* (ბაქი; ბაქეჼ) 1. პირი 2. რთული ფუძის ან შესიტყვების შემადგენელი ნაწილი **ბაქ ჰ’აპბარ** გრდმ. პირის მოკუმვა, დადუმება; **ბაქ ჰ’აპბითარ** გრდმ. პირის მოკუმვინება; **მოსსიჼ ბაქ ალ’არ** გრდმ. გალანძღვა (გალანძღავს); **ცჰ’ა ბაქ ბა** ერთი პირია, შეთანხმებაა; **ბაქახ დ-უ-ყარ** გრდმ. პირის დაცობა; **ბაქახ დ-უწყიჼ** პირდაუცობელი, პირდაუცობლად; **ბაქახჴაჸდითარ** გრდმ. პირღებინება; **ბაქბალ’არ** გრდმ. შეთანხმება, პირის მიცემა, სიტყვის მიცემა; **ბაქჴაწბარ** გრდმ. 1) მოსმა (მოსვამს), მცირედ შესმა 2) პირის მოკიდება"
bak aɬar,ბაქ ალ’არ,,,,,,galanʒğavs,,,,**ბაქ ალ’არ** გრდმ. გალანძღვა (გალანძღავს)
bak ħapʼbar,ბაქ ჰ’აპბარ,,,,,,,,,,"**ბაქ ჰ’აპბარ** გრდმ. პირის მოკუმვა, დადუმება"
bak ħapʼbitar,ბაქ ჰ’აპბითარ,,,,,,,,,,**ბაქ ჰ’აპბითარ** გრდმ. პირის მოკუმვინება
bakad-d-alar,ბაქად-დ-ალარ,,,GE,vi,,ilanʒğeba,"ლამძღვა (ილანძღება), [შე]გინება","curse, swear",ругаться,"**ბაქად-დ-ალარ** გრდუვ. ლანძღვა (ილანძღება), [შე]გინება"
bakaxaŭpʼqʼŭ,ბაქახაუ̆პყუ̆,d d,,,,,bakaxapʼqʼuj,,,,**ბაქახაუ̆პყუ̆** *დ დ* (ბაქახაპყუჲ)საცობი
bakbelinĭ,ბაქბელინი̆,,,,,,,,,,"**ბაქბელინი̆** მიმღ. პირმცინარე, კარგი გუნებისა"
bakbexkʼinŏ,ბაქბეხკინო̆,,,,,,pʼiršekʼruli,,,,"**ბაქბეხკინო̆** მიმღ. კუშტი (პირშეკრული), ჩუმი"
"bakinʕajnĭ, bakinʕejnĭ","ბაქინჵაჲნი̆, ბაქინჵეჲნი̆",,,,,,,,,,"**ბაქინჵაჲნი̆, ბაქინჵეჲნი̆** თავახდილი, თავღია"
bakmaz,ბაქმაზ,d d,D,GE,n,,bakmazeⁿ,ბაქმაზი,grape juice boiled with honey,бекмес,**ბაქმაზ** *დ დ* (ბაქმაზეჼ) ბაქმაზი
bağ,ბაღ,b d,B,GE,n,,baği; bağeⁿ,საზამთროს და ნესვის ბაღი,melon garden/patch,бахча,**ბაღ** *ბ დ* (ბაღი; ბაღეჼ)საზამთროს და ნესვის ბაღი 2. იხ. ბაჴჩ
bağdad,ბაღდად,d d,D,GE,n,,bağdadi; bağdadeⁿ,ბაღდადი,silk headscarf,большой шелковый платок,**ბაღდად** *დ დ* (ბაღდადი; ბაღდადეჼ) ბაღდადი
bağlinǯŏ,ბაღლინჯო̆,d d,D,GE,n,,bağlinǯuj; bağlinǯujⁿ,ბაღლინჯო,bedbug,клоп,**ბაღლინჯო̆** *დ დ* (ბაღლინჯუჲ; ბაღლინჯუჲჼ) ბაღლინჯო
baqʼal,ბაყალ,v b,M,GE,n,,baqʼli; baqʼleⁿ,ბაყალი,grocer,бакалейщик,**ბაყალ** *ვ ბ* (ბაყლი; ბაყლეჼ)ბაყალი
baqʼečʼajnŏ,ბაყეჭაჲნო̆,,,,,,ram,,,,"**ბაყეჭაჲნო̆** 1. ნამდვილი, მართალი (რამ), ჭეშმარიტი 2. ზმნს. დანამდვილებით, ნამდვილად, უეჭველად, ჭეშმარიტად"
baqʼeɁ,ბაყეჸ,,,,adv,,ram,"ნამდვილი, მართალი (რამ), ჭეშმარიტი;","real, true","правда, истина","**ბაყეჸ** 1. ნამდვილი, მართალი (რამ), ჭეშმარიტი  2. ზმნს. ნამდვილად, მართლა, სისწორით"
baqʼoreⁿ,ბაყორეჼ,,,,,,,,,,**ბაყორეჼ** კვიციანი
baqʼŏ,ბაყო̆,d d,D,,n,,baqʼuj; baqʼujⁿ,კვიცი,foal,жеребенок,**ბაყო̆** *დ დ* (ბაყუჲ; ბაყუჲჼ) კვიცი
bašar,ბაშარ,j,J,,n,,,უნარი,"skill, talent","способность, возможности",**ბაშარ** *ჲ* უნარი
bašlaqʼ,ბაშლაყ,d d,D,,n,,bajšlqʼi; bajšlqʼeⁿ,ყაბალახი,balaclava hat,башлык,**ბაშლაყ** *დ დ* (ბაჲშლყი; ბაჲშლყეჼ)ყაბალახი
bašmakʼ,ბაშმაკ,b d,B,,n,,bašmakʼi; ba[j]šmakʼeⁿ,ფეხსაცმელი,"footwear, shoe",башмак,**ბაშმაკ** *ბ დ* (ბაშმაკი; ბა[ჲ]შმაკეჼ)ფეხსაცმელი
baštʼ,ბაშტ,b d,B,,n,,baštʼi; baštʼeⁿ,გომური,(winter) stall,"зимний земляной хлев, коровник",**ბაშტ** *ბ დ* (ბაშტი; ბაშტეჼ) გომური
bašport,ბაშფორთ,d d,D,GE; RU,n,,bašporti; bašporteⁿ,პასპორტი,passport,паспорт,**ბაშფორთ**  *დ დ* (ბაშფორთი; ბაშფორთეჼ) პასპორტი
bačdoⁿ,ბაჩდოჼ,b d,B,GE,n,,bačduj; bačdoneⁿ,ბაჩა ცხენი,small-built horse,малорослая лошадь,**ბაჩდოჼ**  *ბ დ* (ბაჩდუჲ; ბაჩდონეჼ)ბაჩა ცხენი
baca,ბაცა,j,,,n,,,ბაცა - წოვათუშების საცხოვრებელი ადგილის სახელი მთათუშეთში,Batsa (mountainous place of residence of the Tsova-Tush),Баца - название места в Горной Тушети где жили цова-тушинцы,**ბაცა** *ჲ* ბაცა-წოვათუშების საცხოვრებელი ადგილის სახელი მთათუშეთში
bacav,ბაცავ,v b,,,,,bacbi; bacaveⁿ,,,,**ბაცავ**  *ვ ბ* (ბაცბი; ბაცავეჼ)წოვათუში
bacbur,ბაცბურ,,,,,,,,,,"**ბაცბურ** ბაცბური, წოვათუშური"
bacʼar,ბაწარ,d d,D,GE,n,,bacʼreⁿ,"მატყლის ძაფი, ბაწარი",woolen thread,"пряжа, шерстяная нитка","**ბაწარ** დ დ (ბაწრეჼ) მატყლის ძაფი, ბაწარი **წიკეჼ ბაწარ** *დ დ* წვივსაკრავი, ჩახსაკრავი"
baxar-d-alar,ბახარ-დ-ალარ,,,,,,[ga]mdidrdeba,,,,**ბახარ-დ-ალარ** გრდუვ. გამდიდრება ([გა]მდიდრდება)
baxar-d-ar,ბახარ-დ-არ,,,,,,[ga]amdidrebs,,,,**ბახარ-დ-არ** გრდმ. გამდიდრება ([გა]ამდიდრებს)
baxol,ბახოლ,j,,,,,,,,,**ბახოლ** *ჲ* სიმდიდრე
baqqobgeɁ,ბაჴჴობგეჸ,,,,,,,,,,**ბაჴჴობგეჸ** მეტად დიდი;
baǯ,ბაჯ,v b,M,,n,,baǯi; baǯeⁿ,ქვისლი,brother-in-law,свояк,**ბაჯ**  *ვ ბ* (ბაჯი; ბაჯეჼ)ქვისლი
baħ,ბაჰ’,b d,B,,n,,baħeⁿ,"ბირკა, ბირკავა",burdock,"лопух, репейник","**ბაჰ’** *ბ დ* (ბაჰ’ეჼ)ბირკა, ბირკავა (ბალახოვანი მცენარეა) შდრ. ბირკ."
bajgbujgĭ,ბაჲგბუჲგი̆,d d,D,GE,n,,,ბაგიბუგი,"pound, thump",топот,**ბაჲგბუჲგი̆** *დ დ* ბაგიბუგი
bajdaɁŏ,ბაჲდაჸო̆,d d,D,GE,n,,bajdaɁuj; bajdaɁujⁿ,ბადია,bowl,"чаша, миска",**ბაჲდაჸო̆** *დ დ* (ბაჲდაჸუჲ; ბაჲდაჸუჲჼ)ბადია
bajttliⁿ,ბაჲთთლიჼ,,,,,,,,,,**ბაჲთთლიჼ** მთვარიანი
"bajnčbujnčĭ, bančibunči","ბაჲნჩბუჲნჩი̆, ბანჩიბუნჩი",d,,,,,,,,,"**ბაჲნჩბუჲნჩი̆, ბანჩიბუნჩი** *დ* მრ. ბუნჩები, ხმელი ფუტურო კუნძები"
bajrax,ბაჲრახ,b d,B,GE,n,,bajrxi; bajrxeⁿ,ბაირაღი,"flag, banner",знамя,**ბაჲრახ** *ბ დ* (ბაჲრხი; ბაჲრხეჼ) ბაირაღი
bajrtʼqʼbujrtʼqʼĭ,ბაჲრტყბუჲრტყი̆,d d,D,GE,n,,,"ტყაპატყუპი, ბარტყაბურტყი, თქარა-თქურით",tapping,топот,"**ბაჲრტყბუჲრტყი̆** *დ დ* ტყაპატყუპი, თქარა-თქური"
bajqʼlaɁŏ,ბაჲყლაჸო̆,d d,D,GE,n,,bajqʼlaɁuj; bajɁlaɁujⁿ,"ბაყილა, ნორჩი ხე",newly planted tree,молодое деревцо,"**ბაჲყლაჸო̆** *დ დ* (ბაჲყლაჸუჲ; ბაჲჸლაჸუჲჼ) ბაყილა, ნორჩი ხე"
bajčʼaɁŏ,ბაჲჭაჸო̆,d d,D,GE,n,,bajčʼaɁuj; bajčʼaɁujⁿ,ბაჭია,leveret (young hare),зайчонок,**ბაჲჭაჸო̆** *დ დ* (ბაჲჭაჸუჲ; ბაჲჭაჸუჲჼ) ბაჭია
bajqlaɁŏ,ბაჲჴლაჸო̆,d d,D,GE,n,,bajqlaɁuj; bajqlaɁujⁿ,ბახალა,young corvid,птенец вороны,**ბაჲჴლაჸო̆** *დ დ* (ბაჲჴლაჸუჲ; ბაჲჴლაჸუჲჼ) ბახალა
baqč,ბაჴჩ,b d,B,,n,,baqči; baqčeⁿ,"ხეხილის ბაღი, საკარმიდამო მიწის ნაკვეთი ხეხილით, ვენახით, ბოსტნით",orchard,"фруктовый сад, приусадебный участок земли с садом, виноградник, огород","**ბაჴჩ** *ბ დ* (ბაჴჩი; ბაჴჩეჼ) ხეხილის ბაღი, საკარმიდამო ნაკვეთი ხეხილით, ვენახით, ბოსტნით"
begar,ბეგარ,j,J,GE,n,,,ბეგარა,"duty, service","повинность, барщина",**ბეგარ** *ჲ* ბეგარა
begod-d-ar,ბეგოდ-დ-არ,,,GE,vt,,begvavs,ბეგვა (ბეგვავს),"shell, husk, thresh","колотить, бить, выбивать зерна",**ბეგოდ-დ-არ** გრდმ. ბეგვა (ბეგვავს)
bed1,ბედ1,b,B,GE,n,,bedeⁿ,ბედი,fate,"судьба, счастье",**ბედ1** *ბ* (ბედეჼ) ბედი იხ. ატტივ
bed2,ბედ2,,,,adv,,calkʼe gasvla,ცალკე,separately,отдельно,**ბედ2** ზმნს. ცალკე **ბედ დ-ალარ** გრდუვ. გაყრა (ცალკე გასვლა)
bed-bed,ბედ-ბედ,,,,adv,,,ცალ-ცალკე,"one by one, separately",отдельно,**ბედ-ბედ**  ზმნს. ცალ-ცალკე
bedeⁿ,ბედეჼ,,,GE,n,,ixmareba uarqʼopit an kʼitxvit cʼinadadebaši,"ბედენა, განსხვავება (იხმარება უარყოფით ან კითხვით წინადადებში); გარდა, მხოლოდ","difference; except, only","разница (в отрицательном или вопросительном предложениях); кроме, только, лишь","**ბედეჼ** 1. ბედენა, განსხვავება (იხმარება უარყოფით ან კითხვით წინადადებაში) 2. გარდა, მხოლოდ"
bediⁿ,ბედიჼ,,,,a,,,"უცნაური, სხვანაირი, საოცარი","weird, unusual, surprising","необычный, странный, удивительный","**ბედიჼ** უცნაური, სხვანაირი, საოცარი"
bediš,ბედიშ,,,,,,,,,,"**ბედიშ** ზმნს. უცნაურად, სხვანაირად, საოცრად"
bedob,ბედობ,j,J,,n,,,"განსხვავება, სხვდასხვობა",difference,"различие, отличие","**ბედობ** *ჲ* განსხვავება, სხვადასხვაობა"
bedod-d-ar,ბედოდ-დ-არ,,,GE,vt,,bedavs,გაბედვა (ბედავს),"dare, venture","осмеливаться, решаться",**ბედოდ-დ-არ** გრდმ. გაბედვა (ბედავს)სრ. გაბედოდ-დ-არ.
bedux,ბედუხ,,,,n,,sxvaoba,ბედენა (სხვაობა),difference,разница,**ბედუხ** ბედენა (სხვაობა)
b-ettar,ბ-ეთთარ,b,,,,,d-ettri,,,,"**ბ-ეთთარ** *ბ* (დ-ეთთრი) მეწველი ძროხა, კამეჩი, ცხვარი"
bekʼ,ბეკ,b,B,,n,,,გასაკვირი რამ,wonderful thing,удивительное,**ბეკ** *ბ* გასაკვირი რამ
bekʼareⁿ,ბეკარეჼ,,,,,,,,,,"**ბეკარეჼ**  ხუმარა, მასხარა"
bekʼi,ბეკი,b,0b,,n,,,ხუმრობა,jokes,"шутки, шутовство",**ბეკი**  *ბ* მრ. ხუმრობა
bekʼi bo,ბეკი ბო,,,,,,,,,,**ბეკი ბო** *გრდმ. ხუმრობს*
bekʼibar,ბეკიბარ,,,,vt,,xumrobs,ხუმრობა (ხუმრობს),joke,шутить,**ბეკიბარ** გრდმ. ხუმრობა (ხუმრობს)იხ. ბეკი
bekʼiborikʼ,ბეკიბორიკ,"v b, j d",M/F,,n,,,ხუმარა,"clown, fool",шутник,"**ბეკიბორიკ** *ვ ბ, ჲ დ* ხუმარა"
bekʼičʼajnŏ,ბეკიჭაჲნო̆,,,,adv,,,ხუმრობით,jokingly,в шутку,**ბეკიჭაჲნო̆** ხუმრობით
bekʼtʼekʼi,ბეკტეკი,,0d,,n,,,"ხუმრობა, მასხრობა",jokes,шуточки,"**ბეკტეკი**  დ მრ. ხუმრობა, მასხრობა"
bekʼtʼekʼi dar,ბეკტეკი დარ,,,,vt,,,"ხუმრობა, მასხრობა","joke, make jokes",шутить,"**ბეკტეკი დარ** *გრდმ. ხუმრობა, მასხრობა*"
bekʼxetar,ბეკხეთარ,,,,vi,,gaukʼvirdeba,"გაკვირვება (გაუკვირდება), განცვიფრება",be surprised,удивиться,"**ბეკხეთარ** გრდუვ. გაკვირვება (გაუკვირდება), განცვიფრება"
bekʼxet-d-ar,ბეკხეთ-დ-არ,,,,vt,,[ga]akʼvirvebs,"გაკვირვება ([გა]აკვირვებს), განცვიფრება",surprise,"удивлять, удивить","**ბეკხეთ-დ-არ** გრდმ. გაკვირვება ([გა]აკვირვებს), განცვიფრება"
bekʼxetila,ბეკხეთილა,d d,,,,,,,,,"**ბეკხეთილა** *დ დ* საკვირველება, საოცრება"
beldob,ბელდობ,d d,D,GE,n,,,ბელადობა,leadership,быть вождем,**ბელდობ** *დ დ* ბელადობა
beled,ბელედ,v b,M,GE,n,,beldi; beldeⁿ,ბელადი,leader,"вождь, предводить",**ბელედ**  *ვ ბ* (ბელდი; ბელდეჼ) ბელადი
beⁿ,ბეჼ,b d,B,,n,,beni; beneⁿ,"ბუდე, ბუნაგი","nest, lair, den","гнездо, берлога","**ბეჼ**  *ბ დ* (ბენი; ბენეჼ)ბუდე, ბუნაგი"
bergod-d-ar,ბერგოდ-დ-არ,,,GE,vt,,anǯğrevs,ნჯღრევა (არჯღრევს),shake,"трясти, подбрасывать (на арбе)",**ბერგოდ-დ-არ** გრდმ. ნჯღრევა (ანჯღრევს)
bertʼqʼad-d-ar,ბერტყად-დ-არ,,,GE,vt,,bertʼqʼavs,ბერტყვა (ბერტყავს),"beat, shake","вытряхивать, сбивать",**ბერტყად-დ-არ** გრდმ. ბერტყვა (ბერტყავს)
berɬom,ბერლ’ომ,,,,n,,kadagiʒ.,წაქა,curds and whey,,"**ბერლ’ომ** წათხი, წაკა *(ქადაგიძ.)*"
bek,ბექ,b d,B,GE,n,,beki; bekeⁿ,ბექობი,hill,выступ на склоне горы,**ბექ**  *ბ დ* (ბექი; ბექეჼ) ბექობი
beken kondar,ბექენ ქონდარ,d,,,,,bekeⁿ kondreⁿ,,,,**ბექენ ქონდარ** *დ* (ბექეჼ ქონდრეჼ) ბეგქონდარა
beğel,ბეღელ,b d,B,GE,n,,beğli; beğleⁿ,ბეღელი,granary,житница,**ბეღელ**  *ბ დ* (ბეღლი; ბეღლეჼ) ბეღელი
bečʼdad-dar,ბეჭდად-დარ,,,,,,bečʼdavs,,,,**ბეჭდად-დარ** გრდმ. ბეჭდვა (ბეჭდავს)უსრ. დაბეჭდად-დ-არ.
bexkʼ,ბეხკ,b d,B,,n,,,ბრალი,"fault, sin",вина,**ბეხკ** *ბ დ* 1. ბრალი 2. რთული ფუძის ან შესიტყვების შემადგენელი ნაწილი
"bexkʼ baqar, bexkʼ baxar","ბეხკ ბაჴარ, ბეხკ ბახარ",,,,,,brals dasdebs,,,,"**ბეხკ ბაჴარ, ბეხკ ბახარ** გრდმ. ბრალის დადება (ბრალს დასდებს)"
bexkʼbaxujnĭ,ბეხკბახუჲნი̆,,,,,,,,,,**ბეხკბახუჲნი̆** მიმღ. ბრალმდებელი
bexkʼbebllajni,ბეხკბებლლაჲნი,,,,,,,,,,**ბეხკბებლლაჲნი** მიმღ. ბრალდებული
bexkʼcʼiⁿ,ბეხკწიჼ,,,,,,,,,,"**ბეხკწიჼ** უდანაშაულო[დ], უბრალო[დ]"
beǯ,ბეჯ,j j,J,,n,,beǯeⁿ,თმა,hair,волосы,**ბეჯ** *ჲ ჲ* (ბეჯეჼ) თმა
bejbaɁŏ,ბეჲბაჸო̆,j d,F,GE,n,,bejbaɁuj; bejbaɁujⁿ,ბებია ქალი,midwife,повивальная баба,**ბეჲბაჸო̆** *ჲ დ* (ბეჲბაჸუჲ; ბეჲბაჸუჲჼ) ბებიაქალი
"bejdner, bidner, bidnar","ბეჲდნერ, ბიდნერ, ბიდნარ",,,,,,,,,,"**ბეჲდნერ, ბიდნერ, ბიდნარ** 1. იხ. აჲტტვენ 2. ბედნიერი, ციმბირის წყლული"
bejtal,ბეჲთალ,v b,M,GE,n,,bejtli; bejtleⁿ,ბეითალი,vet,ветеринар,"**ბეჲთალ** *ვ ბ* (ბეჲთლი; ბეჲთლეჼ) ბეითალი, საქონლის ექიმი"
bza,ბზა,j j,J,GE,n,,bzajⁿ,ბზა,box tree,самшит,**ბზა** *ჲ ჲ* (ბზაჲჼ) ბზა
bze,ბზე,j j,J,GE,n,,bziš; bzeⁿ,ბზე,"chaff, bran",саман,**ბზე** *ჲ ჲ* (ბზიშ; ბზეჼ) ბზე
bzob,ბზობ,d,D,GE,n,,bzobeⁿ,ბზობა,Palm Sunday,вербное воскресенье,**ბზობ** *დ* (ბზობეჼ) ბზობა
bibilŏ,ბიბილო̆,j j,J,GE,n,,bibiluj; bibilujⁿ,ბიბილო,"bird's comb, crest",гребешок (у птиц),**ბიბილო̆** *ჲ ჲ* (ბიბილუჲ; ბიბილუჲჼ) ბიბილო
bii,ბიი,b d,,,,,,,,,**ბიი** *ბ დ* ბე
bikʼoⁿ,ბიკოჼ,b d,B,GE,n,,bikʼvni; bikʼvneⁿ,"კვარი, ბიკვანი","wood torch, rushlight",лучина,"**ბიკოჼ**  *ბ დ* (ბიკვნი; ბიკვნეჼ) კვარი, ბიკვანი"
bilet,ბილეთ,d d,D,FR; GE; RU,n,,bilti; bilteⁿ,"ბილეთი, მოწმობა",ticket,"билет, удостоверение","**ბილეთ** *დ დ* (ბილთი; ბილთეჼ) ბილეთი, მოწმობა"
bilikʼ,ბილიკ,b d,B,GE,n,,bilkʼi; bilkʼeⁿ,ბილიკი,path,тропинка,**ბილიკ**  *ბ დ* (ბილკი; ბილკეჼ) ბილიკი
bind,ბინდ,b d,B,GE,n,,bindeⁿ,ბინდი,"twilight, dusk",сумерки,**ბინდ**  *ბ დ* (ბინდეჼ) ბინდი
bind baɁar,ბინდ ბაჸარ,,,,vi,,šebinddeba,"შებინდება (შებინდდება), ბინდის მოსვლა",,смеркаться,"**ბინდ ბაჸარ** გრდუვ. შებინდება (შებინდდება), ბინდის მოსვლა"
bind tasbalar,ბინდ თასბალარ,,,,,,,,,,**ბინდ თასბალარ** გრდუვ. დაბინდება
birkʼ,ბირკ,b d,B,GE,n,,birkʼi; birkʼeⁿ,"ბირკა, ბირკი",burr,репейник,"**ბირკ** *ბ დ* (ბირკი; ბირკეჼ) ბირკა, ბირკი"
birkʼaɁŏ,ბირკაჸო̆,d d,D,GE,n,,birkʼaɁujⁿ,ბერიკა,mummer,ряженый,**ბირკაჸო̆** *დ დ* (ბირკაჸუჲჼ) ბერიკა
birkʼen ħacʼukʼ,ბირკენ ჰ’აწუკ,d d,,,,,birkʼen ħajcʼkʼi; birkʼen ħajcʼkʼeⁿ,,,,"**ბირკენ ჰ’აწუკ** *დ დ* (ბირკენ ჰ’აჲწკი; ბირკენ ჰ’აჲწკეჼ)თავწითელა, ჩიტბატონა"
bistʼ,ბისტ,b d,B,,n,,bistʼeⁿ,"წვერი, ბოლო, ნაჭერი, ნაწყვეტი (საბლისა, მანდილისა...)",end,"кончик, кусочек (веревки, косынки)","**ბისტ**  *ბ დ* (ბისტეჼ) წვერი, ბოლო, ნაჭერი, ნაწყვეტი (საბლისა, მანდილისა...)"
bistʼ,ბისტ,,B,,n,,bistʼeⁿ,"წვერი, ბოლო, ნაჭერი, ნაწყვეტი (საბლისა, მანდილისა...)",end,"кончик, кусочек (веревки, косынки)",**ბისტ** (ბისტეჼ) ლიბრი *(ექსპ.)*
bitʼ,ბიტ,d d,,,,,bitʼeⁿ,,,,**ბიტ** *დ დ* (ბიტეჼ) განავალი *(ალირ.)*
"biʒzaj, biʒʒaj","ბიძზაჲ, ბიძძაჲ",j d,,,,,biʒʒajⁿ,,,,"**ბიძზაჲ, ბიძძაჲ** *ჲ დ* (ბიძძაჲჼ) ბიცოლა (მამის ძმის ცოლი)"
biʒĭ,ბიძი̆,v b,M,GE,n,,biʒi; biʒiⁿ,ბიძა (მამის ძმა),uncle,дядя (брат отца),**ბიძი̆** *ვ ბ* (ბიძი; ბიძიჼ) ბიძა (მამის ძმა)
blantʼ,ბლანტ,,,GE,a,,,ბლანტი,sticky,вязкий,**ბლანტ** ბლანტი
blağčiⁿ,ბლაღჩიჼ,v,M,GE; RU,n,,,ბლაღოჩინი,ecclesiastical provost,благочинный,**ბლაღჩიჼ**  *ვ* ბლაღოჩინი
bluv,ბლუვ,"v b, j d",M/F,,n,,bluveⁿ,მუნჯი,mute person,немой,"**ბლუვ** *ვ ბ, ჲ დ* (ბლუვეჼ) მუნჯი"
bned,ბნედ,j j,J,GE,n,,,ბნედა,epilepsy,падучая болезнь,**ბნედ** *ჲ ჲ* ბნედა
bo,ბო,b d,B,,n,,bujⁿ,ნიორი,garlic,чеснок,**ბო**  *ბ დ* (ბუჲჼ) ნიორი
bogir,ბოგირ,b d,B,GE,n,,bujgri; bujgreⁿ,ბოგირი,planked bridge,мостик,**ბოგირ** *ბ დ* (ბუჲგრი; ბუჲგრეჼ) ბოგირი
bod,ბოდ,j j,J,,n,,bodi; bodeⁿ,მახე,"snare, noose, trap",силок,**ბოდ** *ჲ ჲ* (ბოდი; ბოდეჼ) მახე
bodiš,ბოდიშ,b d,B,GE,n,,bujdši; bujdšeⁿ,ბოდიში,apology,извинение,**ბოდიშ** *ბ დ* (ბუჲდში; ბუჲდშეჼ) ბოდიში
bodiš beqar,ბოდიშ ბეჴარ,,,,,,,,,,**ბოდიშ ბეჴარ** გრდმ. ბოდიშის მოხდა
bozbaš,ბოზბაშ,d d,D,GE,n,,,ბოზბაში,mutton soup,бозбаш (суп из баранины),**ბოზბაშ**  *დ დ* ბოზბაში
bott,ბოთთ,b d,B,,n,,battiⁿ,ქარქაში,scabbard,ножны,**ბოთთ** *ბ დ* (ბათთიჼ) ქარქაში
botl,ბოთლ,j j,J,GE,n,,botli; botlaⁿ,ბოთლი,bottle,бутылка,**ბოთლ** *ჲ ჲ* (ბოთლი; ბოთლაჼ) ბოთლი
botx,ბოთხ,b d,B,,n,,batxiⁿ,საქმე (ძირითადად ქალისა),work (mostly woman's),работа (в основном женская),"**ბოთხ** *ბ დ* (ბათხიჼ) 1. საქმე (ძირითადად ქალისა), 2. რთული ფუძის ან შესიტყვების შემადგენელი ნაწილი **ბოთხბარ**გრდმ. მუშაობა (მუშაობს), საქმის კეთება **ბოთხბითარ** გრდმ. დასაქმება, საქმის კეთებინება"
bolkʼaɁŏ,ბოლკაჸო̆,d d,D,GE,n,,bolkʼaɁuj; bolkʼaɁujⁿ,ბოლოკა,bastard cabbage,репница,**ბოლკაჸო̆** *დ დ* (ბოლკაჸუჲ; ბოლკაჸუჲჼ)ბოლოკა
bolokʼ,ბოლოკ,b d,B,GE,n,,,ბოლოკი,radice,"редька, редис",**ბოლოკ**  *ბ დ* ბოლოკი
bolŏ,ბოლო̆,b d,B,GE,n,,boluj; bolujⁿ,ბოლო; ბოლო (ფრინველისა),end; bird's tail,"конец, окончание; хвост (птицы)",**ბოლო̆** *ბ დ* (ბოლუჲ; ბოლუჲჼ)1. ბოლო 2. ბოლო (ფრინველისა)
borag,ბორაგ,b b,Bb,,n,,borgi,ჩითი (ნაქსოვი ფეხსაცმელი),cotton footwear,"вязаная, шерстяная обувь",**ბორაგ** *ბ ბ* (ბორგი) ჩითი (ნაქსოვი ფეხსაცმელი)
"borbol, burbul","ბორბოლ, ბურბულ",b d,,,,,bujrbli; bujrbleⁿ,,,,"**ბორბოლ, ბურბულ** *ბ დ* (ბუჲრბლი; ბუჲრბლეჼ) ბორბალი, თვალი"
borkʼil,ბორკილ,b d,B,GE,n,,bujrkʼli; bujrkʼleⁿ,ბორკილი,"shackles, fetters","кандалы, оковы",**ბორკილ** *ბ დ* (ბუჲრკლი; ბუჲრკლეჼ) ბორკილი
borš,ბორშ,d d,D,,n,,baršluj,"მოზვერი, ბუღა",bull,"бычок, бугай","**ბორშ** *დ დ* (ბარშლუჲ) მოზვერი, ბუღა"
borc,ბორც,b d,B,,n,,,ფეტვი,millet,просо,**ბორც** *ბ დ* ფეტვი
bos,ბოს,b d,B,,n,,basiš; basiⁿ,ფერი,colour,цвет,"**ბოს** *ბ დ* (ბასიშ; ბასიჼ) ფერი  **ბასლო̆ თასარ** გრდმ. შეღებვა (ფერში ჩაგდება) **ბოს ბაალ’არ** გრდუვ. ფერის წასვლა, გაცრეცა, გახუნება"
bos baɬar,ბოს ბალ’არ,,,,,,pers miscems,,,,"**ბოს ბალ’არ** გრდმ. ფერის მიცემა (ფერს მისცემს) **ბოსბალ’ენო̆**  ფერწასული, ფერმკრთალი, უფერო; გახუნებული; **ბოს თელ’ბალარ** გრდუვ. ფერის მიცემა (ფერი ეძლევა); **ბოს ჰ’აჴარ** გრდმ. შეღებვა, ფერის წასმა"
bostʼnaɁŏ,ბოსტნაჸო̆,d d,D,GE,n,,bostʼnaɁuj; bostʼnaɁujⁿ,ბოსტანა,mole cricket,навозный жук,**ბოსტნაჸო̆** *დ დ* (ბოსტნაჸუჲ; ბოსტნაჸუჲჼ) ბოსტანა
botʼ1,ბოტ1,b d,B,,n,,batʼiⁿ,ცომი,dough,тестo,**ბოტ1** *ბ დ* (ბატიჼ) ცომი
botʼ2,ბოტ2,d d,D,GE,n,,botʼi; batʼiⁿ,თიკანი,goat kid,козленок,**ბოტ2** *დ დ* (ბოტი; ბატიჼ) თიკანი იხ. ბოჰ’
botʼiⁿ,ბოტიჼ,,,,,,,,,,"**ბოტიჼ** უმი, ცომი, გამოუმცხვარი"
boğur,ბოღურ,b d,B,,n,,bujğri; bujğreⁿ,პალო,stake,кол,**ბოღურ** *ბ დ* (ბუჲღრი; ბუჲღრეჼ) პალო
boqʼ,ბოყ,b d,B,GE,n,,boqʼi; boqʼeⁿ,ბოყვი,wooden planks,деревянное приспособление для укрепления досок,"**ბოყ** *ბ დ* (ბოყი; ბოყეჼ) ბოყვი (ჩარჩო, რომელშიაც [კედლის] ფიცრებია ჩასმული)"
boqʼriⁿ,ბოყრიჼ,,,,,,kʼaltʼ,,,,"**ბოყრიჼ** (კალტ) *(ცალკე აღარ გამოიყენება, აღნიშნავს ტრადიციული წესით დავარგებული ხაჭოს სახეობას)* დავარგებული (ხაჭო) *(ექსპ.)*"
bočkʼ,ბოჩკ,b d,B,RU,n,,bočkʼi; bočkʼeⁿ,კასრი,wooden barrel,бочка,**ბოჩკ** *ბ დ* (ბოჩკი; ბოჩკეჼ) კასრი
boʒ,ბოძ,b d,B,GE,n,,boʒi; boʒeⁿ,ბოძი,"post, pillar",столб,**ბოძ** *ბ დ* (ბოძი; ბოძეჼ) ბოძი
boʒkʼintʼ,ბოძკინტ,b d,B,GE,n,,boʒkʼintʼi,"ბოძკინტი, პატარა ბოძი",small pillar,столбик,"**ბოძკინტ** *ბ დ* (ბოძკინტი) ბოძკინტი, პატარა ბოძი"
boħ,ბოჰ’,d d,D,,n,,boħi,ციკანი,goat kid,козленок,**ბოჰ’** *დ დ* (ბოჰ’ი) ციკანი
bojtʼĭ,ბოჲტი̆,d d,D,GE,n,,botʼuj; botʼujⁿ,ბოტი,billy-goat,нехолощенный козел,"**ბოჲტი̆** *დ დ* (ბოტუჲ; ბოტუჲჼ) ბოტი, დაუკოდავი მამალი თხა"
boqč,ბოჴჩ,b d,B,GE,n,,boqči; boqčeⁿ,ბოხჩა,type of cloth,узелок,**ბოჴჩ** *ბ დ* (ბოჴჩი; ბოჴჩეჼ) ბოხჩა
bžaⁿ,ბჟაჼ,d,D,,n,,,საქონელი (უპირატესად ძროხა),large cattle,скотина (в основном корова),**ბჟაჼ** *დ* საქონელი (უპირატესად ძროხა)
bžansaⁿ,ბჟანსაჼ,,,,,,stʼakʼ va,,,,"**ბჟანსაჼ** (სტაკ ვა) დამყოლი, უინიციატივო (კაცია)"
bžantʼ,ბჟანტ,j,J,GE,n,,bžantʼeⁿ,ბჟანტი,marsh,травянистое место со стоячей водой (вроде болота),**ბჟანტ** *ჲ* (ბჟანტეჼ)ბჟანტი (მინდორში გამომდინარე წყარო)
bžira-d-axar,ბჟირა-დ-ახარ,,,,vt,,,"დამწხვრევა, დალეწა",shatter,в дребезги ломать,"**ბჟირა-დ-ახარ** გრდმ. დამსხვრევა, დალეწა იხ. დ-აახარ2"
bžirod-d-ar,ბჟიროდ-დ-არ,,,GE,vt,,"daamsxvrevs, amsxvrevs","დამსხვრევა (დაამსხვრევს, ამსხვრევს), ჩამსხვრევა","break, crash","разбить, разбивать","**ბჟიროდ-დ-არ** გრდმ. დამსხვრევა (დაამსხვრევს, ამსხვრევს), ჩამსხვრევა"
brag,ბრაგ,d d,D,,n,,bragi; brageⁿ,წერაქვი,pickaxe,кирка,**ბრაგ** *დ დ* (ბრაგი; ბრაგეჼ) წერაქვი
brajgbrujgĭ,ბრაჲგბრუჲგი̆,d d,D,GE,n,,,"ბრაგაბრუგი, ბრაგუნი","thud, trampling","стучать, топать (ногами)","**ბრაჲგბრუჲგი̆** *დ დ* ბრაგაბრუგი, ბრაგუნი"
brekad-d-alar,ბრექად-დ-ალარ,,,GE,vi,,ibrikeba,ბრექა (იბრიქება),"inflate, peacock","вытягиваться, выпрямляться, чваниться",**ბრექად-დ-ალარ** გრდუვ. ბრექა (იბრიქება)
brinǯ,ბრინჯ,b d,B,GE,n,,brinǯeⁿ,ბრინჯი,rice,рис,**ბრინჯ**  *ბ დ* (ბრინჯეჼ) ბრინჯი
briqʼv,ბრიყვ,v b; j d,M/F,GE,n,,briqʼveⁿ,ბრიყვი,fool,невежа,**ბრიყვ** *ვ ბ; ჲ დ* (ბრიყვეჼ) ბრიყვი
brol,ბროლ,d d,D,GE,n,,broleⁿ,ბროლი,chrystal,хрусталь,**ბროლ**  *დ დ* (ბროლეჼ) ბროლი
brujtʼeⁿ,ბრუჲტეჼ,,,,,,cxvari an sxva *pʼirutʼqʼvi,,,,"**ბრუჲტეჼ** რეტიანი, რეტით დაავადებული (ცხვარი ან სხვა *პირუტყვი)*"
brʒeⁿ,ბრძეჼ,v b,M,GE,n,,brʒeni; brʒeneⁿ,ბრძენი,"sage, wise man",мудрец,**ბრძეჼ**  *ვ ბ* (ბრძენი; ბრძენეჼ) ბრძენი
buasil,ბუასილ,j,J,GE,n,,,ბუასული,haemorroids,геморрой,**ბუასილ** *ჲ* ბუასილი
bubkʼi,ბუბკი,d,,,,,,,,,**ბუბკი**  *დ*  მრ. სამკაულები **ბუბუკ ჴოთთარ** გრდმ. ყვავილების გამოტანა (გამოიტანს)
bubukʼ,ბუბუკ,d d,D,,n,,bubkʼi; bubkʼeⁿ,ყვავილი,flower,цветок,**ბუბუკ**  *დ დ* (ბუბკი; ბუბკეჼ) 1. ყვავილი 2. ქალის ზედმეტი სახელი
budešur,ბუდეშურ,j j,J,GE,n,,,ბუდეშური,white grape variety,виноград (особый сорт),**ბუდეშურ**  *ჲ ჲ* ბუდეშური
butt,ბუთთ,b d,B,,n,,battiš; battiⁿ,მთვარე; თვე,moon; month,"луна, месяц",**ბუთთ**  *ბ დ* (ბათთიშ; ბათთიჼ) მთვარე; თვე
buj,ბუჲ,b j,Bj,,n,,buerč; bujⁿ,"მუშტი; მუჭა, პეშვი",fist; handful,кулак; горсть,"**ბუჲ** *ბ ჲ* (ბუერჩ; ბუჲჼ) 1. მუშტი 2. მუჭა, პეშვი"
bujn ecar,ბუჲნ ეცარ,,,,,,,,,,"**ბუჲნ ეცარ** გრდმ. მუჭაში აღება, მომუჭვა"
bujsa,ბუჲსა,j j,J,,n,,bujsajšĭ; bujsaⁿ,ღამე,night,ночь,**ბუჲსა** *ჲ ჲ* (ბუჲსაჲში̆; ბუჲსაჼ)ღამე
bujsa jeq,ბუჲსა ჲეჴ,,,,,,ğamis gadaxda,,,,**ბუჲსა ჲეჴ** გრდმ. (ღამის გადახდა) **ბუჲს[ვ]ა ხილ’არ**დაღამება
bujsŭ,ბუჲსუ̆,,,,adv,,,"ღამით, ღამე",at night,ночью,"**ბუჲსუ̆** ზმნს. ღამით, ღამე"
bujħ,ბუჲჰ’,d d,,,,,"bujħerč, bujħi; bujħeⁿ",,,,"**ბუჲჰ’** *დ დ* (ბუჲჰ’ერჩ, ბუჲჰ’ი; ბუჲჰ’ეჼ) ბუ"
bulaqʼ,ბულაყ,b d,B,,n,,bulqʼi; bulqʼeⁿ,ჭა,well,колодец,**ბულაყ** *ბ დ* (ბულყი; ბულყეჼ) ჭა
"bulbul, bulbulaɁŏ","ბულბულ, ბულბულაჸო̆",b d,,,,,bulblaɁuj; bulblaɁujⁿ,,,,"**ბულბულ, ბულბულაჸო̆** *ბ დ*  ან *დ დ* (ბულბლაჸუჲ; ბულბლაჸუჲჼ) ბულბული"
bultk,ბულთქ,b d,B,,n,,bultki; bultkeⁿ,"ბუჩქი, ჩირგვი, ბოლქვი","bush, shrub","куст, клубень","**ბულთქ** *ბ დ* (ბულთქი; ბულთქეჼ) ბუჩქი, ჩირგვი, ბოლქვი"
bultkarna,ბულთქარნა,,,,,,,,,,"**ბულთქარნა** დ ჩირგვნარი, ბოლქვნარი"
bulğ,ბულღ,b d,B,GE,n,,bulği; bulğeⁿ,"ხრახნი, ბურღი",drill,"винт, бурав","**ბულღ**  *ბ დ* (ბულღი; ბულღეჼ) ხრახნი, ბურღი"
bumbul,ბუმბულ,j j,J,GE,n,,bumbli; bumbleⁿ,ბუმბული,"plumage, fluff","перья, пух",**ბუმბულ**  *ჲ ჲ* (ბუმბლი; ბუმბლეჼ) ბუმბული
bunag,ბუნაგ,d d,D,GE,n,,bungi; bungeⁿ,ჭურჭელი,dishes,посуда,**ბუნაგ**  *დ დ* (ბუნგი; ბუნგეჼ) ჭურჭელი
buneb,ბუნებ,j,J,GE,n,,bunbeⁿ,ბუნება,nature,природа,**ბუნებ** *ჲ* (ბუნბეჼ) ბუნება
burbušel,ბურბუშელ,d d,D,GE,n,,burbušli,"ბურბუშელა, ბაბუაწვერა",dandelion,одуванчик,"**ბურბუშელ** *დ დ* (ბურბუშლი) ბურბუშელა, ბაბუაწვერა"
"burdlaɁŏ, burdğlaɁŏ","ბურდლაჸო̆, ბურდღლაჸო̆",d d,,,,,burdğlauj; burdğlaɁujⁿ,,,,"**ბურდლაჸო̆, ბურდღლაჸო̆** *დ დ* (ბურდღლაუჲ; ბურდღლაჸუჲჼ)საფრთხობელა; გადაცმული ბერიკები; ავი სული, ეშმაკი"
burdŏ,ბურდო̆,d d,D,GE,n,,,ბურდო,straw,"солома, слегка молоченая",**ბურდო̆** *დ დ* ბურდო
burt,ბურთ,b d,B,GE,n,,burti; burteⁿ,ბურთი,ball,мяч,**ბურთ** *ბ დ* (ბურთი; ბურთეჼ)ბურთი
burnit,ბურნით,d,D,GE,n,,,ბურნუთი,snuff tabacco,нюхательный табак,**ბურნით** *დ* ბურნუთი
burtʼqʼ: burtʼqʼbaħar,ბურტყ: ბურტყბაჰ’არ,,,,,,moadens,,,,**ბურტყ: ბურტყბაჰ’არ** გრდმ. ტყაპანის მოდენა (მოადენს)
burğnebad-d-alar,ბურღნებად-დ-ალარ,,,GE,vi,,bğavis,ბღავილი (ბღავის),bleat,реветь (о быке),**ბურღნებად-დ-ალარ** გრდუვ. ბღავილი (ბღავის)
burʒğum,ბურძღუმ,b d,B,,n,,,კრიკინა,wild grape,лесной виноград,**ბურძღუმ** *ბ დ* კრიკინა
busu-busu,ბუსუ-ბუსუ,,,,adv,,,ღამღამობით,by night,по ночам,**ბუსუ-ბუსუ** ღამღამობით
busurbaⁿ,ბუსურბაჼ,v b,M,Arab.,n,,busurbani; busurbaneⁿ,მუსლიმანი,muslim,мусульманин,**ბუსურბაჼ**  *ვ ბ* (ბუსურბანი; ბუსურბანეჼ) მუსლიმანი
busus,ბუსუს,b d,B,GE,n,,bususi/bursli,ბუსუსი,"down, fluff","пух, пушок",**ბუსუს**  *ბ დ* (ბუსუსი/ბურსლი) ბუსუსი
buk,ბუქ,b d,B,GE,n,,,ბუქი,snowstorm,метель,**ბუქ** *ბ დ* ბუქი
bukⁿ,ბუქჼ,j j,,,,,bukni; bukneⁿ,,,,**ბუქჼ**  *ჲ ჲ* (ბუქნი; ბუქნეჼ) ბუქნა
buknjar,ბუქნჲარ,,,,,,buknavs,,,,**ბუქნჲარ** გრდმ. ბუქნა (ბუქნავს)
buğ,ბუღ,b,B,GE,n,,,ბუღი,fog,духота,**ბუღ** *ბ* ბუღი
buğar,ბუღარ,,,,,,alir.,,,,**ბუღარ** ლენცოფა *(ალირ.)*
buqʼ stʼakʼ,ბუყ სტაკ,v,,,,,,,,,**ბუყ სტაკ** *ვ* შუახნის კაცი; იხ. ჲუყ2
buqʼ1,ბუყ1,,B,,n,,baqʼbi; buqʼeⁿ,"წელი; ცხენის მოსართავი, გარსაკრავი",waist; horse's girth,поясница; подпруга,"**ბუყ1** (ბაყბი; ბუყეჼ) 1. წელი (ანატ.) 2. ცხენის მოსართავი, გარსაკრავი"
buqʼ2,ბუყ2,b,B,,n,,,თაობა,generation,"поколение, колено (в потомстве)",**ბუყ2** *ბ* თაობა
buc,ბუც,j,J,,n,,buceⁿ,ბალახი; ერთგვარი ბალახია,grass; type of grass,трава; вид травы,**ბუც**  *ჲ* (ბუცეჼ) 1. ბალახი
bux d-axar,ბუხ დ-ახარ,,,,,,ʒirs cʼasvla,,,,"**ბუხ დ-ახარ** გრდუვ. დალექვა (ძირს წასვლა) **ბუხეჰ’ დ-ისენო̆** მიმღ. ნალექი, ძირში დარჩენილი"
bux1,ბუხ1,b,B,,n,,buxeⁿ,დედალი საქონელის სასქესო ორგანო,cow's vagina,половой орган самки,"**ბუხ1** *ბ* (ბუხეჼ) 1. ძირი, ფსკერი 2. ნაძირალი, ნალექი, ძირი"
bux2,ბუხ2,b,B,,vi,n,,,,,**ბუხ2** *ბ* დედალი საქონლის სასქესო ორგანო
buxar,ბუხარ,b d,B,GE,n,,buxri; buxreⁿ,ბუხარი,"hearth, fireplace",камин,**ბუხარ**  *ბ დ* (ბუხრი; ბუხრეჼ) ბუხარი
buxbuxdar,ბუხბუხდარ,,,,,,,,,,"**ბუხბუხდარ** გრდმ. ბურტყუნი, ბუხუნი"
buxcʼiⁿ,ბუხწიჼ,,,,,,,,,,**ბუხწიჼ**  უძირო
buhar,ბუჰარ,,J,GE,n,,buhri; buhreⁿ,ბუერა,butterbur,белокопытник,**ბუჰარ** ჲ ჲ (ბუჰრი; ბუჰრეჼ) ბუერა
buŭdar,ბუუ̆დარ,,,,vt,,,ბზუილი,"buzz, hum, drone",жужжать,**ბუუ̆დარ** გრდმ. ბზუილი
buħ,ბუჰ’,b d,B,,n,,buħeⁿ,"ჩხუბი, ომი","fight, brawl, war","драка, война, ссора","**ბუჰ’** *ბ დ* (ბუჰ’ეჼ) ჩხუბი, ომი **ბუჰ’ბარ** გრდმ. ჩხუბი (ჩხუბობს), ომი (ომობს)*;* **ბუჰ’ თასარ** გრდმ. ჩხუბის ჩამოგდება, განხეთქილების მოხდენა"
"buħborikʼ, buħlakʼ","ბუჰ’ბორიკ, ბუჰ’ლაკ",,,,,,,,,,"**ბუჰ’ბორიკ, ბუჰ’ლაკ** მოჩხუბარი, მოშუღარი"
buħturi,ბუჰ’თური,d,,,n,,,,pl,,"**ბუჰ’თური** *დ* ჩხუბი, ომი („ჩხუბხმლები“)"
buħturidar,ბუჰ’თურიდარ,,,,,,davobs,,,,"**ბუჰ’თურიდარ** გრდმ. დავა (დავობს), ჩხუბი (ჩხუბობს), ომი (ომობს)**ბუჰ’თურითასარ** გრდმ. ჩხუბის ატეხა, ჩამოგდება, ომის მოხდენა"
bğaǯ,ბღაჯ,d d,,,,,,,,,**ბღაჯ** *დ დ* ზღარბი *(ქადაგიძ.)*
"bʕa, bʕarčeɁ","ბჵა, ბჵარჩეჸ",,,,,,,,,,"**ბჵა, ბჵარჩეჸ** ზმნს. ყოველთვის"
bʕagal,ბჵაგალ,b d,B,,n,,bʕagli; bʕagleⁿ,მეჭეჭი,wart,бородавка,**ბჵაგალ** *ბ დ* (ბჵაგლი; ბჵაგლეჼ)მეჭეჭი
bʕaglareⁿ,ბჵაგლარეჼ,,,,,,,,,,**ბჵაგლარეჼ**  მეჭეჭ[ებ]იანი
bʕakʼaⁿ,ბჵაკაჼ,j j,J,,n,,bʕakʼni; bʕakʼneⁿ,გუდა,leather bag (for cheese),кожаный мешок (для сыра),**ბჵაკაჼ** *ჲ ჲ* (ბჵაკნი; ბჵაკნეჼ) გუდა
bʕaⁿ,ბჵაჼ,b d,B,,n,,bʕani; bʕaneⁿ,"წვერი (ხანჯლისა, ხისა...)","point, top","острие, верхушка (кинжала, дерева)",**ბჵაჼ** *ბ დ* (ბჵანი; ბჵანეჼ) წვერი; წვერო
bʕanareⁿ,ბჵანარეჼ,,,,,,,,,,**ბჵანარეჼ** წვერიანი
bʕara,ბჵარა,j j,J,,n,,,მარყუჟი (ცხენის დასაჭერად),"lasso, loop",петля (для поимки лошади),**ბჵარა** *ჲ ჲ* მარყუჟი (ცხენის დასაჭერად) **ბჵარა ჲილ’არ** მარყუჟის დადება
bʕara-d-ar,ბჵარა-დ-არ,,,,,,daaxvedrebs,,,,"**ბჵარა-დ-არ**  გრდმ. დახვედრება (დაახვედრებს), მიგებება (მიაგებებს), შეხვედრება"
bʕar-d-axar,ბჵარ-დ-ახარ,,,,,,šexvdeba,,,,**ბჵარ-დ-ახარ** გრდუვ. შეხვედრა (შეხვდება)
bʕar-d-axenŏ,ბჵარ-დ-ახენო̆,,,,,,,,,,**ბჵარ-დ-ახენო̆** მიმღ. შეხვედრილი
bʕarixar,ბჵარიხარ,,,,,,xvdeba,,,,**ბჵარიხარ** გრდმ. შეხვედრა (ხვდება)
bʕarkʼ,ბჵარკ,b j,Bj,,n,,bʕarkʼi; bʕarkʼaⁿ,"თვალი; თვალი (ოთახი); თვალი, ყულფი, კილო","eye; buttonhole, noose",глаз; количество комнат; петля,"**ბჵარკ** *ბ ჲ* (ბჵარკი; ბჵარკაჼ) 1. თვალი 2. თვალი (ოთახი)3. თვალი, ყულფი, კილო 4. რთული ფუძის ან შესიტყვების შემადგენელი ნაწილი"
bʕarkʼ bitar,ბჵარკ ბითარ,,,,,,,,,,"**ბჵარკ ბითარ** გრდმ. თვალის დევნება, თვალის დაჭერა, მიხედვა"
bʕarkʼ bitujnĭ,ბჵარკ ბითუჲნი̆,,,,,,,,,,"**ბჵარკ ბითუჲნი̆** მიმღ. 1. დასახედავი, მოსავლელი 2. ყურის მგდებელი, ყარაული"
"bʕarkʼ bocʼar, bʕarkʼ bebcʼar","ბჵარკ ბოწარ, ბჵარკ ბებწარ",,,,,,gaaqʼolebs,,,,"**ბჵარკ ბოწარ, ბჵარკ ბებწარ** გრდმ. თვალის გაყოლება (გააყოლებს)**ბჵარკ დაღუჲნი̆** თვალში მოსასვლელი, მიმზიდველი, მოსაწონი"
"bʕarkʼ d-aɁar, bʕarkʼ ixar","ბჵარკ დ-აჸარ, ბჵარკ იხარ",,,,,,"tvalši mosdis, tvalši mouva",,,,"**ბჵარკ დ-აჸარ, ბჵარკ იხარ** გრდუვ. თვალში მოსვლა (თვალში მოსდის, თვალში მოუვა), მოწონება"
bʕarkʼ meqʼbar,ბჵარკ მეყბარ,,,,,,,,,,"**ბჵარკ მეყბარ** გრდმ. თვალის დაჭერა, ყურის გდება, თვალთვალი"
bʕarkʼ meqʼbujnĭ,ბჵარკ მეყბუჲნი̆,,,,,,,,,,"**ბჵარკ მეყბუჲნი̆** მიმღ.. ყურის მგდებელი, მეთვალყურე, მზვერავი"
bʕarkʼ co daɁar,ბჵარკ ცო დაჸარ,,,,,,,,,,"**ბჵარკ ცო დაჸარ** გრდუვ. დაწუნება, თვალში არ მოსვლა"
bʕarkʼ co qačujnĭ,ბჵარკ ცო ჴაჩუჲნი̆,,,,,,,,,,**ბჵარკ ცო ჴაჩუჲნი̆** მიმღ. თვალუწვდენელი
bʕarkʼ qaɁbar,ბჵარკ ჴაჸბარ,,,,,,,,,,**ბჵარკ ჴაჸბარ** გრდმ. თვალის მოკვრა
bʕarkʼ qastʼbar,ბჵარკ ჴასტბარ,,,,,,,,,,**ბჵარკ ჴასტბარ** გრდმ. თვალის მიმოვლება
"bʕarkʼan čujnĭ, bʕarkʼan čujnuj","ბჵარკან ჩუჲნი̆, ბჵარკან ჩუჲნუჲ",d,,,,,,,,,"**ბჵარკან ჩუჲნი̆, ბჵარკან ჩუჲნუჲ** *დ* მრ. წამწამები (თვალთა ბეწვები)"
bʕarkʼbar,ბჵარკბარ,,,,vt,,,"გათვალვა, თვალის კვრა",put the evil eye,сглазить,"**ბჵარკბარ** გრდმ. გათვალვა, თვალის კვრა"
bʕarkʼbexkʼbalar,ბჵარკბეხკბალარ,,,,vi,,,დაბინდება,fall (night),"наступление темноты, сумерек",**ბჵარკბეხკბალარ**  გრდუვ. დაბინდება
"bʕarkʼbexkʼbalinŏ, bʕarkʼbexkʼbajlnŏ","ბჵარკბეხკბალინო̆, ბჵარკბეხკბაჲლნო̆",,,,,,,,,,"**ბჵარკბეხკბალინო̆, ბჵარკბეხკბაჲლნო̆** მიმღ. დაბინდებული"
bʕarkʼbijenŏ,ბჵარკბიჲენო̆,,,,ptcp,,,"გათვალული, თვალნაკლავი; გამთვალავი","under the evil eye, jinxed; jinxer","тот, кого сглазим; сглазивший","**ბჵარკბიჲენო̆** მიმღ. 1. გათვალული, თვალნაკრავი 2. გამთვალავი"
bʕarkʼen guš,ბჵარკენ გუშ,,,,,,,,,,"**ბჵარკენ გუშ** ზმნს. თვალდასანახად, ცხადად, აშკარად, თვალწინ"
bʕarkʼen gujni,ბჵარკენ გუჲნი,,,,,,tvali rasac xedavs,,,,"**ბჵარკენ გუჲნი** მიმღ. ხილული, აშკარა, ცხადი (თვალი რასაც ხედავს)"
bʕarkʼi tepxjar,ბჵარკი თეფხჲარ,,,,,,,,,,**ბჵარკი თეფხჲარ** გრდმ. თვალების ხამხამი
bʕarkʼin daginŏ,ბჵარკინ დაგინო̆,,,,,,,,,,"**ბჵარკინ დაგინო̆** მიმღ. თვალით მნახველი, დამნახველი, მხილველი"
bʕarkʼicʼiⁿ,ბჵარკიწიჼ,,,,,,,,,,"**ბჵარკიწიჼ**  ბრმა, უთვალ[ებ]ო"
bʕarkʼqačujla,ბჵარკჴაჩუჲლა,,D,,n,,,"თვალსაწიერი, ცის კიდე",horizon,"небосклон, горизонт","**ბჵარკჴაჩუჲლა** თვალსაწიერი, ცის კიდე"
bʕarkʼʕiriⁿ,ბჵარკჵირიჼ,,,,,,,,,,**ბჵარკჵირიჼ** თვალმახვილი
bʕarğo,ბჵარღო,,,,n,,,"შესახვედრი ადგილი, შესაყარი (წყლისა...), შეხვედრა","meeting place, confluence, meeting","место встречи, слияния (рек), встреча",**ბჵარღო**  მყოფ. იხ. ბჵარ-დ-ახარ
bʕarğujla,ბჵარღუჲლა,d d,,,,,,,,,"**ბჵარღუჲლა** *დ დ* შესახვედრი ადგილი, შესაყარი (წყლისა), შეხვედრა"
bʕarčeɁ,ბჵარჩეჸ,,,,,,,,,,"**ბჵარჩეჸ** ზმნს. მუდმივად, ყოველთვის"
bʕarcʼ-d-ar,ბჵარწ-დ-არ,,,,,,[da]abrmavebs,,,,**ბჵარწ-დ-არ** გრდმ. დაბრმავება ([და]აბრმავებს)
bʕarcʼ-d-ajlnŏ,ბჵარწ-დ-აჲლნო̆,,,,,,,,,,**ბჵარწ-დ-აჲლნო̆** მიმღ. დაბრმავებული
bʕarcʼeⁿ,ბჵარწეჼ,,,,a,,,"ბრმა, უსინათლო",blind,слепой,"**ბჵარწეჼ**  ბრმა, უსინათლო"
bʕarcʼol,ბჵარწოლ,j,,,,,,,,,**ბჵარწოლ** *ჲ* სიბრმავე
bʕarcʼoⁿ,ბჵარწოჼ,d d,D,,n,,bʕarcʼuj; bʕarcʼujⁿ,ჯორი,mule,мул,**ბჵარწოჼ** *დ დ* (ბჵარწუჲ; ბჵარწუჲჼ)ჯორი
bʕastʼ,ბჵასტ,b d,B,,n,,bʕatʼeⁿ,დიყი,hogweed,борщевик,**ბჵასტ** *ბ დ* (ბჵატეჼ) დიყი
bʕe,ბჵე,,,,,,bʕeⁿ,,,,"**ბჵე** (ბჵეჼ) ჯარი, ლაშქარი *(ექსპ.)* **ბჵო** *(შიფნ.)*"
bʕog,ბჵოგ,b d,B,,n,,bʕogi; bʕogeⁿ,ბელტი; ყამირი,"clod, lump",пласт (привспашке)ж целина,"**ბჵოგ** *ბ დ* (ბჵოგი; ბჵოგეჼ) ბელტი, ყამირი"
bʕokʼ,ბჵოკ,b d,B,,n,,bʕokʼi; bʕokʼeⁿ,"ბოტი, ვაცი",billy-goat,козел,"**ბჵოკ**  *ბ დ* (ბჵოკი; ბჵოკეჼ) ბოტი, ვაცი"
bʕarkʼan kʼilŏ,ბჵარკან კილო̆,,,,,,bʕarkʼaⁿ kʼiluj,,,,**ბჵარკან კილო̆** (ბჵარკაჼ კილუჲ) ქუთუთო *(ექსპ.)*
bʕestʼakʼ,ბჵესტაკ,v b,,,,,bʕenax; bʕestʼakʼeⁿ,,,,**ბჵესტაკ** *ვ ბ* (ბჵენახ; ბჵესტაკეჼ) მეომარი *(შიფნ.)*
bʕorcʼ,ბჵორწ,b d,B,,n,,bʕarcʼajlč/bʕarcʼelč; bʕarcʼiⁿ,მგელი,wolf,волк,**ბჵორწ** *ბ დ* (ბჵარწაჲლჩ/ბჵარწელჩ; ბჵარწიჼ) მგელი *(ქადაგიძ. ბერთ და სხვ)*
gag1,გაგ1,j j,J,,n,,gageⁿ,"ბაბა, პური - ბავშვის ენაზე",bread (in child's language),детское название хлеба,"**გაგ1** *ჲ ჲ* (გაგეჼ) ბაბა, პური, ბავშვის ენაზე"
gag2,გაგ2,b d,B,,n,,gagi; gageⁿ,მტევანი,"bunch, cluster",кисть (винограда...),**გაგ2** *ბ დ* (გაგი; გაგეჼ) მტევანი
gagaⁿ,გაგაჼ,j j,J,,n,,gagni; gagneⁿ,კვერცხი,egg,яйцо,**გაგაჼ**  *ჲ ჲ* (გაგნი; გაგნეჼ) კვერცხი
gagaɁŏ,გაგაჸო̆,d d,D,,n,,gagaɁuj; gagaɁujⁿ,"მუცელი, კუჭი","stomach, belly","живот, желудок","**გაგაჸო̆** *დ დ* (გაგაჸუჲ; გაგაჸუჲჼ) მუცელი, კუჭი"
gag-d-ar,გაგ-დ-არ,,,,vt,,"pʼatʼronobs, upʼatʼronebs","პატრონობა (პატრონობს, უპატრონებს), მოვლა, შენახვა, ყარაულობა","protect, keep, guard","ухаживать, беречь, оберегать, сторожить, смотреть","**გაგ-დ-არ** გრდმ. პატრონობა (პატრონობს, უპატრონებს), მოვლა, შენახვა, ყარაულობა"
gag-d-itar,გაგ-დ-ითარ,,,,,,"šesanaxad, mosavlelad micema",,,,"**გაგ-დ-ითარ** გრდმ. შენახვინება (შესანახად, მოსავლელად მიცემა)"
gag-d-ujnĭ mimğ.,გაგ-დ-უჲნი̆ მიმღ.,,,,,,,,,,"**გაგ-დ-უჲნი̆ მიმღ.** 1. შესანახი, მოსავლელი  2. შესანახი, მომვლელი"
gagutʼtʼ,გაგუტტ,,,,interj,,,გუგუ!,cuckoo! (call of cuckoo),куку,**გაგუტტ** გუგუ!
gav,გავ,d d,D,,n,,gavi; gaveⁿ,შულო,skein,в длину намотанные нитки,"**გავ** *დ დ* (გავი; გავეჼ) შულო, ძაფის კონა, ხიფი"
gaz1,გაზ1,b d,B,GE,n,,gazeⁿ,გაზი,"tongs, pincers",клещи,"**გაზ1** *ბ დ* (გაზეჼ) გაზი, ბრტყელტუჩა იარაღი"
gaz2,გაზ2,b d,B,GE; RU,n,,,გაზი,gas,газ,"**გაზ2** *ბ დ* გაზი, ნივთიერების აიროვანი მდგომარეობა"
gazaⁿ,გაზაჼ,b d,B,,n,,gazar; gazneⁿ,თხა,goat,"коза, козел",**გაზაჼ** *ბ დ* (გაზარ; გაზნეჼ)თხა
gatkvirbad-d-alar,გათქვირბად-დ-ალარ,,,GE,vi,,,გათქვირება,ripen,стать упитанным,**გათქვირბად-დ-ალარ**  გათქვირება
gatkvirbad-d-ajlnŏ,გათქვირბად-დ-აჲლნო̆,,,,,,,,,,**გათქვირბად-დ-აჲლნო̆** მიმღ. გათქვირებული
gakʼujliⁿ,გაკუჲლიჼ,,,,,,,,,,"**გაკუჲლიჼ** მუცლიანი, ღიპიანი"
gakʼŏ,გაკო̆,d d,D,,n,,gakʼuj; gakʼujⁿ,ბალთა,"clasp, buckle",металлическая застежка (для ремней),**გაკო̆** *დ დ* (გაკუჲ; გაკუჲჼ) ბალთა
gal,გალ,j j,J,,n,,,არყის ხე,birch,береза,**გალ** *ჲ ჲ* არყის ხე
galaⁿ,გალაჼ,j j,J,,n,,galbi; galneⁿ,გუნდა,"ball, clump","ком, комок",**გალაჼ** *ჲ ჲ* (გალბი; გალნეჼ) გუნდა
galarna,გალარნა,,,,,,,,,,"**გალარნა** დ არყიანი, არყნარი"
galur,გალურ,,,GE,a,,,გარეული,wild,дикий,**გალურ** გარეული
gam,გამ,b d,B,,n,,,ხვეწი,chisel,стаместка,**გამ**  *ბ დ* ხვეწი
gamartod-d-ar,გამართოდ-დ-არ,,,GE,vt,,,გამართვა,straighten,"устроить, закончить стройку, обставить",**გამართოდ-დ-არ** გრდმ. გამართვა
"gamgarǯon, gamgarǯuⁿ","გამგარჯონ, გამგარჯუჼ",,,,,,,,,,"**გამგარჯონ, გამგარჯუჼ** მრუდე, არასწორი"
gam-d-ar,გამ-დ-არ,,,,vt,,[ga]amrudebs,"გამრუდება ([გა]ამრუდებს), მოხრა ([მო]ხრის), მოკაკვა, გაღუნვა",bend sth,"искривить, искривлять","**გამ-დ-არ** გრდმ. გამრუდება ([გა]ამრუდებს), მოხრა ([მო]ხრის), მოკაკვა, გაღუნვა"
"gamna, gajmna","გამნა, გაჲმნა",d d,,,,,simrude,,,,"**გამნა, გაჲმნა** *დ დ* ოღრო-ჩოღრო (სიმრუდე), უსწორმასწორო"
"gamon, gamuⁿ","გამონ, გამუჼ",,,,,,,,,,"**გამონ, გამუჼ** 1. მრუდე, უსწორმასწორო 2. გადატ. გაიძვერა, გაქნილი"
gamopuğrad-d-ar,გამოფუღრად-დ-არ,,,GE,vt,,amoğrutʼnis,ამოღრუტნა (ამოღრუტნის),hollow out,выдолбить,**გამოფუღრად-დ-არ** გრდმ. ამოღრუტნა (ამოღრუტნის)
"gamoš, gamuš","გამოშ, გამუშ",,,,,,,,,,"**გამოშ, გამუშ** ზმნს. მრუდედ, არასწორად"
gamocxadbad-d-alar,გამოცხადბად-დ-ალარ,,,GE,vi,,gamocxaddeba,გამოცხადება (გამოცხადდება),"be announced, informed","явиться, известить, объявить",**გამოცხადბად-დ-ალარ** გრდუვ. გამოცხადება (გამოცხადდება)
gamocxadbad-d-ar,გამოცხადბად-დ-არ,,,GE,vt,,gamoacxadebs,გამოცხადება (გამოაცხადებს),"announce, inform","объявить, объявлять",**გამოცხადბად-დ-არ** გრდმ. გამოცხადება (გამოაცხადებს)
gamoʒivbadjacʼiⁿ,გამოძივბადჲაწიჼ,,,GE,a,,,"გამოუძიებელი, გამოუძიებლად",without inquiry,без расследования,"**გამოძივბადჲაწიჼ** გამოუძიებელი, გამოუძიებლად"
gamočʼedad-dar,გამოჭედად-დარ,,,,,,,,,,**გამოჭედად-დარ** გრდმ. გამოჭედვა
gamčeⁿ,გამჩეჼ,v,M/F,GE,n,,,გამჩენი,creator,создатель,**გამჩეჼ** *ვ* ან *ჲ* გამჩენი
gana,განა,,,,,,,,,,**განა**  აბა
ganabad-d-alar,განაბად-დ-ალარ,,,GE,vt,,gainabeba,განაბვა (გაინაბება),hold one's breath,притаиться,**განაბად-დ-ალარ**  გრდმ. განაბვა (გაინაბება)
gang,განგ,j j,J,,n,,,"უხეირო, ჯაგლაგი ცხენი",decrepit horse,кляча,"**განგ**  *ჲ ჲ* უხეირო, ჯაგლაგი ცხენი"
gangal,განგალ,b d,B,,n,,gangli; gangleⁿ,"ეჟვანი, ზანზალაკი",small bell,колокольчик,"**განგალ** *ბ დ* (განგლი; განგლეჼ) ეჟვანი, ზანზალაკი"
ganğaɁ,განღაჸ,,,,interj,,,"დიახაც, დიახამც",indeed,"да, без сомнения","**განღაჸ** დიახაც, დიახამც"
ganqʼop,განყოფ,"v b, j d",M/F,GE,n,,ganqʼopi; ganqʼopeⁿ,"განაყოფი, განაყარი, ნათესავი (ერთი გვარისა)",blood relative,родственник (однофамилец),"**განყოფ** *ვ ბ, ჲ დ* (განყოფი; განყოფეჼ) განაყოფი, განაყარი, ნათესავი (ერთი გვარისა)"
ganǯiⁿ,განჯიჼ,d d,D,GE,n,,ganǯini; ganǯineⁿ,განჯინა,cupboard,стенной шкаф,**განჯიჼ**  *დ დ* (განჯინი; განჯინეჼ)განჯინა
gažletʼad-d-ar,გაჟლეტად-დ-არ,,,GE,vt,,gažletʼs,გაჟლეტა (გაჟლეტ),"slay, massacre","истребить, уничтожить",**გაჟლეტად-დ-არ** გრდმ. გაჟლეტა (გაჟლეტს) *უსრ. ჟლეტად-დ-არ*
gar,გარ,,,,interj,,,"მოიცა, დამაცადე","wait, hold on","постой, погоди","**გარ** მოიცა, დამაცადე"
gara,გარა,,,,interj,,,აბა,well,ну-ка,**გარა** აბა
garg,გარგ,,,,adv,,sait?,zmns.; rtuli puʒis an šesiṭq̇vebis šemadgeneli nac̣ili,,,**გარგ**  ზმნს. 1. ახლოს (საით?) 2. რთული ფუძის ან შესიტყვების შემადგენელი ნაწილი; **გარგ დ-ახარ** გრდუვ. ახლოს მისვლა; **გარგ ეჴჴარ** გრდუვ. ახლოს [გადა]ხტომა **გარგ დ-აჸარ** გრდუვ. ახლოს მოსვლა. **გარგ დ-ილლარ** ახლოს დადება.
garga,გარგა,j j,,,,,manʒilisa,,,,**გარგა** *ჲ ჲ* სიახლოვე (მანძილისა)
garg-d-alar,გარგ-დ-ალარ,,,,,,,,,,"**გარგ-დ-ალარ** გრდუვ. მიახლოება, მოახლოება, დაახლოება"
garg-d-ar,გარგ-დ-არ,,,,,,daaaxloebs,,,,"**გარგ-დ-არ** გრდმ. დაახლოება (დააახლოებს), მიახლოება"
gargeħ,გარგეჰ’,,,,,,sad?,,,,**გარგეჰ’** ზმნს. ახლოს (სად?)იხ. გარგ.
garglen1,გარგლენ1,,,,,,,,,,**გარგლენ1** ზმნს. ახლოდან
garglen2,გარგლენ2,,,,,,gargleni,,,,**გარგლენ2**  (გარგლენი)ახლობელი
garglenčʼ,გარგლენჭ,,,,,,,,,,"**გარგლენჭ** ძალიან ახლობელი, უახლოესი"
gard,გარდ,,,GE,post,,,გარდა,except,кроме,**გარდ** თანდ. გარდა
gartxmad-d-ar1,გართხმად-დ-არ1,,,GE,vt,,gačʼimavs,გაჭიმვა (გაჭიმავს),stretch,"растягивать, распластать",**გართხმად-დ-არ1** გრდმ. გაჭიმვა (გაჭიმავს)
gartxmad-d-ar2,გართხმად-დ-არ2,,,GE,vt,,"silisa, ǯoxisa","ძლიერი გარტყმა (სილისა, ჯოხისა)",hit very hard,"треснуть, сильно ударить","**გართხმად-დ-არ2**ძლიერი გარტყმა (სილისა, ჯოხისა)"
garidbad-d-alar,გარიდბად-დ-ალარ,,,GE,vi,,gaerideba,"გარიდება (გაერიდება), მორიდება","move away, leave","отстраниться, отойти, удалиться","**გარიდბად-დ-ალარ**  გრდუვ. გარიდება (გაერიდება), მორიდება"
garidbad-d-ar,გარიდბად-დ-არ,,,GE,vt,,gaaridebs,"გარიდება (გაარიდებს), მორიდება","remove, carry off","отстранить, отвести","**გარიდბად-დ-არ** გრდმ. გარიდება (გაარიდებს), მორიდება"
garmojeb,გარმოჲებ,j j,J,GE,n,,,"გარემოება, მდგომარეობა","circumstances, situation",обстоятельство,"**გარმოჲებ** *ჲ ჲ* გარემოება, მდგომარეობა"
garp,გარფ,j j,J,,n,,,"შეჭამანდი, ხარშო; სალაფავი",skilly-type dish,похлебка,"**გარფ** *ჲ ჲ* შეჭამანდი, ხარშო, სალაფავი"
garqʼnad-d-alar,გარყნად-დ-ალარ,,,GE,vi,,gairqʼvneba,"გარყვნა (გაირყვნება), გაფუჭება","be ruined, spoiled","развратиться, испортиться","**გარყნად-დ-ალარ** გრდუვ. გარყვნა (გაირყვნება), გაფუჭება"
garqʼnad-d-ar,გარყნად-დ-არ,,,GE,vt,,garqʼvnis,"გარყვნა (გარყვნის), გაფუჭება","spoil, ruin","развратить, испортить, избаловать","**გარყნად-დ-არ** გრდმ. გარყვნა (გარყვნის), გაფუჭება"
garǯod-d-alar,გარჯოდ-დ-ალარ,,,,,,gairǯeba,,,,"**გარჯოდ-დ-ალარ** გრდუვ. გარჯა (გაირჯება), შრომა"
garǯolajnĭ,გარჯოლაჲნი̆,,,,ptcp,,,გამრჯე,hardworking,"старательный, трудолюбивый",**გარჯოლაჲნი̆** მიმღ. გამრჯე
gasadevar,გასადევარ,j j,J,GE,n,,gasadevreⁿ,"გასადევარი, საძოვარი",grazing land,пастбище,"**გასადევარ** *ჲ ჲ* (გასადევრეჼ) გასადევარი, საძოვარი"
gasğeb,გასღებ,b d,B,GE,n,,gasğebi; gasğebeⁿ,გასაღები,key,ключ,**გასღებ** *ბ დ* (გასღები; გასღებეჼ) გასაღები
gasxlad-d-ar,გასხლად-დ-არ,,,GE,vt,,,გასხვლა,"trim, prune","обрезать, подстричь (ветви)",**გასხლად-დ-არ**  გრდმ. გასხვლა
gasxlad-d-ijenŏ,გასხლად-დ-იჲენო̆,,,,,,,,,,**გასხლად-დ-იჲენო̆** მიმღ. გასხლული
gatʼutʼad-d-alar,გატუტად-დ-ალარ,,,GE,vi,,,"მოკურცხვლა, გაქუსვლა, სწრაფად გაქცევა","rush, run",быстро бежать,"**გატუტად-დ-ალარ** გრდუვ. მოკურცხვლა, გაქუსვლა, სწრაფად გაქცევა"
gatʼutʼad-d-ar,გატუტად-დ-არ,,,GE,vt,,gaakcevs,"სწრაფად გაქცევა (გააქცევს), გაფრენა (გაფრენს)",make sb run off,заставить быстро убежать,"**გატუტად-დ-არ** გრდმ. სწრაფად გაქცევა (გააქცევს), გაფრენა (აფრენს)"
gaubidrebad-d-alar,გაუბიდრებად-დ-ალარ,,,GE,vi,,,გაუბედურება,become unhappy,стать несчастным,**გაუბიდრებად-დ-ალარ** გრდუვ. გაუბედურება
gaubidrebad-d-ar,გაუბიდრებად-დ-არ,,,GE,vt,,gaaubedurebs,გაუბედურება (გააუბედურებს),make unhappy,сделать несчастным,**გაუბიდრებად-დ-არ** გრდმ. გაუბედურება (გააუბედურებს)
"gaugax qejbcʼŭ,","გაუგახ ჴეჲბწუ̆,",d d,,,,,gaŭgax xibcʼi,,,,"**გაუგახ ჴეჲბწუ̆,** **გაუ̆გახ ჴიბწი̆**  *დ დ* (გაუ̆გახ ხიბწი) მუხლებზე ჩამოსაკიდი, მუხლსაფარი, წინსაფარი"
gaucʼurtnav,გაუწურთნავ,,,GE,a,,,"გაუწვრთნელი; ბრიყვი, უხეში","untrained; clumsy, foolish","невыезженный, недрессированный, невоспитанный, невежа","**გაუწურთნავ** გაუწვრთნელი, ბრიყვი, უხეში"
gapantʼod-d-alar,გაფანტოდ-დ-ალარ,,,GE,vi,,gaipantʼeba,"გაფანტვა (გაიფანტება), გაბნევა",be scattered,"рассыпаться, рассеяться","**გაფანტოდ-დ-ალარ** გრდუვ. გაფანტვა (გაიფანტება), გაბნევა"
gapantʼod-d-ar,გაფანტოდ-დ-არ,,,GE,vt,,gapantʼavs,გაფანტვა (გაფანტავს),"scatter, dispel","разбросать, рассеять, рассыпать",**გაფანტოდ-დ-არ** გრდმ. გაფანტვა (გაფანტავს)
gapicxbad-d-alar,გაფიცხბად-დ-ალარ,,,GE,vi,,gapicxdeba,გაფიცხება (გაფიცხდება),,"разгорячиться, вспылить",**გაფიცხბად-დ-ალარ** გრდუვ. გაფიცხება (გაფიცხდება)
gaprangbad-d-alar,გაფრანგბად-დ-ალარ,,,GE,vi,,gaprangdeba,"გაფრანგება (გაფრანგდება), ძლიერ აღელვება. გაჯავრება",,"взбеситься, выйти из себя","**გაფრანგბად-დ-ალარ** გრდუვ. გარფანგება (გაფრანგდება), ძლიერი აღელვება,"
gakir ebcʼar,გაქირ ებწარ,,,,,,ǯiutʼobs,,,,**გაქირ ებწარ** გრდმ. ჯიუტობა (ჯიუტობს)
"gakir, gakujrĭ","გაქირ, გაქუჲრი̆",j j,,,,,,,,,"**გაქირ, გაქუჲრი̆** *ჲ ჲ* გაქირი"
gaksivbad-d-alar,გაქსივბად-დ-ალარ,,,GE,vi,,gaksuvdeba,გაქსუება (გაქსუვდება),,"одичать, стать недомовитым",**გაქსივბად-დ-ალარ**  გრდუვ. გაქსუება (გაქსუვდება)
gağeğad-d-ajlnŏ,გაღეღად-დ-აჲლნო̆,,,GE,ptcp,,,გაღეღილი,,распахнувшийся,**გაღეღად-დ-აჲლნო̆** მიმღ. გაღეღილი
gaqʼvlepad-d-ar,გაყვლეფად-დ-არ,,,GE,vt,,gaqʼvleps,გაყვლეფა (გაყვლეფს),,"содрать кожу, ободрать",**გაყვლეფად-დ-არ** გრდმ. გაყვლეფა (გაყვლეფს)
gačarxod-d-ar,გაჩარხოდ-დ-არ,,,GE,vt,,gačarxavs,"გაჩარხვა (გაჩარხავს), გალესვა",,отточить,"**გაჩარხოდ-დ-არ** გრდმ. გაჩარხვა (გაჩარხავს), გალესვა *უსრ. ჩარხოდ-დ-არ.*"
gačarxod-d-itar,გაჩარხოდ-დ-ითარ,,,GE,vt,,gaačarxvinebs,გაჩარხვინება (გააჩარხვინებს),,заставить отточить,**გაჩარხოდ-დ-ითარ** გრდმ. გაჩარხვინება (გააჩარხვინებს)
gačağbad-d-alar,გაჩაღბად-დ-ალარ,,,,,,gačağdeba,,,,"**გაჩაღბად-დ-ალარ**  გრდუვ. გაჩაღება (გაჩაღდება), დანთება"
gačağbad-d-ar,გაჩაღბად-დ-არ,,,GE,vt,,gaačağebs,გაჩაღება (გააჩაღებს),,"разжечь, развести (огонь), осветить",**გაჩაღბად-დ-არ**  გრდმ. გაჩაღება (გააჩაღებს)უსრ. ჩაღბად-დ-არ.
gačenad-d-ar,გაჩენად-დ-არ,,,GE,vt,,gaačens,გაჩენა (გააჩენს),,"создать, взять (откуда-то)","**გაჩენად-დ-არ**  გრდმ. გაჩენა, (გააჩენს)"
gaʒvirbad-d-alar,გაძვირბად-დ-ალარ,,,GE,vi,,gaʒvirdeba,გაძვირება (გაძვირდება),,вздорожать,**გაძვირბად-დ-ალარ** გრდუვ. გაძვირება (გაძვირდება)
gacʼurtnad-d-ar,გაწურთნად-დ-არ,,,GE,vt,,,გაწვრთნა,,"выдрессировать, вышколить",**გაწურთნად-დ-არ** გრდმ. გაწვრთნა
gacʼqʼromad-d-alar,გაწყრომად-დ-ალარ,,,GE,vi,,gacʼqʼreba,"გაწყრომა (გაწყრება), შერისხვა",,"прогневаться, рассердиться","**გაწყრომად-დ-ალარ** გრდუვ. გაწყრომა (გაწყრება), შერისხვა"
gačʼimad-d-ar,გაჭიმად-დ-არ,,,GE,vt,,gačʼimavs,გაჭიმვა (გაჭიმავს),,растянуть,**გაჭიმად-დ-არ**  გრდმ. გაჭიმვა (გაჭიმავს)
gačʼirbad-d-alar,გაჭირბად-დ-ალარ,,,GE,vi,,sčʼirdeba,დაჭირება (სჭირდება); გაჭირვება (გაუჭირდება),,"нуждаться (в ком, в чем-нибудь)","**გაჭირბად-დ-ალარ** გრდუვ. დაჭირება (სჭირდება), გაჭირვება (გაუჭირდება)"
gačʼqʼletʼad-d-ar,გაჭყლეტად-დ-არ,,,GE,vt,,,გაჭყლეტა,,раздавить,**გაჭყლეტად-დ-არ** გრდმ. გაჭყლეტა
gaxiznod-d-alar,გახიზნოდ-დ-ალარ,,,GE,vi,,gaixizneba,გახიზვნა (გაიხიზნება),,"переселиться, укрыться (в лесу, горах...)",**გახიზნოდ-დ-ალარ**  გრდუვ. გახიზვნა (გაიხიზნება)
gaxiznod-d-ar,გახიზნოდ-დ-არ,,,GE,vt,,gaxiznavs,"გახიზვნა (გახიზნავს), გადასახლება",,"укрыть, переселить","**გახიზნოდ-დ-არ** გრდმ. გახიზვნა (გახიზნავს), გადასახლება"
gaxširbad-d-alar,გახშირბად-დ-ალარ,,,GE,vi,,gaxširdeba,გახშირება (გახშირდება),,"участиться, распространиться",**გახშირბად-დ-ალარ** გრდუვ. გახშირება (გახშირდება)
gaǯ,გაჯ,j j,J,GE,n,,gaǯeⁿ,გაჯი,"gypsum, plaster",гажа,**გაჯ**  *ჲ ჲ* (გაჯეჼ) გაჯი
gaǯanǯlebad-d-ar,გაჯანჯლებად-დ-არ,,,GE,vt,,gaaǯanǯlebs,"გაჯანჯლება (გააჯნჯლებს), დახანება",,"заниматься волокитой, тянуть (дело)","**გაჯანჯლებად-დ-არ** გრდმ. გაჯანჯლება (გააჯანჯლებს), დახანება"
gaǯarbad-d-alar,გაჯარბად-დ-ალარ,,,GE,vi,,gaǯavrdeba,გაჯავრება (გაჯავრდება),,рассердиться,**გაჯარბად-დ-ალარ**  გრდუვ. გაჯავრება (გაჯავრდება)უსრ. ჯარბად-დ-ალარ.
gaǯarbad-d-ar grdm.,გაჯარბად-დ-არ გრდმ.,,,,,,gaaǯavrebs,,,,**გაჯარბად-დ-არ გრდმ.** გაჯავრება (გააჯავრებს) *უსრ. ჯარბად-დ-არ.*
gaŭgar,გაუ̆გარ,,,,n,,ičokebs,,,,"**გაუ̆გარ** რთული ფუძის ან შესიტყვების შემადგენელი ნაწილი **გაუ̆გარ ეთთარ** გრდუვ. დაჩოქება (იჩოქებს), მუხლებზე დადგომა **გაუ̆გარ ეთთ-დ-არ** გრდმ. დაჩოქება (აჩოქებს), მუხლებზე დაყენება **გაუ̆გარ თას-დ-ალარ** გრდუვ. მუხლებზე დავარდნა, დაცემა"
gaŭgareⁿ,გაუ̆გარეჼ,,,,,,gaŭgarni,,,,"**გაუ̆გარეჼ** (გაუ̆გარნი)1. მუხლიანი, მუხლმაგარი, მარდი 2. მუხლიანი (მცენარე)"
gaŭgŭ,გაუ̆გუ̆,b j,Bj,,n,,gaguj; gagujⁿ,მუხლი,knee,колено,**გაუ̆გუ̆** *ბ ჲ* (გაგუჲ; გაგუჲჼ) მუხლი **გაუ̆გან ჰ’აჲრი̆** *ჲ*  კვირისტავი (მუხლების წისქვილი) **გაგუჲნ ქორთო̆** მუხლისთავი
gaqednad-d-ar,გაჴედნად-დ-არ,,,GE,vt,,gaxednis,გახედნა (გახედნის),,"выездить, выдрессировать",**გაჴედნად-დ-არ** გრდმ. გახედნა (გახედნის) უსრ. ჴედნად-დარ
gaqednad-d-acʼiⁿ,გაჴედნად-დ-აწიჼ,,,GE,a,,,"გაუხედნავი, გაუხედნავად",,"невыезженный, недрессированный","**გაჴედნად-დ-აწიჼ** გაუხედნავი, გაუხედნავად"
gaqednad-d-ijenŏ,გაჴედნად-დ-იჲენო̆,,,GE,ptcp,,,"გახედნილი, ნახედნი",,выезженный,"**გაჴედნად-დ-იჲენო̆** მიმღ. გახედნილი, ნახედნი"
gaqednad-d-ujnĭ,გაჴედნად-დ-უჲნი̆,,,GE,ptcp,,,გასახედნი; გამხედნი,,"тот, кого надо выдрессировать; дрессировщик",**გაჴედნად-დ-უჲნი̆** მიმღ. 1. გასახედნი
gaqinod-d-ar,გაჴინოდ-დ-არ,,,GE,vt,,gačʼedavs,გაჭედვა (გაჭედავს); გაგლესა,,набить до отказа; сплошь покрыть (жиром...),**გაჴინოდ-დ-არ** 1) გაჭედვა (გაჭედავს) 2 ) გაგლესა
gebs,გებს,b d,B,GE,n,,gebsi; gebseⁿ,კვირა,week,неделя,**გებს** *ბ დ* (გებსი; გებსეჼ) კვირა
gezel,გეზელ,,,,,,alir.,,,,**გეზელ** მშიშარა *(ალირ.)*
gezelgeɁ,გეზელგეჸ,,,,,,,,,,**გეზელგეჸ** *მეტად მშიშარა;*
gems,გემს,,,,,,čʼrelašv.,,,,**გემს** ნამცეცი *(ჭრელაშვ.)*
gercʼ,გერწ,d d,D,,n,,gercʼeⁿ,იარაღი,weapon,оружие,**გერწ**  *დ დ* (გერწეჼ) იარაღი
gercʼlov,გერწლოვ,,,,,,šipn.,,,,"**გერწლოვ** იარაღიანი, თოფოსანი *(შიფნ.)*"
=geɁ,=გეჸ,,,,,,,,,,**=გეჸ** ნაწ. მეტადღა
gviril,გვირილ,d d,D,GE,n,,,გვირილა,daisy,ромашка,**გვირილ**  *დ დ* გვირილა
gvritʼ,გვრიტ,b d,B,GE,n,,gvritʼi; gvritʼeⁿ,გვრიტი,turtle dove,горлица,**გვრიტ** *ბ დ* (გვრიტი; გვრიტეჼ) გვრიტი
girgam,გირგამ,b d,B,GE,n,,girgmi; girgmeⁿ,გვირგვინი,crown,"корона, венец",**გირგამ**  *ბ დ* (გირგმი; გირგმეჼ) გვირგვინი
girgmaleⁿ,გირგმალეჼ,,,GE,a,,,გვირგვინიანი,crowned,имеющий корону,**გირგმალეჼ**  გვირგვინიანი
glex,გლეხ,d d,D,GE,n,,glexi; glexeⁿ,გლეხი,peasant,крестьянин,**გლეხ** *დ დ* (გლეხი; გლეხეჼ) გლეხი
"gog, gogar","გოგ, გოგარ",,,,,,,,,,"**გოგ, გოგარ** რთული ფუძის ან შესიტყვების შემადგენელი ნაწილი გარს=გარშემო იხ. გოგო̆"
gog[a]rmagriⁿ,გოგ[ა]რმაგრიჼ,,,,,,,,,,**გოგ[ა]რმაგრიჼ** 1. მომრგვალო 2. ჩამრგვალებული
gogar-d-ar,გოგარ-დ-არ,,,,vt,,[da]amrgvalebs,"დამრგვალება ([და]ამრგვალებს), მომრგვალება",round off,"округлить, округлять","**გოგარ-დ-არ** გრდმ. დამრგვალება ([და]ამრგვალებს), მომრგვალება"
gogar-d-ijenŏ,გოგარ-დ-იჲენო̆,,,,ptcp,,,დამრგვალებული,rounded,закругленный,**გოგარ-დ-იჲენო̆** მიმღ. დამრგვალებული
gogbaxujla,გოგბახუჲლა,d d,D,,n,,garmsvleloba,ლიტანია (გარსმსვლელობა),littany,литания,**გოგბახუჲლა** *დ დ* ლიტანია (გარმსვლელობა)
gogbaxujnĭ,გოგბახუჲნი̆,v b,M,,n,,gogbaxujni; gobaxujniⁿ,მეველე (გარს მსვლელი),field watcher,"сторож (полевой), кругом обходящий",**გოგბახუჲნი̆** *ვ ბ* (გოგბახუჲნი; გობახუჲნიჼ) მეველე (გარს მსვლელი)
gogbičʼaɁo,გოგბიჭაჸო,d d,D,GE,n,,gogbičʼaɁuj; gogbičʼaɁujⁿ,"მოლაღური, ""ბიჭო გოგია""",oriole,иволга,"**გოგბიჭაჸო** *დ დ* (გოგბიჭაჸუჲ; გოგბიჭაჸუჲჼ) მოლაღური, „ბიჭო გოგია“"
"gogbopcinŏ, gogbujpcno","გოგბოფცინო̆, გოგბუჲფცნო",d d,,,,,gars,,,,"**გოგბოფცინო̆, გოგბუჲფცნო** *დ დ* მიმღ. (გარს) მოწნული, გარშემოღობილი"
"gogex, gogix","გოგეხ, გოგიხ",,,,,,,,,,"**გოგეხ, გოგიხ** ზმნს. 1. გარშემო, ირგვლივ, გარს 2. უკან"
gogird,გოგირდ,d d,D,GE,n,,gogirdeⁿ,გოგირდი,sulphur,сера,**გოგირდ** *დ დ* (გოგირდეჼ) გოგირდი
"gogr, gugr","გოგრ, გუგრ",j j,,,,,gugri; gugreⁿ,,,,"**გოგრ, გუგრ** *ჲ ჲ* (გუგრი; გუგრეჼ) გოგრა"
gogriⁿ,გოგრიჼ,b d,,,,,,,,,"**გოგრიჼ** 1. მრგვალი 2. *ბ დ* აბაზიანი, თეთრი ფული"
gogriš,გოგრიშ,,,,adv,,,მრგვლად,(in the) round,округло,**გოგრიშ** მრგვლად
gogxa,გოგხა,j j,J,,n,,,"გარშემო ადგილები, ირგვლივ, მიდამო",surroundings,окрестности,"**გოგხა**  *ჲ ჲ* გარშემო ადგილები, ირგვლივი, მიდამო"
gogxeɁ,გოგხეჸ,,,,adv,,,"გარშემო, ირგვლივ",around,"вокруг, кругом","**გოგხეჸ** ზმნს. გარშემო, ირგვლივ"
gogŏ,გოგო̆,b d,B,,,n,gogujⁿ,,,,"**გოგო̆** *ბ დ* (გოგუჲჼ) რგოლი, სალტე, რკალი, წრე 2. ზმნს. გარს, გარშემო"
godor,გოდორ,b d,B,GE,n,,godri; godreⁿ,გოდორი,basket,корзина,**გოდორ** *ბ დ* (გოდრი; გოდრეჼ)გოდორი
gol,გოლ,j j,J,,n,,goleⁿ,ფიჭა,honeycomb,соты,**გოლ** *ჲ ჲ* (გოლეჼ) ფიჭი
golliⁿ,გოლლიჼ,,,GE,a,,,"გონიერი, ჭკვიანი","intelligent, reasonable","умный, рассудительный","**გოლლიჼ** გონიერი, ჭკვიანი"
golŏ,გოლო̆,j j,J,GE,n,,,გვალვა,drought,засуха,**გოლო̆** *ჲ ჲ* გვალვა
gomur,გომურ,b d,B,GE,n,,gujmri; gujmreⁿ,გომური,(winter) stall,"хлев, скотник, стойло",**გომურ**  *ბ დ* (გუჲმრი; გუჲმრეჼ) გომური
=gomciⁿ,=გომციჼ,,,,,,,,,,**=გომციჼ** რთული თადებული
goⁿ,გოჼ,j j,J,GE,n,,goneⁿ,"ჭკუა, გონება","mind, intellect","ум, рассудок","**გოჼ** *ჲ ჲ* (გონეჼ) ჭკუა, გონება"
gon d-aɁar,გონ დ-აჸარ,,,,,,morčeba,,,,"**გონ დ-აჸარ** გრდუვ. 1. ჭკუაზე მოსვლა, დაჭკვიანება 2. მორჩენა (მორჩება)**გონთას-დ-ალარ**  გრდუვ. ჭკუაში ჩავარდნა, დაჭკვიანება, გონს მოსვლა **გონთასარ** გრდმ. 1. ჭკუაზე მოყვანა 2. გონს მოყვანა, მობრუნება, გამოფხიზლება **გონ დოჸ-დ-არ** გრდმ. მორჩენა (მოარჩენს), მოსულიერება, ჭკუაზე მოყვანა **გონ იხარ** გრდუვ. 1. მორჩენა, გამოჯანმრთელება 2. ჭკუაში მოსვლა (ჭკუაში მოუვა) **გონ ჴელარ** დარიგება, მითითება (ჭკუაზე მოყვანა) იხ. გოჼ"
goⁿ,გოჼ,,J,GE,n,,,"ჭკუა, გონება","mind, intellect","ум, рассудок","**გოჼ** რთული ფუძის ან შესიტყვების შემადგენელი ნაწილი ჭკუაზე, გონებაზე"
gon jaɬar,გონ ჲალ’არ,,,,,,,,,,"**გონ ჲალ’არ** გრდუვ. ჭკუის დაკარგვა, გაოცება, გაშტერება **გოჼჲალ’ენო̆** მიმღ. გაოცებული, გაშტერებული"
goneb,გონებ,j,J,GE,n,,,"გულისყური, გონება","attention, mind","внимание, ум","**გონებ** *ჲ* გულისყური, გონება"
goneb jastʼjalar,გონებ ჲასტჲალარ,,,,,,goneba [ga]exsneba,,,,"**გონებ ჲასტჲალარ** *გრდუვ. გონების გახსნა (გონება [გა]ეხსნება), განვითარება*"
goncʼar-d-alar,გონწარ-დ-ალარ,,,,,,gasuleldeba,,,,"**გონწარ-დ-ალარ** გრდუვ. გასულელება (გასულელდება), გაგიჟება"
"goncʼar-d-alinŏ, goncʼar-d-ajlnŏ","გონწარ-დ-ალინო̆, გონწარ-დ-აჲლნო̆",,,,,,,,,,"**გონწარ-დ-ალინო̆, გონწარ-დ-აჲლნო̆** მიმღ. გასულელებული"
goncʼar-d-ar,გონწარ-დ-არ,,,,,,"gaasulelebs, učʼkʼuos gaxdis",,,,"**გონწარ-დ-არ**  გრდმ. გასულელება (გაასულელებს, უჭკუოს გახდის)"
goncʼiⁿ,გონწიჼ,,,,,,,,,,"**გონწიჼ** სულელი, უჭკუო[დ], უგონო[დ]"
goncʼol,გონწოლ,j j,,,,,,,,,"**გონწოლ** *ჲ ჲ* უჭკუობა, სისულელე"
gonxiⁿ teplar,გონხიჼ თეფლარ,,,,,,,,,,**გონხიჼ თეფლარ** ჭკუიდან შეშლა სრ. თილ’არ
gonǯ,გონჯ,j j,J,GE,n,,,გონჯი; გონჯი (ერთგვარი ავადმყოფობა),"ugly, mishapen; sick",уродливый; особая болезнь,**გონჯ** გონჯი 1. გონჯ 2. *ჲ ჲ* გონჯი (ერთგვარი ავადმყოფობა)
gor,გორ,d d,D,GE,n,,goreⁿ,"გვარი, გვარეულობა",family name,фамилия,"**გორ**  *დ დ* (გორეჼ) გვარი, გვარეულობა"
gord,გორდ,d d,D,GE,n,,gordi; gordeⁿ,"გორდა, გორდახმალი","short, hiltless sword",особый вид шашки,"**გორდ** *დ დ* (გორდი; გორდეჼ) გორდა, გორდახმალი"
gorleⁿ,გორლეჼ,,,,,,,,,,"**გორლეჼ** გვარიდან, ერთი გვარისა"
gornakʼ,გორნაკ,j j,J,GE,n,,gornkʼi; gornkʼeⁿ,"გორა, გორაკი",hill,"маленькая гора, холм","**გორნაკ** *ჲ ჲ* (გორნკი; გორნკეჼ) გორა, გორაკი"
gornakʼleⁿ,გორნაკლეჼ,,,,,,,,,,"**გორნაკლეჼ**  გორებიანი, გორაკებიანი"
gorč,გორჩ,j j,J,,n,,gorčeⁿ,ფილთაქვა,pestle,пест,**გორჩ** *ჲ ჲ* (გორჩეჼ) ფილთაქვა
gočnad-d-ar,გოჩნად-დ-არ,,,GE,vt,,ualersebs,"ალერსი (უალერსებს), მოფერება",caress,ласкать,"**გოჩნად-დ-არ** გრდმ. ალერსი (უალერსებს), მოფერება სრ. დაგოჩნად-დ-არ."
gočʼ,გოჭ,d d,D,GE,n,,gočʼi; gočʼeⁿ,გოჭი,piglet,поросенок,**გოჭ**  *დ დ* (გოჭი; გოჭეჼ) გოჭი
gox,გოხ,j j,J,GE,n,,goxi; goxeⁿ,გოხი,boulder,большой камень,**გოხ** *ჲ ჲ* (გოხი; გოხეჼ) გოხი
goǯ,გოჯ,j j,J,GE,n,,goǯi; goǯeⁿ,გოჯი,inch,длина от сустава большого пальца до конца ногтя,**გოჯ** *ჲ ჲ* (გოჯი; გოჯეჼ) გოჯი
goŭgŭ,გოუ̆გუ̆,,,,,,,,,,**გოუ̆გუ̆** იხ. გაუ̆გუ̆
goħer,გოჰ’ერ,,,,,,šipn.,,,,**გოჰ’ერ** პურის გული *(შიფნ.)*
grdeml,გრდემლ,j j,J,GE,n,,,გრდემლი,anvil,наковальня,**გრდემლ** *ჲ ჲ* გრდემლი
groš,გროშ,b d,B,GE; RU,n,,groši; grošeⁿ,გროში,penny,грош,**გროშ**  *ბ დ* (გროში; გროშეჼ) გროში
guar,გუარ,,,,vi,,uqʼurebs,"ყურება (უყურებს), ხედვა","look, see",видеть,"**გუარ** გრდუვ. ყურება (უყურებს), ხედვა სრ. დ-აგარ."
gub,გუბ,b d,B,GE,n,,gabni; gubeⁿ,გუბე; ტბა,pool; lake,лужа; озеро,**გუბ** *ბ დ* (გაბნი; გუბეჼ)1. გუბე 2. ტბა
gugaɁŏ,გუგაჸო̆,j j,J,,n,,gugaɁuj; gugaɁujⁿ,თოჯინა,"puppet, doll",кукла,**გუგაჸო̆** *ჲ ჲ* (გუგაჸუჲ; გუგაჸუჲჼ) თოჯინა
gugutʼtʼ,გუგუტტ,,B,,n,,gug[u]tʼtʼi; gugtʼtʼeⁿ,გუგული,cuckoo,кукушка,**გუგუტტ**  ბ დ (გუგ[უ]ტტი; გუგტტეჼ) გუგული
gu-d-axar,გუ-დ-ახარ,,,,vt,,učvenebs,"ჩვენება (უჩვენებს), გამოჩენა (აჩენს), გამომჟღავნება (დამალულისა)",show,"показывать, выявлять (сппятанное)","**გუ-დ-ახარ**  გრდმ. ჩვენება (უჩვენებს), გამოჩენა (აჩენს), გამომჟღავება (დამალულისა) სრ. გუ-დ-აჴარ"
gu-d-aqar,გუ-დ-აჴარ,,,,vt,,ačvenebs,"ჩვენება (აჩვენებს), გამოჩენა (გამოაჩენს), გამომჟღავნება (დამალულისა)","show, relieve","показать, обнаружить, выявить (спрятанное)","**გუ-დ-აჴარ** გრდმ. ჩვენება (აჩვენებს), გამოჩენა (გამოაჩენს), გამომჟღავნება (დამალულისა) *უსრ. გუ-დ-ახარ.*"
gudur1,გუდურ1,b d,,,,,guduri; gudureⁿ,,,,**გუდურ1** *ბ დ* (გუდური; გუდურეჼ) გუდურა (შეშისა)
gudur2,გუდურ2,b d,,,,,guduri,,,,**გუდურ2** *ბ დ* (გუდური) საბეჭავი
gutaⁿ,გუთაჼ,j j,J,GE,n,,gutni; gutneⁿ,გუთანი,plough,плуг,**გუთაჼ**  *ჲ ჲ* (გუთნი; გუთნეჼ) გუთანი
guila,გუილა,d,,,,,,,,,**გუილა** *დ* 1) მაგალითი 2) *ჲ* სახე *(შიფნ.)*
gul,გულ,j j,J,,n,,galbi,გუნდა,"lump, clod, ball",ком (теста...),**გულ** *ჲ ჲ* (გალბი)გუნდა
gulab,გულაბ,b d,B,GE,n,,gulbi; gulbeⁿ,გულაბი,dessert pear,груша (особый сорт),**გულაბ**  *ბ დ* (გულბი; გულბეჼ) გულაბი
gulbad-d-alar,გულბად-დ-ალარ,,,GE,vi,,eguleba,გულება (ეგულება),"seem, be supposed to","предпологать, иметь в виду что-нибудь",**გულბად-დ-ალარ** გრდუვ. გულება (ეგულება)
gultmisaⁿ,გულთმისაჼ,,,GE,a,,,გულთმისანი,clairvoyant,ясновидящий,**გულთმისაჼ** გულთმისანი
gumaⁿ,გუმაჼ,j,J,GE,n,,,გუმანი,"suspicion, assumption","предположение, подозрение",**გუმაჼ** *ჲ* გუმანი
gumbat,გუმბათ,b d,B,GE,n,,gumbati; gumbateⁿ,გუმბათი,"cupola, dome",купол,**გუმბათ** *ბ დ* (გუმბათი; გუმბათეჼ) გუმბათი
gunbajcʼiⁿ,გუნბაჲწიჼ,,,GE,a,,,"უგუნებო[დ], უხალისო[დ]",in a bad mood,"без расположения, не в духе","**გუნბაჲწიჼ** უგუნებო[დ], უხალისო[დ]"
gurgur1,გურგურ1,d,,,,,,,,,"**გურგურ1** *დ* გრგვინვა, გრიალი"
gurgur2,გურგურ2,d,,,,,,,,,"**გურგურ2** *დ* გუგუნი, გიზგიზი"
gurgurdar,გურგურდარ,,,,,,gugunebs,,,,"**გურგურდარ** გრდმ. გუგუნი (გუგუნებს), გიზგიზი"
gurgurdujnĭ,გურგურდუჲნი̆,,,,,,,,,,**გურგურდუჲნი̆** მიმღ. მოგუგუნე
gučgu-d-aqar,გუჩგუ-დ-აჴარ,,,,vt,,cxadqʼops,"ცხადყოფა (ცხადყოფს), სააშკარაოზე გამოტანა","make clear, demonstrate","ясным сделать, на свет вывести","**გუჩგუ-დ-აჴარ** გრდმ. ცხადყოფა (ცხადყოფს), სააშკარაოზე გამოტანა იხ. დ-აჴარ ."
guǯab,გუჯაბ,j j,J,GE,n,,,"გუჯაბი, ხბოს, ან ბატკნის კუჭი",calf's or lamb's stomach,"желудок молочного ягненка, телёнка","**გუჯაბ** *ჲ ჲ* გუჯაბი, ხბოს ან ბატკნის კუჭი"
guǯar,გუჯარ,d d,D,GE,n,,,გუჯარი,"charter, certificate",грамота,**გუჯარ** *დ დ* გუჯარი
gujgrna,გუჲგრნა,d d,,,,,,,,,"**გუჲგრნა** *დ დ* სიმრგვალე, მრგვალი, სწორი ადგილი"
gujznaqʼ,გუჲზნაყ,d d,D,GE,n,,gujznaqʼeⁿ,გოზინაყი,chopped nuts in honey,гозинаки (сладость из мёда и орехов или миндаля),**გუჲზნაყ** *დ დ* (გუჲზნაყეჼ) გოზინაყი
gujšaɁŏ,გუჲშაჸო̆,d d,D,GE,n,,gujšaɁuj; gujšaɁujⁿ,გოშია,small dog,"собачка, собачонка",**გუჲშაჸო̆** *დ დ* (გუჲშაჸუჲ; გუჲშაჸუჲჼ) გოშია
=gujħ,=გუჲჰ’,,,,post,,,=კენ,DIR,"к, ко",**=გუჲჰ’** თანდ. =კენ
=gĕ,=გე̆,,,,,,,,,,**=გე̆** ნაწ. ღა
"daarcʼol, daarcʼola, daarcʼina","დაარწოლ, დაარწოლა, დაარწინა",d,,,,,,,,,"**დაარწოლ, დაარწოლა, დაარწინა** *დ* უამინდობა, უდარობა, ცუდი ამინდი"
daaqʼ daqar,დააყ დაჴარ,,,,,,,,,,**დააყ დაჴარ** გრდმ. მიცვალებულის სახელზე ტაბლის გატანა
daaqʼdajnĭ,დააყდაჲნი̆,,,,ptcp,,,"წილის მქონე, მონაწილე",taking part,"долю имеющий, в доле","**დააყდაჲნი̆** მიმღ. წილის მქონე, მონაწილე"
daaxanajnŏ,დაახანაჲნო̆,,,,,,,,,,**დაახანაჲნო̆** საცხოვრებლად შდრ. დ-აახარ
daaxkʼ-d-ar,დაახკ-დ-არ,,,,vt,,moiqʼvans,"მოყვანა (მოიყვანს); მორეკვა, ჩამორეკვა","bring, take along, drive hither",привести,"**დაახკ-დ-არ** გრდმ. 1. მოყვანა (მოიყვანს) 2. მორეკვა, ჩამორეკვა"
dabaldar,დაბალდარ,,,,vt,,buknaobs,ბუქნა (ბუქნაობს),dance cossack-style,плясать в присадку,**დაბალდარ** გრდმ. ბუქნა (ბუქნაობს)
dabaltod-d-ar,დაბალთოდ-დ-არ,,,,,,dabaltavs,,,,"**დაბალთოდ-დ-არ** გრდმ. დაბალთვა (დაბალთავს), დაფლეთა უსრ. ბალ-თოდ-დარ."
dabargod-d-ar,დაბარგოდ-დ-არ,,,GE,vt,,daacʼqʼobs,ბარგის დაცყობა (დააწყობს),"pack, put together","уложить, сложить вещи",**დაბარგოდ-დ-არ** გრდმ. ბარგის დაწყობა (დააწყობს)
dabarod-d-ar,დაბაროდ-დ-არ,,,GE,vt,,,დაბარვა,dig,вскопать,**დაბაროდ-დ-არ** გრდმ. დაბარვა *უსრ. ბაროდ-დ-არ.*
dabarod-d-acʼiⁿ,დაბაროდ-დ-აწიჼ,,,,,,,,,,"**დაბაროდ-დ-აწიჼ** დაუბარავი, დაუბარავად"
dabarod-d-ujnĭ,დაბაროდ-დ-უჲნი̆,,,,,,,,,,**დაბაროდ-დ-უჲნი̆** მიმღ. 1 დასაბარავი 2. დამბარავი
dabağ1,დაბაღ1,d d,D,,n,,dabğeⁿ,ყაბახი,shooting,стрельба в цель,**დაბაღ1** *დ დ* (დაბღეჼ) ყაბახი
dabağ2,დაბაღ2,v b,M,GE,n,,dabğeⁿ,დაბაღი,"knacker, skinner","кожевник, скорняк",**დაბაღ2** *ვ ბ* (დაბღეჼ) დაბაღი
dabegod-d-ar,დაბეგოდ-დ-არ,,,GE,vt,,dabegvavs,"დაბეგვა (დაბეგვავს), დაბეჟვა","thresh, pulp","раздобить (яблоки...), отлупить","**დაბეგოდ-დ-არ** გრდმ. დაბეგვა (დაბეგვავს), დაბეჟავს უსრ. ბეგოდ-დ-არ."
dabertʼqʼad-d-ar,დაბერტყად-დ-არ,,,GE,vt,,,დაბერტყვა,"shake up, beat","вытряхнуть (пыль) потрясти, отбить (орехи, яблоки...)",**დაბერტყად-დ-არ** გრდმ. დაბერტყვა უსრ. ბერტყად-დ-არ.
dabertʼqʼad-d-ijenŏ,დაბერტყად-დ-იჲენო̆,,,,,,,,,,**დაბერტყად-დ-იჲენო̆** მიმღ. დაბერტყილი
dabečʼdad-d-ar,დაბეჭდად-დ-არ,,,GE,vt,,,დაბეჭდვა; ბეჭდის დასმა; წერილის დალუქვა,print; seal a letter,"напечатать; наложить печать, запечатать","**დაბეჭდად-დ-არ** გრდმ. 1. დაბეჭდვა 2. ბეჭდის დასმა, წერილის დალუქვა  *უსრ. ბეჭდად-დ-არ.*"
dabzarod-d-alar,დაბზაროდ-დ-ალარ,,,GE,vi,,,დაბზარვა,"burst, crack","дать трещины, треснуть",**დაბზაროდ-დ-ალარ**  გრდუვ. დაბზარვა
dabrutʼad-d-alar,დაბრუტად-დ-ალარ,,,GE,vi,,pʼirutʼqʼvisa,"დარტიანება, თავბრუს დახვევა (პირუტყვისა)",get dizzy,болеть ветрянкой,"**დაბრუტად-დ-ალარ** გრდუვ. დარეტიანება, თავბრუს დახვევა (პირუტყვისა)"
dabugad-d-ar,დაბუგად-დ-არ,,,GE,vt,,,დაბუგვა,burn down,"испепелить, сжечь до тла",**დაბუგად-დ-არ** გრდმ. დაბუგვა უსრ. ბუგად-დ-არ.
dabugad-d-itar,დაბუგად-დ-ითარ,,,,,,,,,,**დაბუგად-დ-ითარ** გრდმ. გადაბუგვინება
dabğuǯad-d-ar,დაბღუჯად-დ-არ,,,GE,vt,,,დაბღუჯვა,grab a handful,забить в кулак,**დაბღუჯად-დ-არ**  გრდმ. დაბღუჯვა
dabxana,დაბხანა,j j,J,,n,,dabxaneⁿ,დაბახანა (ტყავეულობის ქარხანა),knacker's yard,кожевенный завод,**დაბხანა**  *ჲ ჲ* (დაბხანეჼ) დაბახანა (ტყავეულობის ქარხანა)
dabxcʼov,დაბხწოვ,v b,,,,,dabxcʼoveⁿ,,,,**დაბხწოვ**  *ვ ბ* (დაბხწოვეჼ) მცნობი (ცხვრისა და ბატკნისა)
dageršad-d-ar,დაგერშად-დ-არ,,,GE,vt,,dagešavs,დაგეშვა (დაგეშავს),train,"натаскать, надрессировать (собаку...)",**დაგერშად-დ-არ** გრდმ. დაგეშვა (დაგეშავს)უსრ. გერშდ-დ-არ.
dageršad-d-ijenŏ,დაგერშად-დ-იჲენო̆,,,,,,,,,,**დაგერშად-დ-იჲენო̆** მიმღ. დაგეშილი
dagočnad-d-ar,დაგოჩნად-დ-არ,,,GE,vt,,,მიალერსება,caress,приласкать,**დაგოჩნად-დ-არ**  გრდმ. მიალერსება უსრ. გოჩნად-დ-არ
dagubad-d-alar,დაგუბად-დ-ალარ,,,GE,vi,,dagubdeba,"დაგუბება (დაგუბდება), შეგუბება","dam up, be stagnant","запрудиться, задержаться","**დაგუბად-დ-ალარ** გრდუვ. დაგუბება (დაგუბდება), შეგუბება უსრ. გუბად-დ-ა-ლარ."
d-agcʼiⁿ,დ-აგწიჼ,,,,,,,,,,"**დ-აგწიჼ**  უნახავი, სანახავად"
dad,დად,v b,MD,,n,,dadi; dadeⁿ,მამა,father,отец,**დად** *ვ ბ* (დადი; დადეჼ) 1. მამა 2. *დ დ* პატრონი
dadağod-d-ar,დადაღოდ-დ-არ,,,GE,vt,,dadağavs,დადაღვა (დადაღავს); დადაგვა,brand (cattle),выжечь клемо; прижигать рану,**დადაღოდ-დ-არ** გრდმ. 1) დადაღვა (დადაღავს) 2 ) დადაღვა უსრ. დაღოდ-დ-არ.
dadbuqʼ,დადბუყ,b,,,,,dadbuqʼeⁿ,,,,**დადბუყ**  *ბ* (დადბუყეჼ) ჩამომავლობა
dad-d-ar,დად-დ-არ,,,,,,pʼatʼronad gaxdis,,,,**დად-დ-არ** გრდმ. პატრონად გახდომა (პატრონად გახდის)
dadešŏ,დადეშო̆,j d,,,,,dadjažar; dadjašeⁿ,,,,**დადეშო̆** *ჲ დ* (დადჲაჟარ; დადჲაშეჼ) მამიდა
dadvašŏ,დადვაშო̆,v b,,,,,dadvažar; dadvašeⁿ,,,,"**დადვაშო̆** *ვ ბ* (დადვაჟარ; დადვაშეჼ) ბიძა, მამის ძმა შდრ. ბიძი̆"
dadi,დადი,,,,,,dadaⁿ,,,,"**დადი** *ბ (დადაჼ) 1) მამა-პაპანი, წინაპრები 2) მამის ოჯახი გათხოვილი ქალისთვის*"
dadiⁿ pstʼu,დადიჼ ფსტუ,j d,,,,,"dadiⁿ pstʼi, pstʼej; dadiⁿ pstʼuneⁿ",,,,"**დადიჼ ფსტუ** *ჲ დ* (დადიჼ ფსტი, ფსტეჲ; დადიჼ ფსტუნეჼ) დედინაცვალი"
dadicʼiⁿ,დადიწიჼ,,,,,,gatxovili kali,,,,"**დადიწიჼ**  უპატრონო[დ], უმამისოჯახო (გათხოვილი ქალი)"
"dadicʼol, dadicʼolob","დადიწოლ, დადიწოლობ",j j,,,,,,,,,"**დადიწოლ, დადიწოლობ** *ჲ ჲ* უპატრონობა"
dad-naⁿ,დად-ნაჼ,d,,,,,dad-naneⁿ,,,,"**დად-ნაჼ** *დ* (დად-ნანეჼ) დედ-მამა, მშობლები იხ. ნან-დად"
dad-nancʼiⁿ,დად-ნანწიჼ,,,,,,,,,,**დად-ნანწიჼ** უდედმამო[დ]
dadoldar,დადოლდარ,,,,,,,,,,**დადოლდარ** გრდმ. პატრონობა
dadoldacʼiⁿ,დადოლდაწიჼ,,,,,,,,,,"**დადოლდაწიჼ** მოუვლელი, მოუვლელად"
dadoldujnĭ,დადოლდუჲნი̆,,,,,,,,,,"**დადოლდუჲნი̆** მიმღ. საპატრონო 2. პატრონობის გამწევი, მეთვალყურე"
daduğbad-d-alar,დადუღბად-დ-ალარ,,,,,,daduğdeba,,,,**დადუღბად-დ-ალარ** გრდუვ. დადუღება (დადუღდება)
dav,დავ,j j,J,GE,n,,daveⁿ,დავა,"dispute, argument",спор,**დავ** *ჲ ჲ* (დავეჼ) დავა
davdareb,დავდარებ,j j,J,GE,n,,,დავუდარება,troubles,хлопоты,**დავდარებ**  *ჲ ჲ* დავიდარაბა
davtar,დავთარ,d d,D,GE,n,,davtri; davtreⁿ,დავთარი,"ledger, register","журнал, приходно-расходная книга",**დავთარ** *დ დ* (დავთრი; დავთრეჼ) დავთარი
d-aviⁿ,დ-ავიჼ,,,,a,,čʼkʼuisa,მსუბუქი; მჩატე (ჭკუის),light; light-headed,легкий; легкомысленный,**დ-ავიჼ** 1. მსუბუქი 2. მჩატე (ჭკუისა)
davl,დავლ,d d,D,GE,n,,davlajⁿ,დავლა,trophy,трофей,**დავლ**  *დ დ* (დავლაჲჼ) დავლა
davra,დავრა,d,,,,,,,,,"**დავრა** *დ* იაფობა, სიიაფე"
davraħ,დავრაჰ’,,,,,,,,,,**დავრაჰ’** ზმნს. იაფად
dazazrbad-d-ar,დაზაზრბად-დ-არ,,,GE,vt,,"xelisa, ǯoxisa","მოღერება (ხელისა, ჯოხისა)","raise sth against sb, threaten",замахнуться (на кого-н. чем-н),"**დაზაზრბად-დ-არ** გრდმ. მოღერება (ხელისა, ჯოხისა)"
dazg,დაზგ,d d,D,GE,n,,,დაზგა,lathe,станок,**დაზგ** *დ დ* დაზგა
dazepʼad-d-ar,დაზეპად-დ-არ,,,GE,vt,,,მძიმედ დატვირთვა,load up heavily,чрезмерно нагрузить,**დაზეპად-დ-არ** გრდმ. მძიმედ დატვირთვა
dazepʼad-d-ijenŏ,დაზეპად-დ-იჲენო̆,,,,,,,,,,**დაზეპად-დ-იჲენო̆** მიმღ. მძიმედ დატვირთული
datteⁿ,დათთეჼ,d d,D,,n,,dattneⁿ,ერბო,melted butter,масло топленое,**დათთეჼ**  *დ დ* (დათთნეჼ) ერბო
d-attinŏ,დ-ათთინო̆,,,,,,,,,,**დ-ათთინო̆** მიმღ. შემწვარი
datokʼad-d-ar,დათოკად-დ-არ,,,GE,vt,,gatokʼavs,გათოკვა (გათოკავს),tie up,"связать, поймать",**დათოკად-დ-არ** გრდმ. გათოკვა (გათოკავს)
datoqnad-d-ar,დათოჴნად-დ-არ,,,GE,vt,,,დათოხნა,hoe,мотыжить,**დათოჴნად-დ-არ** გრდმ. დათოხნა უსრ. თოჴნად-დ-არ
datutkad-d-ar,დათუთქად-დ-არ,,,GE,vt,,,დათუთქვა,"seer, singe, scald",ошпарить,**დათუთქად-დ-არ** გრდმ. დათუთქვა
datxvenad-d-alar,დათხვენად-დ-ალარ,,,GE,vi,,daprtxeba,დაფრთხობა (დაფრთხება),"be startled, frightened",пугаться (о лошади и др.),**დათხვენად-დ-ალარ** გრდუვ. დაფრთხობა (დაფრთხება)უსრ. თხვენად-დ-ალარ.
datxvenad-d-ar,დათხვენად-დ-არ,,,GE,vt,,daaprtxobs,დაფრთხობა (დააფრთხობს),"scare, frighten, startle",спугнуть,**დათხვენად-დ-არ** გრდმ. დაფრთხობა (დააფრთხობს)უსრ. თვენად-დ-არ
datxur,დათხურ,b d,B,,n,,,ხავიწი (ერბოში შემწვარი ხაჭო ან ფქვილი),datkhur (cottage cheese with melted butter),"творог или мука, поджаренные на масле",**დათხურ**  *ბ დ* ხავიწი (ერბოში შემწვარი ხაჭო ან ფქვილი)
dajdĭ,დაჲდი̆,j,F,GE,n,,,მდადე,bridesmaid,шафер,"**დაჲდი̆** *ჲ* მდადე, პატარაძლის მაყარი ქალის ქორწილში"
dajkʼ,დაჲკ,,,,,,,,,,**დაჲკ** იხ. დაკ
dajkʼlarkʼaleⁿ,დაჲკლარკალეჼ,,,,,,,,,,"**დაჲკლარკალეჼ** გულისყურიანი, ყურადღებიანი, კარგი მეხსიერების მქონე"
"dajmcʼrikʼ, demcʼrikʼ","დაჲმწრიკ, დემწრიკ",d d,,,,,demcʼrikʼi; demcʼrikʼeⁿ,,,,"**დაჲმწრიკ, დემწრიკ** *დ დ* (დემწრიკი; დემწრიკეჼ) გამოცანა"
"dajr, dajir","დაჲრ, დაჲირ",j j,,,,,,,,,"**დაჲრ, დაჲირ** *ჲ ჲ* დაირა"
dajrdveⁿ,დაჲრდვეჼ,,,GE,a,,,დარდიანი,"sorrowful, grieving, sad",печальный,**დაჲრდვეჼ** დარდიანი
dajrdvejšĭ,დაჲრდვეჲში̆,,,,,,,,,,**დაჲრდვეჲში̆** ზმნს. დარდიანად
dajrlebad-d-ar,დაჲრლებად-დ-არ,,,GE,vt,,zveravs,"დაზვერვა (ზვერავს), თვალთვალი","spie on, observe","выслеживать, наблюдать","**დაჲრლებად-დ-არ** გრდმ. დაზვერვა (ზვერავს), თვალთვალი"
dajrlebad-d-ujnĭ,დაჲრლებად-დ-უჲნი̆,,,,,,,,,,**დაჲრლებად-დ-უჲნი̆** მიმღ. დასაზვერი 2. [და]მზვერავი
dajkna,დაჲქნა,d,,,,,,,,,"**დაჲქნა** *დ* სიკეთე, სიკარგე"
dajknadar,დაჲქნადარ,,,,,,,,,,**დაჲქნადარ** გრდმ. სიკეთის ქმნა
dajqʼna,დაჲყნა,d d,,,,,,,,,"**დაჲყნა** *დ დ* სიხმელე, სიმაგრე"
dakʼ ħačʼar,დაკ ჰ’აჭარ,,,,,,,,,,**დაკ ჰ’აჭარ** დადარდიანება
dakʼ qapʼtʼar,დაკ ჴაპტარ,,,,,,,,,,**დაკ ჴაპტარ** გრდმ. გულში ჩაწვდომა
"dakʼ, dajkʼ","დაკ, დაჲკ",,,,,,,,,,"**დაკ, დაჲკ** რთული სიტყვის ან შესიტყვების შემადგენელი ნაწილი იხ. დოკ."
dakʼav depcŏ (sogŏ),დაკავ დეფცო̆ (სოგო̆),,,,,,sogŏ,,,,**დაკავ დეფცო̆ (სოგო̆)** გული მიგრძნობს (მე)
"dakʼaltd-d-alinŏ, dakʼaltod-d-ajlnŏ","დაკალთდ-დ-ალინო̆, დაკალთოდ-დ-აჲლნო̆",,,,,,,,,,"**დაკალთდ-დ-ალინო̆, დაკალთოდ-დ-აჲლნო̆** მიმღ. დაკალთავებული"
dakʼalod-d-ar,დაკალოდ-დ-არ,,,GE,vt,,mokʼalavs,მიკალვა (მოკალავს),tin,вылудить,**დაკალოდ-დ-არ** გრდმ. მოკალვა (მოკალავს)უსრ. კალოდ-დ-არ.
dakʼar-d-ar,დაკარ-დ-არ,,,,vt,,datvlis,დათვლა (დათვლის),count,сосчитать,**დაკარ-დ-არ** გრდმ. დათვლა (დათვლის)უსრ. დეკარ-დ-არ.
dakʼar-d-acʼiⁿ,დაკარ-დ-აწიჼ,,,,,,,,,,"**დაკარ-დ-აწიჼ**  დაუთვლელი, დაუთვლელად"
dakʼar-d-itar,დაკარ-დ-ითარ,,,,,,daatvlevinebs,,,,**დაკარ-დ-ითარ** გრდმ. დათვლევინება (დაათვლევინებს)
dakʼar-d-ijenŏ,დაკარ-დ-იჲენო̆,,,,,,,,,,**დაკარ-დ-იჲენო̆** მიმღ. დათვლილი
dakʼax ešar,დაკახ ეშარ,,,,,,,,,,**დაკახ ეშარ** გრდმ. გულს დაკლება
dakʼ-d-ar,დაკ-დ-არ,,,,,,susxavs,,,,**დაკ-დ-არ** [და]სუსხვა (სუსხავს)
dakʼ-d-aɬar,დაკ-დ-ალ’არ,,,,,,guls *gasvla,,,,**დაკ-დ-ალ’არ** გრდუვ. მიხვედრა (გულს *გასვლა)* იხ. დოკ.
dakʼ-d-aɬenŏ,დაკ-დ-ალ’ენო̆,,,,,,,,,,"**დაკ-დ-ალ’ენო̆** მიმღ. მიხვედრილი, ჩახედული, გამოცდილი იხ. დოკ."
dakʼ-d-aqar,დაკ-დ-აჴარ,,,,,,gulis amoğeba,,,,**დაკ-დ-აჴარ** გრდმ. მიხვედრება (გულის ამოღება)
dakʼ-d-aɁar,დაკ-დ-აჸარ,,,,,,gaaxsendeba,,,,"**დაკ-დ-აჸარ** გრდუვ. გახსენება (გაახსენდება), „გულს მოსვლა“. *უსრ. დაკიხარ.*"
dakʼ-d-oɁ-dar,დაკ-დ-ოჸ-დარ,,,,,,"moagonebs, moigonebs",,,,"**დაკ-დ-ოჸ-დარ**  გრდმ. მოგონება (მოაგონებს, მოიგონებს), გახსენება (გაახსენებს, გაიხსენებს)"
dakʼepʼad-d-ar,დაკეპად-დ-არ,,,GE,vt,,dakʼepʼavs,დაკეპვა (დაკეპავს),"chop, hack to pieces",нарубить (мясо...),**დაკეპად-დ-არ** გრდმ. დაკეპვა (დაკეპავს) უსრ. კეპად-დ-არ
dakʼecad-d-ar,დაკეცად-დ-არ,,,GE,vt,,,დაკეცვა (დაკეცავს),"fold, close",сложить,**დაკეცად-დ-არ** გრდმ. დაკეცვა უსრ. კეცად-დ-არ
dakʼv dexar,დაკვ დეხარ,,,,,,,,,,"**დაკვ დეხარ** გრდმ. გულის თხოვნა, წადილი"
dakʼvexad-d-alar,დაკვეხად-დ-ალარ,,,GE,vi,,daikʼvexnis,დაკვეხნა (დაიკვეხნის),boast,хвастать,**დაკვეხად-დ-ალარ**  გრდუვ. დაკვეხნა (დაიკვეხნის)*.* უსრ. კვეხად-დ-არ.
dakʼvnetʼad-d-ar,დაკვნეტად-დ-არ,,,GE,vt,,,დაკვნეტა,gnaw at,разгрызть,**დაკვნეტად-დ-არ** გრდმ. დაკვნეტა. უსრ. კვნიტად-დ-არ.
dakʼvnetʼad-d-ujnĭ,დაკვნეტად-დ-უჲნი̆,,,,,,,,,,**დაკვნეტად-დ-უჲნი̆** მიმღ. დასაკვნეტი
dakʼiⁿ lacʼar,დაკიჼ ლაწარ,d d,,,,,,,,,**დაკიჼ ლაწარ** *დ დ* გულისტკივილი
dakʼin aɬar,დაკინ ალ’არ,d,,,,,,,,,"**დაკინ ალ’არ** *დ* გულისთქმა, სურვილი"
dakʼin kʼʕokʼ,დაკინ კჵოკ,b d,,,,,dakʼin kʼʕokʼujⁿ,,,,**დაკინ კჵოკ** *ბ დ* (დაკინ კჵოკუჲჼ) გულის კოვზი (ორმო)
dakʼin larkʼi,დაკინ ლარკი,j,,,,,dakʼin larkʼeⁿ,,,,"**დაკინ ლარკი** *ჲ* (დაკინ ლარკეჼ) გულისყური, მეხსიერება, გულისხმიერება"
dakʼixar,დაკიხარ,,,,,,mixvdeba,,,,**დაკიხარ**  გრდუვ. 1. მიხვედრა (მიხვდება) „გულს სვლა“ 2. გახსენება (ახსენდება) სრ. დაკ-დ-აჸარ.
dakʼixoš,დაკიხოშ,,,,,,,,,,"**დაკიხოშ** ფრთხილად, გულდასმით"
dakʼixrikʼ,დაკიხრიკ,,,,,,,,,,"**დაკიხრიკ** მიმხვედრი, ფრთხილი"
dakʼixujnĭ,დაკიხუჲნი̆,,,,,,,,,,"**დაკიხუჲნი̆**  მიმღ. მიმხვედრი, ფრთხილი"
dakʼlavar,დაკლავარ,d,,,,,,,,,"**დაკლავარ** *დ* 1. ფიქრი, აზრი 2. გრდუვ. ფიქრი (იფიქრებს)უსრ. დაკლევარ."
dakʼlav-d-ar,დაკლავ-დ-არ,,,,,,čaapikrebs,,,,**დაკლავ-დ-არ** გრდმ. ჩაფიქრება (ჩააფიქრებს)უსრ. დაკლევ-დ-არ.
dakʼlav-d-ijenŏ,დაკლავ-დ-იჲენო̆,,,,,,,,,,"**დაკლავ-დ-იჲენო̆** მიმღ. ნააზრი, ნაფიქრი, მოფიქრებული"
dakʼlav-d-ujnĭ,დაკლავ-დ-უჲნი̆,,,,,,,,,,**დაკლავ-დ-უჲნი̆** მიმღ. საფიქრალი
dakʼlavraleⁿ,დაკლავრალეჼ,,,,,,,,,,"**დაკლავრალეჼ** გონიერი, აზრიანი"
dakʼlevar,დაკლევარ,d,,,,,,,,,**დაკლევარ** 1. *დ* ფიქრი 2. გრდუვ. ფიქრი (ფიქრობს) სრ. დაკლავარ.
dakʼlev-d-ar,დაკლევ-დ-არ,,,,,,apikrebs,,,,**დაკლევ-დ-არ**  გრდმ. ჩაფიქრება (აფიქრებს) სრ. დაკლავ-დ-არ
dakʼlevinĭ,დაკლევინი̆,,,,,,,,,,"**დაკლევინი̆** მიმღ. დაფიქრებული, გონიერი"
dakʼlevra d-axar,დაკლევრა დ-ახარ,,,,,,,,,,"**დაკლევრა დ-ახარ** გრდუვ. ფიქრებში წასვლა, ჩაფიქრება"
dakʼlevra tasar,დაკლევრა თასარ,,,,,,čaagdebs,,,,**დაკლევრა თასარ** გრდმ. საგონებელში ჩაგდება (ჩააგდებს)
dakʼlevra tas-d-alar,დაკლევრა თას-დ-ალარ,,,,,,,,,,"**დაკლევრა თას-დ-ალარ** გრდუვ. ფიქრში ჩავარდნა, საგონებელში ჩავარდნა, ყოფნა"
dakʼliⁿ,დაკლიჼ,,,,,,,,,,"**დაკლიჼ** გულადი, მამაცი"
dakʼmak ottar,დაკმაქ ოთთარ,,,,,,,,,,**დაკმაქ ოთთარ** გრდუვ. გულზე დადგომა
dakʼmaka,დაკმაქა,,,,,,dakʼmakeⁿ,,,,**დაკმაქა** (დაკმაქეჼ) მკერდი *(ექსპ.)*
dakʼmi,დაკმი,,D,,n,,,,,,**დაკმი** მრ. იხ. დოკ
"dakʼo[ħ] d-itar, dakʼo[ħ] meqʼdar","დაკო[ჰ’] დ-ითარ, დაკო[ჰ’] მეყდარ",,,,,,daixsomebs,,,,"**დაკო[ჰ’] დ-ითარ, დაკო[ჰ’] მეყდარ** გრდმ. დახსომება (დაიხსომებს)"
"dakʼo[ħ] d-isar, dakʼo[ħ]meqʼar","დაკო[ჰ’] დ-ისარ, დაკო[ჰ’]მეყარ",,,,,,gulši čarčeba,,,,"**დაკო[ჰ’] დ-ისარ, დაკო[ჰ’]მეყარ** გრდუვ. გულში ჩარჩენა (გულში ჩარჩება), დამახსოვრება"
dakʼortʼnad-d-ar,დაკორტნად-დ-არ,,,GE,vt,,,დაკორტნა,nibble,обглодать,**დაკორტნად-დ-არ**  გრდმ. დაკორტნა უსრ. კორტნად-დ-არ.
dakʼrajčʼnebad-d-ar,დაკრაჲჭნებად-დ-არ,,,GE,vt,,,დაკრაჭუნება,gnash,заскрежетать (зубами),**დაკრაჲჭნებად-დ-არ** გრდმ. დაკრაჭუნება
dakʼreⁿ,დაკრეჼ,,,,,,,,,,"**დაკრეჼ** გულითადი, ერთგული"
dakʼreš,დაკრეშ,,,,,,,,,,"**დაკრეშ**  ზმნს. დიდი სურვილით, გულით"
dakʼupʼrad-d-ar,დაკუპრად-დ-არ,,,GE,vt,,,დაკუპვრა,"tar, cover with tar",посмолить,**დაკუპრად-დ-არ** გრდმ. დაკუპვრა
dakʼutʼbad-d-alar,დაკუტბად-დ-ალარ,,,GE,vi,,,დაკუტება,become crippled,стать калекой,**დაკუტბად-დ-ალარ** გრდუვ. დაკუტება
dakʼħačʼar,დაკჰ’აჭარ,d,,,,,,,,,"**დაკჰ’აჭარ** *დ* დარდი, დადარდიანება იხ. დოკ."
dakʼħačʼ-d-ujnĭ,დაკჰ’აჭ-დ-უჲნი̆,,,,,,,,,,"**დაკჰ’აჭ-დ-უჲნი̆** მიმღ. დასაფიქრებელი, დასადარდიანებელი"
dakʼħačʼenŏ,დაკჰ’აჭენო̆,,,,,,,,,,**დაკჰ’აჭენო̆** მიმღ. დადარდიანებული
dakʼqelar,დაკჴელარ,,,,,,ixsenebs,,,,"**დაკჴელარ**  გრდმ. მეხსიერებაში აღდგენა, გახსენება (იხსენებს) იხ. დოკ."
dakʼqelujnĭ,დაკჴელუჲნი̆,,,,,,,,,,**დაკჴელუჲნი̆** მიმღ. მოსაგონებელი
dal ħalqeitno,დალ ჰ’ალჴეითნო,,,,,,šipn.,,,,**დალ ჰ’ალჴეითნო** აღდგომა *(შიფნ.)*
"dal, dalĕ","დალ, დალე̆",v,,,,,,,,,"**დალ, დალე̆** *ვ*  ღმერთი"
dalak,დალაქ,v b,M,GE,n,,dalkeⁿ,დალაქი,barber,"цирюльник, парикмахер",**დალაქ**  *ვ ბ* (დალქეჼ) დალაქი
daleⁿ atʼqʼ-cʼaki,დალეჼ ატყ-წაქი,d,,,,,,,,,**დალეჼ ატყ-წაქი** *დ*  მრ. ცისარტყელა
daleⁿ atʼqʼ-cʼaki,დალეჼ ატყ-წაქი,,,,,,,,,,**დალეჼ ატყ-წაქი** ცისარტყელა
dalen jett,დალენ ჲეთთ,b b,,,,,,,,,**დალენ ჲეთთ** *ბ ბ* ჭიამაია
daleğ d-ar,დალეღ დ-არ,,,,,,gaağmertebs,,,,**დალეღ დ-არ** გრდმ. გაღმერთება (გააღმერთებს)
daleⁿ maršol ħoⁿ (šuⁿ),დალეჼ მარშოლ ჰ’ოჼ (შუჼ),,,,,,šuⁿ,,,,"**დალეჼ მარშოლ ჰ’ოჼ (შუჼ)** *მშვიდობით, ნახვამდის!* *(ექსპ.)*"
=dalla,=დალლა,,,,,,,,,,**=დალლა** თანდ. მიც. ბრ.
dalocad-d-ar,დალოცად-დ-არ,,,GE,vt,,dalocavs,"დალოცვა (დალოცავს), კურთხევა",bless,блогословить,"**დალოცად-დ-არ** გრდმ. დალოცვა (დალოცავს), კურთხევა *უსრ. დალოცად-დ-არ*"
dalur,დალურ,,,,,,šipn.,,,,**დალურ** ღვთიური *(შიფნ.)*
daluj,დალუჲ,d,D,,n,,,"ალაო, საფუებელი, სადედე",yeast,дрожжи,"**დალუჲ** *დ* მრ. ალაო, საფუებელი, სადედე"
dalğ d-ijenŏ,დალღ დ-იჲენო̆,,,,,,,,,,**დალღ დ-იჲენო̆** მიმღ. გაღმერთებული
dambač,დამბაჩ,j j,,,,,dambči; dambčeⁿ,,,,**დამბაჩ** *ჲ ჲ* (დამბჩი; დამბჩეჼ) დამბაჩა
dambl,დამბლ,j j,J,GE,n,,,დამბლა,paralysis,паралич,**დამბლ** *ჲ ჲ* დამბლა
damdurbad-d-alar,დამდურბად-დ-ალარ,,,GE,vi,,daemdureba,დამდურება (დაემდურება),"resent, be aggrieved",поссориться,**დამდურბად-დ-ალარ** გრდუვ. დამდურება (დაემდურება)
damdurbad-d-ar,დამდურბად-დ-არ,,,,,,daamdurebs,,,,"**დამდურბად-დ-არ** გრდმ. დამდურება (დაამდურებს), მომდურება"
damotxad-d-ar,დამოთხად-დ-არ,,,GE,vt,,,ოთხკუთხად დათლა,cut into square,обтесать (дерево),**დამოთხად-დ-არ** გრდმ. ოთხკუთხად დათლა
damonebad-d-ar,დამონებად-დ-არ,,,GE,vt,,daimonebs,დამონება (დაიმონებს),"enslave, put to work","поработать, подчинить",**დამონებად-დ-არ** გრდმ. დამონება (დაიმონებს)
damorad-d-ar,დამორად-დ-არ,,,GE,vt,,kʼunʒisa,დამორვა (კუნძისა...),cut into round block,закруглить (бревно),**დამორად-დ-არ** დამორვა (კუნძისა)
damsaxurebad-d-ar,დამსახურებად-დ-არ,,,GE,vt,,,დამსახურება,"earn, deserve",заслужить,**დამსახურებად-დ-არ** გრდმ. დამსახურება
damtʼkʼicebad-d-ar,დამტკიცებად-დ-არ,,,,,,daamtʼkʼicebs,,,,**დამტკიცებად-დ-არ** გრდმ. 1. დამტკიცება (დაამტკიცებს)2. ქონების დამტკიცება
damtʼkʼicod-d-ar,დამტკიცოდ-დ-არ,,,GE,vt,,,გამტკიცება,sift,просеивать (частым ситом),**დამტკიცოდ-დ-არ** გრდმ. გამტკიცვა
damtʼkʼicodjijenŏ,დამტკიცოდჲიჲენო̆,,,,,,,,,,**დამტკიცოდჲიჲენო̆** მიმღ. გამტკიცული
damukrebad-d-alar,დამუქრებად-დ-ალარ,,,,,,,,,,**დამუქრებად-დ-ალარ** გრდუვ. დამუქრება
damğ,დამღ,d d,D,GE,n,,,დამღა,catlle brand,"тавро, клеймо",**დამღ** *დ დ* დამღა
damqʼarbad-d-ujenŏ,დამყარბად-დ-უჲენო̆,,,,,,,,,,"**დამყარბად-დ-უჲენო̆** მიმღ. დამყარებული, დაფუძნებული"
damqʼnobad-d-ar,დამყნობად-დ-არ,,,GE,vt,,,დამყნობა,"(en)graft, bud","прививку сделать, привить",**დამყნობად-დ-არ** გრდმ. დამყნობა
danavsod-d-ar,დანავსოდ-დ-არ,,,GE,vt,,,დანავსვა,,сглазить,**დანავსოდ-დ-არ** გრდმ. დანავსვა
danamad-d-ar,დანამად-დ-არ,,,GE,vt,,danamavs,დანამვა (დანამავს),,"увлажнить, окропить",**დანამად-დ-არ**  გრდმ. დანამვა (დანამავს)
dandal,დანდალ,b d,B,,n,,dandli,ლიანდაგი,"trail, track","стежка, прошивка",**დანდალ** *ბ დ* (დანდლი) ლიანდაგი
danivbad-d-ar,დანივბად-დ-არ,,,GE,vt,,gaaniavebs,განიავება (გაანიავებს),,"повеять (хлеб), проветрить",**დანივბად-დ-არ** გრდმ. განიავება (გაანიავებს)
dapʼepʼlad-d-ar,დაპეპლად-დ-არ,,,GE,n,,,,,,**დაპეპლად-დ-არ** იხ. დაფუშკად-დ-არ
dažar,დაჟარ,d d,D,,n,,dažreⁿ,"საძოვარი ბალახი, მოლი",grass,трава для пастбища,"**დაჟარ**  *დ დ* (დაჟრეჼ) საძოვარი, ბალახი, მოლი *შდრ. დ-აჟარ*"
dažarixujnĭ,დაჟარიხუჲნი̆,,,,ptcp,,,"სადაც ბალახი მოდის, საძოვარი",,пастбище,"**დაჟარიხუჲნი̆** მიმღ. სადაც ბალახი მოდის, საძოვარი"
dažežad-d-alar,დაჟეჟად-დ-ალარ,,,GE,vi,,daižežeba,დაჟეჟა (დაიჟეჟება),,"ушибиться, помяться",**დაჟეჟად-დ-ალარ** გრდუვ. დაჟეჟვა (დაიჟეჟება)
dažežad-d-ar,დაჟეჟად-დ-არ,,,GE,vt,,dažežavs,დაჟეჟვა (დაჟეჟავს),,"помять, ушибить, поколотить",**დაჟეჟად-დ-არ** გრდმ. დაჟეჟვა (დაჟეჟავს)*უსრ. ჟეჟად-დ-არ*
dažinbad-d-ar,დაჟინბად-დ-არ,,,GE,vt,,,დაჟინება,,твердить,**დაჟინბად-დ-არ** გრდმ. დაჟინება
dažletʼad-d-ar,დაჟლეტად-დ-არ,,,GE,vt,,,"გაჟლეტა, მუსრის გავლება",,уничтожить,"**დაჟლეტად-დ-არ** გრდმ. გაჟლეტა, მუსრის გავლება უსრ. ჟლეტად-დ-არ"
dar,დარ,j j,J,GE,n,,,დარი,good weather,погода (хорошая),**დარ** *ჲ ჲ* დარი
darab,დარაბ,d d,D,GE,n,,darbi; darbeⁿ,დარაბა,,раствор,**დარაბ** *დ დ* (დარბი; დარბეჼ)დარაბა
darandod-d-ar,დარანდოდ-დ-არ,,,GE,vt,,picrisa,დარანდვა (ფიცისა),,"выстругать, обтесать (доску)",**დარანდოდ-დ-არ** გრდმ. დარანდვა (ფიცრისა)
darandod-d-ijenŏ,დარანდოდ-დ-იჲენო̆,,,,ptcp,,,დარანდული,,"выструганный, обтесанный",**დარანდოდ-დ-იჲენო̆** მიმღ. დარანდული
daraǯ,დარაჯ,d d,D,GE,n,,darǯi; darǯeⁿ,"დარაჯი, ყარაული",guard,"сторож, сторожиха","**დარაჯ** *დ დ* (დარჯი; დარჯეჼ) დარაჯი, ყარაული"
darbaz,დარბაზ,d d,D,GE,n,,darbazi,დარბაზი,hall,"зал, гостиная",**დარბაზ** *დ დ* (დარბაზი) დარბაზი
darbevad-d-ar,დარბევად-დ-არ,,,GE,vt,,,დარბევა,ravage,разгромить,**დარბევად-დ-არ** გრდმ. დარბევა
dard,დარდ,b d,B,GE,n,,dardi; dardeⁿ,დარდი,"sadness, sorrow","печаль, забота",**დარდ** *ბ დ* (დარდი; დარდეჼ) დარდი
dardaxar,დარდახარ,,,,vt,,kalvažisa,დანიშვნა (ქალვაჟისა),betrothe,"обручить, помолвить",**დარდახარ** გრდმ. დანიშვნა (ქალვაჟისა)
daregod-d-ar1,დარეგოდ-დ-არ1,,,GE,vt,,,არევდარევა,,учинить беспорядок,**დარეგოდ-დ-არ1** გრდმ. არევდარევა
daregod-d-ar2,დარეგოდ-დ-არ2,,,GE,vt,,daregvavs,დარეგვა (დარეგვავს),,побить (градом),**დარეგოდ-დ-არ2** გრდმ. დარეგვა (დარეგვავს)
darvaⁿ,დარვაჼ,j j,J,,n,,darvneⁿ,პატარა რუ,small stream,канавка,**დარვაჼ**  *ჲ ჲ* (დარვნეჼ) პატარა რუ
darišxaⁿ,დარიშხაჼ,d d,D,GE,n,,darišxneⁿ,დარიშხანა,arsenic,мышьяк,**დარიშხაჼ** *დ დ* (დარიშხნეჼ) დარიშხანი
darkʼbi,დარკბი,d,D,,n,,,,,,**დარკბი**  *დ* მრ. იხ. დურკ
darkʼvevad-d-ar,დარკვევად-დ-არ,,,GE,vt,,cxvrisa,გადარჩევა (ცხვრისა...) დარკვევა (მარცვლეულისა),"select, grade; winnow","отобрать (зерно, овец...) произвести подбор","**დარკვევად-დ-არ** გრდმ. გადარჩევა (ცხვრისა), დარკვევა (მარცვლეულისა)"
darošad-d-ar,დაროშად-დ-არ,,,GE,vt,,,"[და]როშვა; როშვა, წარამარ უადგილო ლაპარაკი",,крупно (с)молоть; городить (всякую чепуху),"**დაროშად-დ-არ** გრდმ. 1. [და]როშვა 2. როშვა, წარამარა, უადგილო ლაპარაკი"
darğvevad-d-alar,დარღვევად-დ-ალარ,,,GE,vi,,,დარღვევა,,нарушиться,**დარღვევად-დ-ალარ** გრდუვ. დარღვევა
darc,დარც,,,,,,alir.,,,,**დარც** ქარბუქი *(ალირ.)*
darǯikʼ,დარჯიკ,d d,D,,n,,dakʼepʼil-šezavebuli xorvi an xačʼo,ხინკლის გული (დაკეპილ-შეზავებული ხორცი ან ხაჭო),inside of khinkali,фарш для хинкали,**დარჯიკ** *დ დ* ხინკლის გული (დაკეპილ-შეზავებული ხორვი ან ხაჭო)
dasazğrod-d-ar,დასაზღროდ-დ-არ,,,GE,vt,,,"გამიჯვნა, საზღვრების გავლება",,"разграничить, размеживать","**დასაზღროდ-დ-არ** გრდმ. გამიჯვნა, საზღვრების გავლება"
dasetʼqʼod-d-ar,დასეტყოდ-დ-არ,,,GE,vt,,,დასეტყვა,,побить градом,**დასეტყოდ-დ-არ** გრდმ. დასეტყვა უსრ. სეტყოდ-დ-არ.
dasicxod-d-ar,დასიცხოდ-დ-არ,,,GE,vt,,,"დასიცხვა, დაცხუნება",,палить (о солнце),"**დასიცხოდ-დ-არ** გრდმ. დასიცხვა, დაცხუნება"
dasnivlebad-d-alar,დასნივლებად-დ-ალარ,,,GE,vi,,dasneuldeba,დასნეულება (დასნეულდება),,стать больным,**დასნივლებად-დ-ალარ** გრდუვ. დასნეულება (დასნეულდება)უსრ. სნივლებად-დ-ალარ.
dasnivlebad-d-ar,დასნივლებად-დ-არ,,,GE,vt,,daasneulebs,დასნეულება (დაასნეულებს),,сделать больным,**დასნივლებად-დ-არ** გრდმ. დასნეულება (დაასნეულებს)უსრ. სნივლბად-დ-არ.
dastʼvenad-d-ar,დასტვენად-დ-არ,,,GE,vt,,,დასტვენა,,свистнуть,**დასტვენად-დ-არ**  გრდმ. დასტვენა უსრ. სტვენად-დ-არ.
dastʼur,დასტურ,v b,M,GE,n,,dajstʼri,დასტური (ხატის მსახური მთაში),pagan priest’s assistant,исполнитель религиозных обрядов у грузинских горцев,**დასტურ** *ვ ბ* (დაჲსტრი) დასტური (ხატის მსახური მთაში)
dasuntad-d-ar,დასუნთად-დ-არ,,,GE,vt,,dasuntkavs,დასუნთქვა (დასუნთქავს),,"отравить ядом (о насекомом, змее)",**დასუნთად-დ-არ** გრდმ. დასუნთქვა (დასუნთქავს)
dascʼrobad-d-ar,დასწრობად-დ-არ,,,GE,vt,,daascʼrebs,"დახვედრება, შეხვედრება; დასწრება (დაასწრებს)",,заставить встретить; опередить,"**დასწრობად-დ-არ**  გრდმ. 1. დახვედრება, შეხვედრება 2. დასწრება (დაასწრებს)"
datʼanǯod-d-alar,დატანჯოდ-დ-ალარ,,,GE,vi,,daitʼanǯeba,დატანჯვა (დაიტანჯება),,измучиться,**დატანჯოდ-დ-ალარ** გრდუვ. დატანჯვა (დაიტანჯება)უსრ. ტანჯოდ-დ-ალარ.
datʼanǯod-d-ar,დატანჯოდ-დ-არ,,,GE,vt,,,დატაჯვა (დატანჯავს),,измучить,"**დატანჯოდ-დ-არ** გრდმ. დატანჯვა, დატანჯავს უსრ. ტანჯოდ-დ-არ."
datʼevad-d-ar,დატევად-დ-არ,,,GE,vt,,dautʼevs,დატევა (დუტევს),,угорожать,**დატევად-დ-არ** გრდმ. დატევა (დაუტევს)
datʼkʼepʼnad-d-ar,დატკეპნად-დ-არ,,,GE,vt,,datʼkʼepʼnis,დატკეპნა (დატკეპნის),,"утоптать, утрамбовать",**დატკეპნად-დ-არ** გრდმ. დატკეპნა (დატკეპნის)უსრ. ტკეპნად-დ-არ.
datʼurtʼlad-d-ar,დატურტლად-დ-არ,,,GE,vt,,gaatʼurtʼlianebs,გატურტლიანება (გაატურტლიანებს),,"загрязнить, запачкать",**დატურტლად-დ-არ** გრდმ. გატურტლიანება (გაატურტლიანებს)უსრ. ტურტლად-დ-არ.
datʼukasd-d-ar,დატუქასდ-დ-არ,,,,,,,,,,**დატუქასდ-დ-არ** გრდმ. დატუქსვა უსრ. ტუქსად-დ-არ
dautad-d-ar dautod-d-ar,დაუთად-დ-არ დაუთოდ-დ-არ,,,,,,,,,,**დაუთად-დ-არ დაუთოდ-დ-არ** გრდმ. დაუთოება უსრ. უთოდ-დ-არ.
dap,დაფ,j j,J,GE,n,,dapi; dapeⁿ,"დაფი, დოლი",drum,барбан,"**დაფ** *ჲ ჲ* (დაფი; დაფეჼ) დაფი, დოლი"
daparcxod-d-ar,დაფარცხოდ-დ-არ,,,GE,vt,,,დაფარცხვა,,обронить,**დაფარცხოდ-დ-არ**  გრდმ. დაფარცხვა უსრ. ფარცხოდ-დ-არ.
daperbad-d-alar,დაფერბად-დ-ალარ,,,GE,vi,,,"მიფერება, მიალერსება",,приласкаться,"**დაფერბად-დ-ალარ** გრდუვ. მიფერება, მიალერსება უსრ. ფერბად-დ-ალარ."
daplangod-d-ar,დაფლანგოდ-დ-არ,,,GE,vt,,,გაფლანგვა,,растратить,**დაფლანგოდ-დ-არ** გრდმ. გაფლანგვა უსრ. ფლანგოდ-დ-არ.
daprukʼad-d-ar,დაფრუკად-დ-არ,,,GE,vt,,gabdğvnis,გაბდღვნა (გაბდღვნის),,ощипать (птицу),**დაფრუკად-დ-არ** გრდმ. გაბდღვნა (გაბდღვნის)უსრ. ფრუკად-დ-არ.
dapukʼad-d-alar,დაფუკად-დ-ალარ,,,GE,vi,,daipukʼeba,"დაფუკვა (დაიფუკება), დაჩუტვა",,"сжаться, сморщиться","**დაფუკად-დ-ალარ** გრდუვ. დაფუკვა (დაიფუკება), დაჩუტვა"
dapupkad-d-ar,დაფუფქად-დ-არ,,,GE,vt,,,გაფუფქვა (გაფუფქავს),,ошпарить,"**დაფუფქად-დ-არ** გრდმ. გაფუფქვა, გაფუფქავს უსრ. ფუფქად-დ-არ."
dapuškʼad-d-ar,დაფუშკად-დ-არ,,,GE,vt,,,დაპეპვლა,,покрывать (птицу),**დაფუშკად-დ-არ** გრდმ. დაპეპვლა უსრ. ფუშკად-დ-არ.
dapuškʼad-d-ijenŏ,დაფუშკად-დ-იჲენო̆,,,,ptcp,,,დაპეპლილი,,покрытый (о птицах),**დაფუშკად-დ-იჲენო̆** მიმღ. დაპეპლილი
dapšnetʼad-d-ar,დაფშნეტად-დ-არ,,,GE,vt,,,დაფშვნეტა,,накрошить,**დაფშნეტად-დ-არ** გრდმ. დაფშვნეტა უსრ. ფშნეტად-დ-არ
dapšnetʼad-d-ijenŏ,დაფშნეტად-დ-იჲენო̆,,,,ptcp,,,დაფშვნეტილი,,раскрошенный,**დაფშნეტად-დ-იჲენო̆** მიმღ. დაფშვნეტილი
dapxekʼad-d-ar,დაფხეკად-დ-არ,,,GE,vt,,gapxekʼs,გაფხეკა (გაფხეკს),,выскоблить,**დაფხეკად-დ-არ**  გრდმ. გაფხეკა (გაფხეკს)უსრ. ფხეკად-დ-არ
dapxna,დაფხნა,d d,,,,,,,,,**დაფხნა**  *დ დ* სიცხე
dakekad-d-alar,დაქექად-დ-ალარ,,,GE,vi,,gainʒreva,"განძრევა (გაინძრევა), დატოკება, ამოძრავება, დაძვრა",,"пошевелиться, пошатнуться, двинуться","**დაქექად-დ-ალარ**  განძრევა (გაინძრევა), დატოკება, ამოძრავება, დაძვრა უსრ. ქექად-დ-ალარ."
dakekad-d-ar,დაქექად-დ-არ,,,GE,vt,,gaanʒrevs,"განძრევა (გაანძრევს), შეტოკება, ამოძრავება",,"пошевелить, пошатнуть","**დაქექად-დ-არ** გრდმ. განძრევა (გაანძრევს), შეტოკება, ამოძრავება უსრ. ქექად-დ-არ."
dakiⁿ,დაქიჼ,,,,a,,,კარგი,good,хороший,"**დაქიჼ** ძვ. კარგი იხ. ღაზეჼ. დაქიჼ და და ზმნს. *კარგი, კარგია.*"
daklešad-d-ar,დაქლეშად-დ-არ,,,GE,vt,,daǯiǯgnis,"დაჯიჯგნა (დაჯიჯგნის), დაქლეშა",,"помять, растерзать","**დაქლეშად-დ-არ** გრდმ. დაჯიჯგნა (დაჯიჯგნის), დაქლეშა უსრ. ქლეშად-დ-არ."
daklibad-d-ar,დაქლიბად-დ-არ,,,GE,vt,,gaklibavs,გაქლიბვა (გაქლიბავს),,пилить напильником,**დაქლიბად-დ-არ** გრდმ. გაქლიბვა (გაქლიბავს)უსრ. ქლიბად-დ-არ.
dakol,დაქოლ,j j,,,,,,,,,**დაქოლ** *ჲ ჲ* სიკეთე
daksaksod-d-alar,დაქსაქსოდ-დ-ალარ,,,GE,vi,,daiksakseba,"დაქსაქსვა (დაიქსაქსება), დაფანტვა",,разбрестись,"**დაქსაქსოდ-დ-ალარ** გრდუვ. დაქსაქსვა (დაიქსაქსება), დაფანტვა უსრ. ქსაქსოდ-დ-არ"
dakujrcʼlebadalcʼiⁿ,დაქუჲრწლებადალწიჼ,,,,,,,,,,**დაქუჲრწლებადალწიჼ** დაუქორწინებელი
dakujrcʼlebad-d-alar,დაქუჲრწლებად-დ-ალარ,,,GE,vi,,dakorcʼindeba,დაქორწინება (დაქორწინდება),,"пожениться, повенчаться",**დაქუჲრწლებად-დ-ალარ** გრდუვ. დაქორწინება (დაქორწინდება)უსრ. ქუჲრწლებად-დ-ალარ.
dakujrcʼlebad-d-ar,დაქუჲრწლებად-დ-არ,,,GE,vt,,daakorcʼinebs,დაქორწინება (დააქორწინებს),,поженить,**დაქუჲრწლებად-დ-არ** გრდმ. დაქორწინება (დააქორწინებს)უსრ. ქუჲრწლებად-დ-არ.
dakŏ,დაქო̆,d d,D,,n,,,მდგნალი (ხე),goat willow,козья верба,**დაქო̆** *დ დ* მდგნალი (დაბალი ტანის ხე ან ბუჩქი)
dağirbad-d-ar,დაღირბად-დ-არ,,,GE,vt,,mouğerebs,მოღერება (მოუღერებს),,угрожать (поднятой палкой и др.),**დაღირბად-დ-არ** გრდმ. მოღერება (მოუღერებს)
dağonbad-d-alar,დაღონბად-დ-ალარ,,,GE,vi,,dağondeba,"დაღონება (დაღონდება), შეწუხება",,"огорчиться, загрустить","**დაღონბად-დ-ალარ** გრდუვ. დაღონება (დაღონდება), შეწუხება"
dağonbad-d-ar,დაღონბად-დ-არ,,,GE,vt,,daağonebs,"დაღონება (დააღონებს), შეწუხება",,"огорчать, удручить, обеспокоить","**დაღონბად-დ-არ** გრდმ. დაღონება (დააღონებს), შეწუხება *უსრ. ღონბად-დ-არ.*"
"dağonbad-d-ajlnŏ, dağonbad-d-alinŏ","დაღონბად-დ-აჲლნო̆, დაღონბად-დ-ალინო̆",,,,,,,,,,"**დაღონბად-დ-აჲლნო̆, დაღონბად-დ-ალინო̆** მიმღ. დაღონებული"
dağonbad-d-ijenŏ,დაღონბად-დ-იჲენო̆,,,,ptcp,,vinmes an rames mier,დაღონებული (ვინმეს ან რამეს მიერ),,грустный (из-за кого-н. или чего-н),**დაღონბად-დ-იჲენო̆** მიმღ. დაღონებული (ვინმეს ან რამეს მიერ)
dağonbad-d-ujnĭ,დაღონბად-დ-უჲნი̆,,,,ptcp,,,"დასაღონებელი, შესაწუხებელი",,удручающий,"**დაღონბად-დ-უჲნი̆** მიმღ. დასაღონებელი, შესაწუხებელი"
dağupʼad-d-alar,დაღუპად-დ-ალარ,,,GE,vi,,daiğupʼeba,დაღუპვა (დაიღუპება),,погибнуть,**დაღუპად-დ-ალარ** გრდუვ. დაღუპვა (დაიღუპება)უსრ. ღუპად-დ-ალარ.
dağupʼad-d-ar,დაღუპად-დ-არ,,,GE,vt,,dağupʼavs,დაღუპვა (დაღუპავს),,погубить,**დაღუპად-დ-არ** გრდმ. დაღუპვა (დაღუპავს)უსრ. ღუპად-დ-არ.
daqʼ dillar,დაყ დილლარ,,,,,,,,,,**დაყ დილლარ** გრდმ. წილის მიცემა
daqʼ xiɬar,დაყ ხილ’არ,,,,,,,,,,**დაყ ხილ’არ** მონაწილედ ყოფნა
"daqʼ, daaqʼ","დაყ, დააყ",d d,,,,,,,,,"**დაყ, დააყ** *დ დ* წილი, ხვედრი"
daqʼ[ŏ],დაყ[ო̆],d d,,,,,daqʼuj; daqʼujⁿ,,,,"**დაყ[ო̆]** *დ დ* (დაყუჲ; დაყუჲჼ) ცხედარი, მიცვალებული"
d-aqʼaliⁿ,დ-აყალიჼ,,,,,,ekspʼ.,,,,**დ-აყალიჼ** გამხდარი *(ექსპ.)*
daqʼar,დაყარ,d d,,,,,daqʼreⁿ,,,,"**დაყარ** *დ დ* (დაყრეჼ) 1. საჭმელი, სანოვაგე 2. სულადი (პური, ქერი) შდრ. დ-აყარ."
daqʼarcʼol,დაყარწოლ,,,,,,,,,,**დაყარწოლ** უსაზრდოობა
daqʼaurmebad-d-ar,დაყაურმებად-დ-არ,,,GE,vt,,daaqʼaurmebs,დაყაურმება (დააყაურმებს),,потушить баранину для хранения,**დაყაურმებად-დ-არ** გრდმ. დაყაურმება (დააყაურმებს)უსრ. ყაურმებად-დ-არ.
daqʼe[ħ],დაყე[ჰ’],,,,,,,,,,**დაყე[ჰ’]** თანდ. მიც. ბრ. მაგიერ
d-aqʼiⁿ,დ-აყიჼ,,,,a,,kadagiʒ.,მშრალი,dry,,**დ-აყიჼ** ხმელი *(ქადაგიძ.)*
daqʼliⁿ,დაყლიჼ,,,,,,,,,,"**დაყლიჼ** მონაწილე, წილიანი, წილის მქონე"
daqʼlin[kʼ],დაყლინ[კ],,,,,,,,,,**დაყლინ[კ]** ნეტავ
daqʼmaɬar,დაყმალ’არ,d d,,,,,,,,,**დაყმალ’არ** *დ დ* საჭმელ-სასმელი (ჭამა-სმა)
daqʼ-maɬujnĭ,დაყ-მალ’უჲნი̆,,,,,,,,,,**დაყ-მალ’უჲნი̆** მიმღ. საჭმელ-სასმელი
daqʼ-meɬar,დაყ-მელ’არ,d d,,,,,,,,,"**დაყ-მელ’არ** *დ დ* ჭამა-სმა (დროის ტარება, ქეიფი)"
daqʼrecʼiⁿ,დაყრეწიჼ,,,,,,,,,,**დაყრეწიჼ** უსაჭმლოდ
daqʼujrğebad-d-ijenŏ,დაყუჲრღებად-დ-იჲენო̆,,,,ptcp,,,დაყორუღებული,,защищенное и огороженное пастбище,**დაყუჲრღებად-დ-იჲენო̆** მიმღ. დაყორულღებული
daqʼqʼdar,დაყყდარ,,,,,,,,,,"**დაყყდარ** გრდმ. გასინჯვა, დათვალიერება უსრ. დეყყ-დ-არ."
daqʼqʼ-d-acʼiⁿ,დაყყ-დ-აწიჼ,,,,,,,,,,"**დაყყ-დ-აწიჼ** გაუსინჯავი, გაუსინჯავად, დაუთვალიერებელი, დაუთვალიერებლად"
daqʼqʼ-d-itar,დაყყ-დ-ითარ,,,,,,,,,,**დაყყ-დ-ითარ** გრდმ. გასინჯვინება
daš,დაშ,,,,,,,,,,"**დაშ**  მქონებელი, შეძლებული იხ. დ-ა"
dašarna,დაშარნა,d d,D,,n,,,სიცარიელე,emptyness,пустота,**დაშარნა** *დ დ* სიცარიელე
dašmatʼtʼliⁿ,დაშმატტლიჼ,,,,,,sitʼqʼvaeniani,,,,"**დაშმატტლიჼ**  ენამჭევრი, ენაწყლიანი (სიტყვაენიანი)"
dašⁿ,დაშჼ,d d,,,,,dašni; dašneⁿ,,,,**დაშჼ** *დ დ* (დაშნი; დაშნეჼ) დაშნა
dašni,დაშნი,d,D,,n,,,,,,**დაშნი** *დ* მრ. იხ. დოშ
dašnčʼʕağoⁿ,დაშნჭჵაღოჼ,,,,,,sitʼqʼva magari,,,,"**დაშნჭჵაღოჼ** სიტყვის შემნახველი, სიტყვის პატრონი (სიტყვა მაგარი)"
dašušad-d-ar,დაშუშად-დ-არ,,,GE,vt,,mošušavs,მოშუშვა (მოშუშავს),,потушить,**დაშუშად-დ-არ**  გრდმ. მოშუშვა (მოშუშავს) უსრ. შუშად-დ-არ.
dašušad-d-ijenŏ,დაშუშად-დ-იჲენო̆,,,,,,,,,,**დაშუშად-დ-იჲენო̆** მიმღ. მოშუშული
dašxamad-d-ar,დაშხამად-დ-არ,,,GE,vt,,,"დაშხამვა, მოწამვლა",,отравить,"**დაშხამად-დ-არ**  გრდმ. დაშხამვა, მოწამვლა უსრ. შხამად-დ-არ."
dačečxod-d-ar,დაჩეჩხოდ-დ-არ,,,GE,vt,,,"შეჩუჩხურება, გაჩხრეკა, გამოქექვა; შეჩენა, წაქეზება",,"разгрести (огонь), пристать","**დაჩეჩხოდ-დ-არ**  გრდმ. შეჩუჩხურება, გაჩხრეკვა, გამოქექვა; შეჩენა, წაქეზება უსრ. ჩეჩხოდ-დ-არ"
dačinčod-d-alar,დაჩინჩოდ-დ-ალარ,,,GE,vi,,ǯanǯlobs,"ჯანჯლობა (ჯანჯლობს), გაჭიანურებული ლაპარაკი (მორიგებაზე)",,"волынить, мелочно торговаться","**დაჩინჩოდ-დ-ალარ** გრდუვ. ჯანჯლობა (ჯანჯლობს), გაჭიანურებული ლაპარაკი (მორიგებაზე)უსრ. ჩინჩოდ-დ-ალარ."
dačkʼriⁿ,დაჩკრიჼ,,,,,,kadagiʒ.,,,,**დაჩკრიჼ** ჩლუნგი *(ქადაგიძ.)*
dačo stʼakʼ,დაჩო სტაკ,,,,,,šipn.,,,,**დაჩო სტაკ** გლეხი *(შიფნ.)*
dačo,დაჩო,,,,,,šipn.,,,,**დაჩო** უბრალო *(შიფნ.)*
dačurčad-d-ar,დაჩურჩად-დ-არ,,,GE,vt,,,დაჩურჩვა,,изъять косточки (из плодов),**დაჩურჩად-დ-არ**  გრდმ. დაჩურჩვა უსრ. ჩურჩუდ-დ-არ
dačxapʼnad-d-ar,დაჩხაპნად-დ-არ,,,GE,vt,,dačxapʼnis,დაჩხაპნა (დაჩხაპნის),,поцарапать,**დაჩხაპნად-დ-არ** გრდმ. დაჩხაპნა (დაჩხაპნის)უსრ. ჩხაპნად-დ-არ.
dačxar,დაჩხარ,d d,D,,n,,,ჩინჩხვარი; ხმელი წვრილი შეშის გერი,brushwood; dry kindling,сухая ветка,"**დაჩხარ** *დ დ* ჩინჩხვარი, ხმელი, წვრილი შეშის ღერი"
dacexod-d-ar,დაცეხოდ-დ-არ,,,GE,vt,,dacexvavs,დაცეხვა (დაცეხვავს),,дробить (на зерна початки...),**დაცეხოდ-დ-არ**  გრდმ. დაცეხვა (დაცეხვავს)უსრ. ცეხოდ-დ-არ.
dacopad-d-ar,დაცოფად-დ-არ,,,GE,vt,,,დაცოფვა,,сделать бешеным,**დაცოფად-დ-არ** გრდმ. დაცოფვა უსრ. ცოფად-დ-არ.
d-acuⁿ,დ-აცუჼ,,,,a,,,მოკლე,short,короткий,**დ-აცუჼ** მოკლე
daʒm,დაძმ,d d,D,GE,n,,daʒmeⁿ,ნათესავი,"relative, kin",родственник,**დაძმ** *დ დ* (დაძმეჼ) ნათესავი
daʒmiğeⁿ,დაძმიღეჼ,,,,,,,,,,"**დაძმიღეჼ** ნათესავისებური, ნათესავის მსგავსი, ნათესავი"
daʒmob,დაძმობ,d,,,,,,,,,**დაძმობ**  *დ* ნათესაობა
daʒmob tasar,დაძმობ თასარ,,,,,,daʒmobis čamogdeba,,,,**დაძმობ თასარ** დანათესავება (დაძმობის ჩამოგდება)
daʒmcʼiⁿ,დაძმწიჼ,,,,,,,,,,**დაძმწიჼ** უნათესაო[დ]
daʒraxod-d-ar,დაძრახოდ-დ-არ,,,GE,vt,,daʒraxavs,დაძრახვა (დაძრახავს),,осудить,**დაძრახოდ-დ-არ** გრდმ. დაძრახვა (დაძრახავს)*უსრ. ძრახოდ-დ-არ*
dacʼerad-d-ar,დაწერად-დ-არ,,,GE,vt,,,დაწერა,,написать,**დაწერად-დ-არ** გრდმ. დაწერა უსრ. წერად-დ-არ
dacʼerad-d-ijnŏ,დაწერად-დ-იჲნო̆,,,,,,,,,,"**დაწერად-დ-იჲნო̆** მიმღ. დაწერილი, ნაწერი"
dacʼerad-d-ujnĭ,დაწერად-დ-უჲნი̆,,,,ptcp,,,დასაწერი; დამწერი,,"то, что нужно написать; пишущий",**დაწერად-დ-უჲნი̆** მიმღ. 1. დასაწერი 2. დამწერი
dacʼesbad-d-ar,დაწესბად-დ-არ,,,GE,vt,,,დაწესება,,учредить,**დაწესბად-დ-არ** გრდმ. დაწესება უსრ. წესბად-დ-არ.
dacʼecʼad-d-ar,დაწეწად-დ-არ,,,GE,vt,,matʼqʼlisa,"დაწეწა, დაძენძა (მატყლისა...)",,трепать (шерсть...),"**დაწეწად-დ-არ** გრდმ. დაწეწა, დაძენძა (მატყლისა)უსრ. წეად-დ-არ."
dacʼrucʼnebad-d-ar,დაწრუწნებად-დ-არ,,,GE,vt,,cxenis cʼasakezeblad,დასტვენა (ცხენის წასაქეზებლად),,свистнуть (лошади),**დაწრუწნებად-დ-არ** გრდმ. დასტვენა (ცხენის წასაქეზებლად) უსრ. წრუწნებად-დ-არ.
dačʼedad-d-ar,დაჭედად-დ-არ,,,GE,vt,,dačʼedavs,დაჭედვა (დაჭედავს),,подковать,**დაჭედად-დ-არ** გრდმ. დაჭედვა (დაჭედავს) *უსრ. ჭედად-დ-არ.*
dačʼedad-d-itar,დაჭედად-დ-ითარ,,,GE,vt,,,დაჭედვინება,,заставить подковать,**დაჭედად-დ-ითარ** გრდმ. დაჭედვინება
dačʼedad-d-ijenŏ,დაჭედად-დ-იჲენო̆,,,,ptcp,,,დაჭედილი,,подкованный,**დაჭედად-დ-იჲენო̆** მიმღ. დაჭედილი
dačʼedad-d-ujnĭ,დაჭედად-დ-უჲნი̆,,,,ptcp,,,დასაჭედი; ნალბანდი,,"тот, кого надо подковать; ковальщик (лошадей)",**დაჭედად-დ-უჲნი̆** მიმღ. დასაჭედი
dačʼqʼletʼad-d-ar,დაჭყლეტად-დ-არ,,,GE,vt,,dačʼqʼletʼs,დაჭყლეტა (დაჭყლეტს),,"размять, смять, раздавить",**დაჭყლეტად-დ-არ** გრდმ. დაჭყლეტა (დაჭყლეტს)უსრ. ჭყლეტად-დ-არ.
daxazod-d-ar,დახაზოდ-დ-არ,,,GE,vt,,,დახაზვა,,разлиновать,**დახაზოდ-დ-არ** გრდმ. დახაზვა *უსრ. ხაზოდ-დ-არ.*
daxamad-d-ar,დახამად-დ-არ,,,GE,vt,,gaaxamebs,გახამება (გახამებს),,накрахмалить,**დახამად-დ-არ** გრდმ. გახამება (გაახამებს)უსრ. ხამად-დ-არ.
daxarǯod-d-ar,დახარჯოდ-დ-არ,,,GE,vt,,daxarǯavs,დახარჯვა (დახარჯავს); დახარჯვინება,,"потратить, израсходовать; заставить потратиться",**დახარჯოდ-დ-არ** გრდმ. 1. დახარჯვა (დახარჯავს) 2. დახარჯვინება უსრ. ხარჯოდ-დ-არ.
daxarǯod-d-ujnĭ,დახარჯოდ-დ-უჲნი̆,,,,ptcp,,,"დასახარჯავი, სახარჯო; დამხარჯველი",,"то, что надо потратить; расходующий","**დახარჯოდ-დ-უჲნი̆** მიმღ. 1. დასახარჯავი, სახარჯო 2. დამხარჯველი"
daxatʼod-d-ar,დახატოდ-დ-არ,,,GE,vt,,daxatʼavs,დახატვა (დახატავს),,нарисовать,**დახატოდ-დ-არ** გრდმ. დახატვა (დახატავს)უსრ. ხატოდ-დ-არ.
daxaɁŏ,დახაჸო̆,d d,D,,n,,daxuj; daxujⁿ,შურთხი,snowcock,горная индейка,**დახაჸო̆** *დ დ* (დახუჲ; დახუჲჼ) შურთხი
daxergod-d-ar,დახერგოდ-დ-არ,,,GE,vt,,daxergavs,დახერგვა (დახერგავს),,преградить бревнами,**დახერგოდ-დ-არ** გრდმ. დახერგვა (დახერგავს) უსრ. ხერგოდ-დ-არ
daxerxad-d-ar,დახერხად-დ-არ,,,GE,vt,,daxerxavs,დახერხვა (დახერხავს),,напилить,**დახერხად-დ-არ** გრდმ. დახერხვა *(დახერხავს)*  უსრ. ხერხად-დ-არ.
"daxeɁ, daax","დახეჸ, დაახ",,,,,,,,,,"**დახეჸ, დაახ** ამიტომ, იმიტომ, მის გამო"
daxvecʼad-d-ar,დახვეწად-დ-არ,,,GE,vt,,"ʒapis, nartis gasuptaveba","დახვეწა (ძაფის, ნართის გასუფთავება)",,"очищать (нитки, пряжу от ворса)","**დახვეწად-დ-არ** გრდმ. დახვეწა (ძაფის, ნართის გასუფთავება) უსრ. ხვეწად-დ-არ."
daxkʼiš,დახკიშ,,D,,n,,,,,,**დახკიშ** მრ. იხ. დოხკ
daxkʼišcʼiⁿ,დახკიშწიჼ,,,,,,,,,,**დახკიშწიჼ** უღრუბლო
daxkʼujⁿ (daxkʼiⁿ) bader,დახკუჲჼ (დახკიჼ) ბადერ,d d,,,,,,,,,**დახკუჲჼ (დახკიჼ) ბადერ** *დ დ* (დახკუჲჼ (დახკიჼ) ბადრი) წრუწუნა
daxkʼŏ,დახკო̆,b d,B,,n,,daxkʼajrč,თაგვი,mouse,мышь,**დახკო̆** *ბ დ* (დახკაჲრჩ) თაგვი
"daxnĕ, daxnŏ","დახნე̆, დახნო̆",d d,,,,,daxnoⁿ,,,,"**დახნე̆, დახნო̆** *დ დ* (დახნოჼ) საქონელი, პირუტყვი"
daxrakʼad-d-ar,დახრაკად-დ-არ,,,GE,vt,,moxrakʼavs,მოხრაკვა (მოხრაკავს),,поджарить,**დახრაკად-დ-არ** გრდმ. მოხრაკვა (მოხრაკავს)უსრ. ხრაკად-დ-არ.
daxutad-d-ar,დახუთად-დ-არ,,,GE,vt,,daxutavs,დახუთვა (დახუთავს); დაჭერა (დაუჭერს ფულს...) გამოდავება,,"скрючить, отняться (о ногах); задержать (деньги)","**დახუთად-დ-არ** გრდმ. 1. დახუთვა (დახუთავს) 2. დაჭერა (დაუჭერს ფულს), უსრ. ხუთად-დ-არ."
daxutad-d-ijenŏ,დახუთად-დ-იჲენო̆,,,GE,ptcp,,vali,"დახუთული; დაუბრუნებელი, დაკავებული (ვალი...)",,"скорченный; задержанный, невозвращенный (долг...)","**დახუთად-დ-იჲენო̆** მიმღ. დახუთული 2. დაუბრუნებელი, დაკავებული (ვალი)"
daxcʼiⁿ,დახწიჼ,,,,,,,,,,**დახწიჼ**  უსაქონლოდ
daqlejnĭ,დაჴლეჲნი̆,,,,,,daqlaani; daqlejniⁿ,,,,**დაჴლეჲნი̆** (დაჴლაანი; დაჴლეჲნიჼ) მოზარდი **(ქადაგიძ.)**
"daǯarimad-d-ar, daǯajrmad-d-ar, daǯajrmebad-d-ar","დაჯარიმად-დ-არ, დაჯაჲრმად-დ-არ, დაჯაჲრმებად-დ-არ",,,,,,daaǯarimebs,,,,"**დაჯარიმად-დ-არ, დაჯაჲრმად-დ-არ, დაჯაჲრმებად-დ-არ** გრდმ. დაჯარიმება (დააჯარიმებს)"
daɬar oštʼikʼ,დალ’არ ოშტიკ,,,,,,šipn.,,,,"**დალ’არ ოშტიკ** საჩუქარი, საჩუქრად მიცემა *(შიფნ.)*"
daŭqʼan de,დაუ̆ყან დე,d,,,,,,,,,**დაუ̆ყან დე** *დ*  მიცვალებულის დღე
daħ,დაჰ’,,,,,,,,,,**დაჰ’** დოლარ
"=daħ, da","=დაჰ’, და",,,,,,,,,,"**=დაჰ’, და** თანდებული მარტივ და რთულ ფორმებში, =გან, =დან"
"daħ, daħa","დაჰ’, დაჰ’ა",,,,,,,,,,"**დაჰ’, დაჰ’ა** ზმნისართი, წინსართი, ჩვეულებრივ აღნიშნავს მიმართულებას აქედან იქით, გახაზავს ზმნის შინაარსს"
"daħ, daħ-d-alar","დაჰ’, დაჰ’-დ-ალარ",,,,,,,,,,"**დაჰ’, დაჰ’-დ-ალარ** იხ. დალარ"
daħatʼar,დაჰ’ატარ,,,,,,,,,,**დაჰ’ატარ** გრდუვ. იხ. ატარ
daħatʼ-d-ar,დაჰ’ატ-დ-არ,,,,,,,,,,**დაჰ’ატ-დ-არ** გრდმ. იხ. ატ-დ-არ
daħap-d-alar,დაჰ’აფ-დ-ალარ,,,,,,,,,,**დაჰ’აფ-დ-ალარ** გრდუვ. იხ. აფ-დ-ალარ
daħax-d-ar,დაჰ’ახ-დ-არ,,,,,,,,,,**დაჰ’ახ-დ-არ** გრდმ. ახ-დ-არ3
daħgag-d-ar,დაჰ’გაგ-დ-არ,,,,,,,,,,**დაჰ’გაგ-დ-არ** გრდმ. იხ. გაგ-დ-არ
daħgam-d-ar,დაჰ’გამ-დ-არ,,,,,,,,,,**დაჰ’გამ-დ-არ** გრდმ. იხ. გამ-დ-არ
daħ-d-aašar,დაჰ’-დ-ააშარ,,,,,,,,,,**დაჰ’-დ-ააშარ** გრდმ. დ-ააშარ მაჭი
daħ-d-aaxar,დაჰ’-დ-აახარ,,,,,,,,,,**დაჰ’-დ-აახარ** გრდმ. იხ. დ-ახარ2
daħdakʼar-d-ar,დაჰ’დაკარ-დ-არ,,,,,,,,,,**დაჰ’დაკარ-დ-არ** გრდმ. გადათვლა*.*
daħdakʼar-d-itar,დაჰ’დაკარ-დ-ითარ,,,,,,,,,,**დაჰ’დაკარ-დ-ითარ** გრდმ. გადათვლევინება
daħ-d-alinŏ,დაჰ’-დ-ალინო̆,,,,,,,,,,**დაჰ’-დ-ალინო̆** - იხ. დ-ალინო̆
daħ-d-ar1,დაჰ’-დ-არ1,,,,,,,,,,"**დაჰ’-დ-არ1** გრდმ. მიცემა საკუთრად, ჩუქება, გაცემა"
daħ-d-ar2,დაჰ’-დ-არ2,,,,,,kʼarisa,,,,**დაჰ’-დ-არ2** გრდმ. მიხურვა (კარისა) *იხ. დ-არ.*
daħ-d-arlar,დაჰ’-დ-არლარ,,,,,,,,,,**დაჰ’-დ-არლარ** გრდმ. იხ. დ-არლარ
daħ-d-aržar,დაჰ’-დ-არჟარ,,,,,,,,,,**დაჰ’-დ-არჟარ** გრდმ. იხ. დ-არჟ-დ-არ
daħ-d-as-d-ar,დაჰ’-დ-ას-დ-არ,,,,,,,,,,**დაჰ’-დ-ას-დ-არ** გრდმ. იხ. დ-ას-დ-არ
daħ-d-as-d-ujnĭ,დაჰ’-დ-ას-დ-უჲნი̆,,,,,,,,,,"**დაჰ’-დ-ას-დ-უჲნი̆**, იხ. დ-ას-დ-უჲნი̆"
daħ-d-astʼar,დაჰ’-დ-ასტარ,,,,,,daarğvevs,,,,**დაჰ’-დ-ასტარ** გრდმ. 1. იხ. დ-ასტარ 2. დარღვევა (დაარღვევს)
daħ-d-astʼdujnĭ,დაჰ’-დ-ასტდუჲნი̆,,,,,,,,,,**დაჰ’-დ-ასტდუჲნი̆** იხ. დ-ასტ-დ-უჲნი̆
daħ-d-astʼinŏ,დაჰ’-დ-ასტინო̆,,,,,,,,,,**დაჰ’-დ-ასტინო̆** იხ. დ-ასტინო̆
daħ-d-atʼdar,დაჰ’-დ-ატდარ,,,,,,,,,,**დაჰ’-დ-ატდარ** გრდმ. იხ. დ-ატ-დ-არ
daħ-d-apxar,დაჰ’-დ-აფხარ,,,,,,,,,,**დაჰ’-დ-აფხარ** გრდმ. იხ. დ-აფხარ1
daħ-d-apx-d-alar,დაჰ’-დ-აფხ-დ-ალარ,,,,,,,,,,**დაჰ’-დ-აფხ-დ-ალარ** გრდუვ. იხ. დ-აფხ-დ-ალარ
daħ-d-apx-d-ar,დაჰ’-დ-აფხ-დ-არ,,,,,,,,,,**დაჰ’-დ-აფხ-დ-არ** გრდმ. დ-აფხ-დ-არ
daħ-d-apx-d-acʼiⁿ,დაჰ’-დ-აფხ-დ-აწიჼ,,,,,,,,,,"**დაჰ’-დ-აფხ-დ-აწიჼ** გაუხდელი, გაუხდელად, მოუხდელი"
daħ-d-apxitar,დაჰ’-დ-აფხითარ,,,,,,,,,,**დაჰ’-დ-აფხითარ** გრდმ. იხ. დ-აფხითარ
"daħ-d-aqʼ-d-alinŏ, daħ-d-aqʼ-d-ajlnŏ","დაჰ’-დ-აყ-დ-ალინო̆, დაჰ’-დ-აყ-დ-აჲლნო̆",,,,,,,,,,"**დაჰ’-დ-აყ-დ-ალინო̆, დაჰ’-დ-აყ-დ-აჲლნო̆** იხ. დ-აყ-დ-ალინო̆"
daħ-d-aqʼ-d-ar,დაჰ’-დ-აყ-დ-არ,,,,,,,,,,**დაჰ’-დ-აყ-დ-არ** გრდმ. იხ. დაყ-დ-არ
daħ-d-ašar1,დაჰ’-დ-აშარ1,,,,,,,,,,**დაჰ’-დ-აშარ1** გრდუვ. დ-აშარ1
daħ-d-aš-d-ar,დაჰ’-დ-აშ-დ-არ,,,,,,,,,,**დაჰ’-დ-აშ-დ-არ** გრდმ. იხ. დ-აშ-დ-არ
daħ-d-ašinŏ1,დაჰ’-დ-აშინო̆1,,,,,,,,,,**დაჰ’-დ-აშინო̆1** იხ. დ-აშინო̆1
daħ-d-ašinŏ2,დაჰ’-დ-აშინო̆2,,,,,,,,,,**დაჰ’-დ-აშინო̆2** იხ. დ-აშინო̆2
daħ-d-ačkʼar-d-alar,დაჰ’-დ-აჩკარ-დ-ალარ,,,,,,,,,,**დაჰ’-დ-აჩკარ-დ-ალარ** გრდუვ. იხ. დ-აჩკარ-დ-ალარ
daħ-d-ačkʼar-d-ar,დაჰ’-დ-აჩკარ-დ-არ,,,,,,,,,,**დაჰ’-დ-აჩკარ-დ-არ** გრდმ. იხ. დ-აჩკ-დ-არ
daħ-d-acar,დაჰ’-დ-აცარ,,,,,,,,,,**დაჰ’-დ-აცარ** გრდმ. იხ. დ-აცარ
daħ-d-ac-d-ar,დაჰ’-დ-აც-დ-არ,,,,,,,,,,**დაჰ’-დ-აც-დ-არ** გრდმ. იხ. დ-აც-დ-არ
daħ-d-acitar,დაჰ’-დ-აცითარ,,,,,,,,,,**დაჰ’-დ-აცითარ** გრდმ. იხ. დ-აცითარ
daħ-d-acinŏ,დაჰ’-დ-აცინო̆,,,,,,,,,,**დაჰ’-დ-აცინო̆** იხ. დ-აცინო̆ დ-აცინ*ო̆*
daħ-d-ax[x]-d-ar,დაჰ’-დ-ახ[ხ]-დ-არ,,,,,,,,,,**დაჰ’-დ-ახ[ხ]-დ-არ** გრდმ. იხ. დ-ახ[ხ]-დ-არ1
daħ-d-axar,დაჰ’-დ-ახარ,,,,,,,,,,**დაჰ’-დ-ახარ** გრდუვ. იხ. დ-ახარ2
daħ-d-axitar,დაჰ’-დ-ახითარ,,,,,,,,,,**დაჰ’-დ-ახითარ** გრდმ. იხ. დ-ახითარ
daħ-d-axkʼ-d-alar,დაჰ’-დ-ახკ-დ-ალარ,,,,,,,,,,**დაჰ’-დ-ახკ-დ-ალარ** გრდუვ. იხ. დ-ახკ-დ-ალარ
daħ-d-axkʼ-d-ar,დაჰ’-დ-ახკ-დ-არ,,,,,,,,,,**დაჰ’-დ-ახკ-დ-არ** გრდმ. დ-ახკ-დ-არ
daħ-d-axxar,დაჰ’-დ-ახხარ,,,,,,,,,,**დაჰ’-დ-ახხარ** გრდუვ. დ-ახხარ
daħ-d-axx-d-ar,დაჰ’-დ-ახხ-დ-არ,,,,,,,,,,**დაჰ’-დ-ახხ-დ-არ** გრდმ. იხ. დ-ახ[ხ]-დ-არ
daħ-d-aɬar,დაჰ’-დ-ალ’არ,,,,,,cʼqʼalši,,,,**დაჰ’-დ-ალ’არ** გრდუვ. გასვლა (წყალში)
daħ-d-aɬinŏ,დაჰ’-დ-ალ’ინო̆,,,,,,,,,,**დაჰ’-დ-ალ’ინო̆** - იხ. დ-ალინო̆
daħ-d-eblar,დაჰ’-დ-ებლარ,,,,,,,,,,**დაჰ’-დ-ებლარ** გრდმ. იხ. დ-ებლარ
daħ-d-ercʼar,დაჰ’-დ-ერწარ,,,,,,,,,,**დაჰ’-დ-ერწარ** გრდუვ. იხ. დ-ერწარ
daħ-d-ercʼ-d-ar,დაჰ’-დ-ერწ-დ-არ,,,,,,,,,,**დაჰ’-დ-ერწ-დ-არ** გრდმ. იხ. დ-ერწ-დ-არ
daħ-d-epš-d-ar,დაჰ’-დ-ეფშ-დ-არ,,,,,,,,,,**დაჰ’-დ-ეფშ-დ-არ** გრდმ. დ-ეფშ-დ-არ
daħ-d-ek-d-ar,დაჰ’-დ-ექ-დ-არ,,,,,,,,,,"**დაჰ’-დ-ექ-დ-არ** გრდმ. მისაღების აღარ მიღება, ხელის აღება"
daħ-d-eqʼitar,დაჰ’-დ-ეყითარ,,,,,,,,,,**დაჰ’-დ-ეყითარ** გრდმ. იხ. დ-ეყითარ
daħ-d-exar2,დაჰ’-დ-ეხარ2,,,,,,,,,,**დაჰ’-დ-ეხარ2** გრდუვ. იხ. დ-ეხარ2
daħ-d-ex-d-ar,დაჰ’-დ-ეხ-დ-არ,,,,,,,,,,**დაჰ’-დ-ეხ-დ-არ** იხ. დ-ეხ-დ-არ1
daħ-d-exkʼar1,დაჰ’-დ-ეხკარ1,,,,,,,,,,**დაჰ’-დ-ეხკარ1** გრდმ. იხ. დ-ეხკარ1
daħ-d-exkʼujnĭ,დაჰ’-დ-ეხკუჲნი̆,,,,,,,,,,**დაჰ’-დ-ეხკუჲნი̆** იხ. დ-ეხკუჲნი̆
daħ-d-eqar,დაჰ’-დ-ეჴარ,,,,,,,,,,**დაჰ’-დ-ეჴარ** გრდმ. დ-ეჴარ
daħ-d-equjnĭ,დაჰ’-დ-ეჴუჲნი̆,,,,,,,,,,**დაჰ’-დ-ეჴუჲნი̆** იხ. დ-ეჴუჲნი̆
daħ-d-itar,დაჰ’-დ-ითარ,,,,,,,,,,**დაჰ’-დ-ითარ** გრდმ. იხ. დ-ითარ
daħ-d-itenŏ,დაჰ’-დ-ითენო̆,,,,,,,,,,**დაჰ’-დ-ითენო̆** იხ. დ-ითენო̆
daħ-d-ittar,დაჰ’-დ-ითთარ,,,,,,,,,,**დაჰ’-დ-ითთარ** გრდმ. იხ. დ-ითთარ
daħ-d-ikʼar,დაჰ’-დ-იკარ,,,,,,,,,,**დაჰ’-დ-იკარ** გრდმ. იხ. დ-იკარ
daħ-d-ikʼitar,დაჰ’-დ-იკითარ,,,,,,,,,,**დაჰ’-დ-იკითარ** გრდმ. იხ. დ-იკითარ
daħ-d-il-d-ar,დაჰ’-დ-ილ-დ-არ,,,,,,,,,,**დაჰ’-დ-ილ-დ-არ** გრდმ. იხ. დ-ილ-დ-არ
daħ-d-il-d-ujnĭ,დაჰ’-დ-ილ-დ-უჲნი̆,,,,,,,,,,**დაჰ’-დ-ილ-დ-უჲნი̆** იხ. დ-ილ-დ-უჲნი̆
daħ-d-ottar,დაჰ’-დ-ოთთარ,,,,,,,,,,**დაჰ’-დ-ოთთარ** გრდმ. იხ. დ-ოთთარ
daħ-d-ollar,დაჰ’-დ-ოლლარ,,,,,,,,,,**დაჰ’-დ-ოლლარ** გრდმ. 1. იხ. დ-ოლლარ
daħ-d-ožar1,დაჰ’-დ-ოჟარ1,,,,,,,,,,**დაჰ’-დ-ოჟარ1** გრდმ. იხ. დ-ოჟარ
daħ-d-ožar2,დაჰ’-დ-ოჟარ2,,,,,,,,,,"**დაჰ’-დ-ოჟარ2** გრდმ. დამარხვება, მარხვის დაწყება"
daħ-d-ocʼar,დაჰ’-დ-ოწარ,,,,,,,,,,**დაჰ’-დ-ოწარ** გრდმ. იხ. დ-ოწარ
daħ-d-ocʼ-d-alar,დაჰ’-დ-ოწ-დ-ალარ,,,,,,,,,,**დაჰ’-დ-ოწ-დ-ალარ** გრდუვ. იხ. დ-ოწ-დ-ალარ
daħ-d-oxar,დაჰ’-დ-ოხარ,,,,,,,,,,**დაჰ’-დ-ოხარ** გრდუვ. დ-ოხარ
daħ-d-ox-d-ar,დაჰ’-დ-ოხ-დ-არ,,,,,,,,,,**დაჰ’-დ-ოხ-დ-არ** გრდმ. იხ. დ-ოხ-დ-არ
daħ-d-ox-d-ijenŏ,დაჰ’-დ-ოხ-დ-იჲენო̆,,,,,,,,,,**დაჰ’-დ-ოხ-დ-იჲენო̆** იხ. დ-ოხ-დ-იჲენო̆
daħ-d-oxkʼar1,დაჰ’-დ-ოხკარ1,,,,,,,,,,**დაჰ’-დ-ოხკარ1** გრდმ. დ-ოხკარ
daħ-d-oxkʼar2,დაჰ’-დ-ოხკარ2,,,,,,,,,,**დაჰ’-დ-ოხკარ2** გრდმ. იხ. დ-ოხკარ
daħ-d-oxkʼinŏ,დაჰ’-დ-ოხკინო̆,,,,,,,,,,**დაჰ’-დ-ოხკინო̆** იხ. დ-ოხკინო̆
daħ-d-ustʼar,დაჰ’-დ-უსტარ,,,,,,miuzomavs,,,,"**დაჰ’-დ-უსტარ** გრდმ. მიზომვა (მიუზომავს), მიწყვა"
daħ-d-uqʼ-d-ar,დაჰ’-დ-უყ-დ-არ,,,,,,,,,,**დაჰ’-დ-უყ-დ-არ** გრდმ. იხ. დ-უყ-დ-არ
daħ-d-ʕevar,დაჰ’-დ-ჵევარ,,,,,,,,,,**დაჰ’-დ-ჵევარ** გრდმ. იხ. დ-ჵევარ
daħ-d-ʕevujnĭ,დაჰ’-დ-ჵევუჲნი̆,,,,,,,,,,**დაჰ’-დ-ჵევუჲნი̆** იხ. დ-ჵევუჲნი̆
daħetʼar1,დაჰ’ეტარ1,,,,,,,,,,**დაჰ’ეტარ1** გრდუვ. იხ. ეტარ2
daħetʼar2,დაჰ’ეტარ2,,,,,,,,,,**დაჰ’ეტარ2** გრდმ. იხ. ეტარ2
daħetʼ-d-ar,დაჰ’ეტ-დ-არ,,,,,,,,,,**დაჰ’ეტ-დ-არ** გრდმ. იხ. ეტ-დ-არ
daħetʼ-d-itar,დაჰ’ეტ-დ-ითარ,,,,,,,,,,**დაჰ’ეტ-დ-ითარ** გრდმ. იხ. ეტ-დ-ითარ
daħeš-d-ar,დაჰ’ეშ-დ-არ,,,,,,,,,,**დაჰ’ეშ-დ-არ** გრდმ. იხ. ეშ-დ-არ
daħeš-d-ijenŏ,დაჰ’ეშ-დ-იჲენო̆,,,,,,,,,,**დაჰ’ეშ-დ-იჲენო̆** იხ. ეშ-დ-იჲენო̆
daħeq-d-itar,დაჰ’ეჴ-დ-ითარ,,,,,,,,,,**დაჰ’ეჴ-დ-ითარ** გრდმ. იხ. ეჴჴ-დ-ითარ
daħeqq-d-ar,დაჰ’ეჴჴ-დ-არ,,,,,,,,,,**დაჰ’ეჴჴ-დ-არ**  გრდმ. იხ. ეჴჴ-დ-არ
daħtatt-d-alar,დაჰ’თათთ-დ-ალარ,,,,,,,,,,**დაჰ’თათთ-დ-ალარ** გრდუვ. თათთ-დ-ალარ
daħtatt-d-ar,დაჰ’თათთ-დ-არ,,,,,,,,,,**დაჰ’თათთ-დ-არ** გრდმ. იხ. თათთ-დ-არ
daħtarɬ-d-ar,დაჰ’თარლ’-დ-არ,,,,,,,,,,**დაჰ’თარლ’-დ-არ** გრდმ. იხ. თარლ’-დ-არ
daħtasar,დაჰ’თასარ,,,,,,,,,,"**დაჰ’თასარ** გრდმ. დაგდება, ჩაგდება იხ. თასარ"
daħtaq-d-ar,დაჰ’თაჴ-დ-არ,,,,,,,,,,**დაჰ’თაჴ-დ-არ** გრდმ. იხ. თაჴ-დ-არ
daħtaq-d-itar,დაჰ’თაჴ-დ-ითარ,,,,,,,,,,**დაჰ’თაჴ-დ-ითარ** გრდმ. იხ. თაჴ-დ-ითარ
daħtetʼar,დაჰ’თეტარ,,,,,,,,,,**დაჰ’თეტარ** იხ. თეტარ
daħteplar,დაჰ’თეფლარ,,,,,,,,,,**დაჰ’თეფლარ** გრდუვ. იხ. თეფლარ
daħteš-d-ar,დაჰ’თეშ-დ-არ,,,,,,,,,,**დაჰ’თეშ-დ-არ** გრდმ. იხ. თეშ-დ-არ
daħteɬar,დაჰ’თელ’არ,,,,,,,,,,**დაჰ’თელ’არ** გრდმ. თელ’არ
daħteqar,დაჰ’თეჴარ,,,,,,,,,,**დაჰ’თეჴარ** გრდუვ. თეჴარ1
daħtivar,დაჰ’თივარ,,,,,,,,,,**დაჰ’თივარ** გრდუვ. იხ. თივარ
daħtitʼar,დაჰ’თიტარ,,,,,,,,,,**დაჰ’თიტარ** გრდმ. იხ. თიტარ
daħtitʼenŏ,დაჰ’თიტენო̆,,,,,,,,,,**დაჰ’თიტენო̆** იხ. თიტენო̆
daħtišar-d-alar,დაჰ’თიშარ-დ-ალარ,,,,,,,,,,**დაჰ’თიშარ-დ-ალარ** გრდუვ. იხ. თიშარ-დ-ალარ
daħtiɬar,დაჰ’თილ’არ,,,,,,,,,,**დაჰ’თილ’არ** გრდუვ. იხ. თილ’*არ*
daħtiɬ-d-ar,დაჰ’თილ’-დ-არ,,,,,,,,,,**დაჰ’თილ’-დ-არ** გრდმ. იხ. თილ’-დ-არ
daħtoldar,დაჰ’თოლდარ,,,,,,,,,,**დაჰ’თოლდარ** გრდმ. იხ. თოლდარ
daħtoxar,დაჰ’თოხარ,,,,,,,,,,**დაჰ’თოხარ** გრდმ. იხ. თოხარ
"daħitʼar, daħʕitʼar","დაჰ’იტარ, დაჰ’ჵიტარ",,,,,,,,,,"**დაჰ’იტარ, დაჰ’ჵიტარ** გრდუვ. იხ. იტარ"
daħkʼarč-d-ar,დაჰ’კარჩ-დ-არ,,,,,,,,,,**დაჰ’კარჩ-დ-არ** გრდმ. იხ. კარჩ-დ-არ
daħkʼatʼ-d-ar,დაჰ’კატ-დ-არ,,,,,,,,,,**დაჰ’კატ-დ-არ** გრდმ. იხ. კატ-დ-არ
daħkʼapad-d-ar,დაჰ’კაფად-დ-არ,,,,,,,,,,**დაჰ’კაფად-დ-არ** გრდმ. იხ. კაფად-დ-არ
daħkʼacʼkʼar-d-ar,დაჰ’კაწკარ-დ-არ,,,,,,,,,,**დაჰ’კაწკარ-დ-არ** გრდმ. იხ. კაწკარ-დ-არ
daħlatar,დაჰ’ლათარ,,,,,,daečʼdeba,,,,**დაჰ’ლათარ** გრდუვ. 1. დაჭიდება (დაეჭდება)2. წაკიდება (წაეკიდება)
daħlarkʼar,დაჰ’ლარკარ,,,,,,,,,,**დაჰ’ლარკარ** გრდმ. იხ. ლარკარ
daħlarkʼujnĭ,დაჰ’ლარკუჲნი̆,,,,,,,,,,**დაჰ’ლარკუჲნი̆** იხ. ლარკუჲნი̆
daħlastʼ-d-ar,დაჰ’ლასტ-დ-არ,,,,,,,,,,**დაჰ’ლასტ-დ-არ** გრდმ. იხ. ლასტ-დ-არ
daħlatʼar,დაჰ’ლატარ,,,,,,,,,,**დაჰ’ლატარ** გრდუვ. იხ. ლატარ
daħlačʼqʼ-d-alar,დაჰ’ლაჭყ-დ-ალარ,,,,,,,,,,**დაჰ’ლაჭყ-დ-ალარ** გრდუვ. იხ. ლაჭყ-დ-ალარ
daħlačʼqʼ-d-ar,დაჰ’ლაჭყ-დ-არ,,,,,,,,,,**დაჰ’ლაჭყ-დ-არ** გრდმ. იხ. ლაჭყ-დ-არ
daħlaxkʼujnĭ,დაჰ’ლახკუჲნი̆,,,,,,,,,,**დაჰ’ლახკუჲნი̆** იხ. ლახკუჲნი̆
daħlaq-d-ar,დაჰ’ლაჴ-დ-არ,,,,,,,,,,**დაჰ’ლაჴ-დ-არ** გრდმ. იხ. ლაჴ-დ-არ
daħletx-d-ar,დაჰ’ლეთხ-დ-არ,,,,,,,,,,**დაჰ’ლეთხ-დ-არ** გრდმ. იხ. ლეთხ-დ-არ
daħletx-d-itar,დაჰ’ლეთხ-დ-ითარ,,,,,,,,,,**დაჰ’ლეთხ-დ-ითარ** გრდმ. იხ. ლეთხ-დ-ითარ
daħlečʼqʼ-d-ar,დაჰ’ლეჭყ-დ-არ,,,,,,,,,,**დაჰ’ლეჭყ-დ-არ** გრდმ. იხ. ლეჭყ-დ-არ
daħlitʼtʼenŏ,დაჰ’ლიტტენო̆,,,,,,,,,,**დაჰ’ლიტტენო̆** იხ. ლიტტენო̆
daħličʼar,დაჰ’ლიჭარ,,,,,,,,,,**დაჰ’ლიჭარ** იხ. ლიჭარ
daħlujnĭ,დაჰ’ლუჲნი̆,,,,,,,,,,**დაჰ’ლუჲნი̆** იხ. ლუჲნი̆
daħmatxar-d-alar,დაჰ’მათხარ-დ-ალარ,,,,,,,,,,**დაჰ’მათხარ-დ-ალარ** გრდუვ. იხ. მათხარ-დ-ალარ1
daħmatxar-d-ar,დაჰ’მათხარ-დ-არ,,,,,,,,,,**დაჰ’მათხარ-დ-არ** გრდმ. მათხარ-დ-არ
"daħmal-d-alinŏ, daħmaldajlnŏ","დაჰ’მალ-დ-ალინო̆, დაჰ’მალდაჲლნო̆",,,,,,,,,,"**დაჰ’მალ-დ-ალინო̆, დაჰ’მალდაჲლნო̆** იხ. მალ-დ-ალინო̆"
daħmal-d-ar,დაჰ’მალ-დ-არ,,,,,,,,,,**დაჰ’მალ-დ-არ** გრდმ. იხ. მალ-დ-არ
daħmaž-d-ar,დაჰ’მაჟ-დ-არ,,,,,,,,,,**დაჰ’მაჟ-დ-არ** გრდმ. იხ. მაჟ-დ-არ
daħmaxkʼ-d-ar,დაჰ’მახკ-დ-არ,,,,,,,,,,**დაჰ’მახკ-დ-არ** გრდმ. გადაღვრა
daħmors-d-alar,დაჰ’მორს-დ-ალარ,,,,,,,,,,**დაჰ’მორს-დ-ალარ** გრდუვ. იხ. მორს-დ-ალარ
daħmors-d-ar,დაჰ’მორს-დ-არ,,,,,,,,,,**დაჰ’მორს-დ-არ** გრდმ. იხ. მორს-დ-არ ალნი[ჰ’]
daħmustʼ-d-alar,დაჰ’მუსტ-დ-ალარ,,,,,,,,,,**დაჰ’მუსტ-დ-ალარ** გრდუვ. იხ. მუსტ-დ-ალარ
daħmustʼ-d-alinŏ,დაჰ’მუსტ-დ-ალინო̆,,,,,,,,,,**დაჰ’მუსტ-დ-ალინო̆** იხ. მუსტ-დ-ალინო̆
daħmustʼ-d-ar,დაჰ’მუსტ-დ-არ,,,,,,,,,,**დაჰ’მუსტ-დ-არ** გრდმ. იხ. მუსტ-დ-არ
daħnips-d-ar,დაჰ’ნიფს-დ-არ,,,,,,,,,,**დაჰ’ნიფს-დ-არ** გრდმ. იხ. ნიფს-დ-არ
daħott-d-ar,დაჰ’ოთთ-დ-არ,,,,,,,,,,**დაჰ’ოთთ-დ-არ** გრდმ. იხ. ოთთ-დ-არ
daħotʼar,დაჰ’ოტარ,,,,,,,,,,**დაჰ’ოტარ** გრდმ. იხ. ოტარ
daħocʼar,დაჰ’ოწარ,,,,,,,,,,**დაჰ’ოწარ** გრდმ. იხ. ოწარ1
daħsab-d-ar,დაჰ’საბ-დ-არ,,,,,,,,,,**დაჰ’საბ-დ-არ** გრდმ. იხ. საბ-დ-არ
daħsen-d-ar,დაჰ’სენ-დ-არ,,,,,,,,,,**დაჰ’სენ-დ-არ** იხ. სენ-დ-არ
daħsesxbad-d-ar,დაჰ’სესხბად-დ-არ,,,,,,,,,,**დაჰ’სესხბად-დ-არ** გრდმ. სესხბად-დ-არ
daħtʼatʼ-d-ar,დაჰ’ტატ-დ-არ,,,,,,,,,,**დაჰ’ტატ-დ-არ** გრდმ. იხ. ტატ-დ-არ
daħpšel-d-ar,დაჰ’ფშელ-დ-არ,,,,,,,,,,**დაჰ’ფშელ-დ-არ** გრდმ. იხ. ფშელ-დ-არ
daħkekʼ-d-ar,დაჰ’ქეკ-დ-არ,,,,,,,,,,**დაჰ’ქეკ-დ-არ** გრდმ. იხ. ქეკ-დ-არ
daħkott-d-ar,დაჰ’ქოთთ-დ-არ,,,,,,,,,,**დაჰ’ქოთთ-დ-არ** გრდმ. ქოთთ-დ-არ
daħğel-d-alar,დაჰ’ღელ-დ-ალარ,,,,,,,,,,**დაჰ’ღელ-დ-ალარ** გრდუვ. იხ. ღელ-დ-ალარ
daħğor-d-ar,დაჰ’ღორ-დ-არ,,,,,,,,,,**დაჰ’ღორ-დ-არ** გრდმ. იხ. ღორ-დ-არ
daħğor-d-ijenŏ,დაჰ’ღორ-დ-იჲენო̆,,,,,,,,,,**დაჰ’ღორ-დ-იჲენო̆** იხ. ღორ-დ-იჲნო̆
daħğorslad-d-ar,დაჰ’ღორსლად-დ-არ,,,,,,,,,,**დაჰ’ღორსლად-დ-არ** გრდმ. გაძარცვა
daħqʼastʼar,დაჰ’ყასტარ,,,,,,,,,,**დაჰ’ყასტარ** გრდუვ. იხ. ყასტარ
daħqʼastʼ-d-ar,დაჰ’ყასტ-დ-არ,,,,,,,,,,**დაჰ’ყასტ-დ-არ** გრდმ. იხ. ყასტ-დ-არ
daħqʼaħ-d-ar,დაჰ’ყაჰ’-დ-არ,,,,,,,,,,**დაჰ’ყაჰ’-დ-არ** გრდმ. იხ. ყაჰ’-დ-არ
daħqʼegar,დაჰ’ყეგარ,,,,,,,,,,**დაჰ’ყეგარ** გრდმ. იხ. ყეგარ
"daħqʼor-d-ar, daħqʼur-d-ar","დაჰ’ყორ-დ-არ, დაჰ’ყურ-დ-არ",,,,,,,,,,"**დაჰ’ყორ-დ-არ, დაჰ’ყურ-დ-არ** გრდმ. ყორ-დ-არ"
daħšar-d-ar,დაჰ’შარ-დ-არ,,,,,,,,,,**დაჰ’შარ-დ-არ** გრდმ. შარ-დ-არ
daħšeglbad-d-ar,დაჰ’შეგლბად-დ-არ,,,,,,,,,,**დაჰ’შეგლბად-დ-არ** გრდმ. შეგლბად-დ-არ
daħšor-d-ar,დაჰ’შორ-დ-არ,,,,,,,,,,**დაჰ’შორ-დ-არ** გრდმ. შორ-დ-არ
daħčalmal-d-ar,დაჰ’ჩალმალ-დ-არ,,,,,,,,,,**დაჰ’ჩალმალ-დ-არ** გრდმ. იხ. ჩალმალ-დ-არ
daħcʼam-d-ar,დაჰ’წამ-დ-არ,,,,,,,,,,**დაჰ’წამ-დ-არ** გრდმ. იხ. წამ-დ-არ
daħcʼeg-d-ar,დაჰ’წეგ-დ-არ,,,,,,,,,,**დაჰ’წეგ-დ-არ** გრდმ. წეგ-დ-არ
daħčʼʕağ-d-ar,დაჰ’ჭჵაღ-დ-არ,,,,,,,,,,**დაჰ’ჭჵაღ-დ-არ** გრდმ. ჭჵაღ-დ-არ
daħxalar,დაჰ’ხალარ,,,,,,,,,,**დაჰ’ხალარ** გრდუვ. იხ. ხალარ
daħxal-d-ar,დაჰ’ხალ-დ-არ,,,,,,,,,,**დაჰ’ხალ-დ-არ** გრდმ. ხალ-დ-არ
daħxalenŏ,დაჰ’ხალენო̆,,,,,,,,,,**დაჰ’ხალენო̆** იხ. ხალენო̆
daħxalcʼiⁿ,დაჰ’ხალწიჼ,,,,,,,,,,"**დაჰ’ხალწიჼ** გაუქრობელი, გაუქრობლად"
daħxarcar,დაჰ’ხარცარ,,,,,,,,,,**დაჰ’ხარცარ** გრდმ. იხ. ხარცარ
daħxarc-d-ar,დაჰ’ხარც-დ-არ,,,,,,,,,,**დაჰ’ხარც-დ-არ** გრდმ. ხარც-დ-არ
daħxač-d-itar,დაჰ’ხაჩ-დ-ითარ,,,,,,,,,,**დაჰ’ხაჩ-დ-ითარ** გრდმ. იხ. ხაჩ-დ-ითარ
daħxaxkʼar,დაჰ’ხახკარ,,,,,,,,,,**დაჰ’ხახკარ** გრდმ. იხ. ხახკარ
daħxetʼar,დაჰ’ხეტარ,,,,,,,,,,**დაჰ’ხეტარ** გრდუვ. იხ. ხეტარ
daħxetʼ-d-ar,დაჰ’ხეტ-დ-არ,,,,,,,,,,**დაჰ’ხეტ-დ-არ** გრდმ. იხ. ხეტ-დ-არ
daħxecar,დაჰ’ხეცარ,,,,,,,,,,**დაჰ’ხეცარ** გრდმ. იხ. ხეცარ
daħxitʼar,დაჰ’ხიტარ,,,,,,,,,,**დაჰ’ხიტარ** გრდუვ. იხ. ხიტარ
daħxitʼ-d-ar,დაჰ’ხიტ-დ-არ,,,,,,,,,,**დაჰ’ხიტ-დ-არ** გრდმ. იხ. ხიტ-დ-არ
daħxitʼ-d-itar,დაჰ’ხიტ-დ-ითარ,,,,,,,,,,**დაჰ’ხიტ-დ-ითარ** გრდმ. იხ. ხიტ-დ-ითარ
daħxiɬar,დაჰ’ხილ’არ,,,,,,miixreba,,,,"**დაჰ’ხილ’არ** გრდუვ. მიხრა (მიიხრება), გადახრა, მიდრეკა"
daħħačʼar,დაჰ’ჰ’აჭარ,,,,,,,,,,**დაჰ’ჰ’აჭარ** გრდუვ. იხ.ჰ’აჭარ
daħħačʼqʼar,დაჰ’ჰ’აჭყარ,,,,,,,,,,**დაჰ’ჰ’აჭყარ** გრდმ. იხ. ჰ’აჭყარ
daħħaqar,დაჰ’ჰ’აჴარ,,,,,,,,,,**დაჰ’ჰ’აჴარ** გრდმ. იხ. ჰ’აჴარ
daħħaqinŏ,დაჰ’ჰ’აჴინო̆,,,,,,,,,,**დაჰ’ჰ’აჴინო̆** იხ.ჰ’აჴინო̆
daħħetʼar,დაჰ’ჰ’ეტარ,,,,,,,,,,**დაჰ’ჰ’ეტარ** გრდუვ. იხ. ჰ’ეტარ
daħħečʼar,დაჰ’ჰ’ეჭარ,,,,,,,,,,**დაჰ’ჰ’ეჭარ** გრდუვ. იხ. ჰ’ეჭარ
daħħotʼtʼ-d-ar,დაჰ’ჰ’ოტტ-დ-არ,,,,,,,,,,**დაჰ’ჰ’ოტტ-დ-არ** გრდმ. იხ. ჰ’ოტტ-დ-არ
daħqapʼtʼar,დაჰ’ჴაპტარ,,,,,,,,,,**დაჰ’ჴაპტარ** გრდუვ. იხ. ჴაპტარ
daħqapʼtʼ-d-ar,დაჰ’ჴაპტ-დ-არ,,,,,,,,,,**დაჰ’ჴაპტ-დ-არ** გრდმ. იხ.ჴაპტ-დ-არ
daħqasar,დაჰ’ჴასარ,,,,,,,,,,**დაჰ’ჴასარ** გრდმ. იხ. ჴასარ
daħqasitar,დაჰ’ჴასითარ,,,,,,,,,,**დაჰ’ჴასითარ** გრდმ. იხ. ჴასითარ
daħqač-d-ar,დაჰ’ჴაჩ-დ-არ,,,,,,,,,,**დაჰ’ჴაჩ-დ-არ** გრდმ. იხ. ჴაჩ-დ-არ1
daħqač-d-ar,დაჰ’ჴაჩ-დ-არ,,,,,,,,,,**დაჰ’ჴაჩ-დ-არ** გრდმ. იხ. ჴაჩ-დ-არ2
daħqet-d-ar,დაჰ’ჴეთ-დ-არ,,,,,,,,,,**დაჰ’ჴეთ-დ-არ** გრდმ. იხ. ჴეთ-დ-არ
daħqepʼtʼ-d-ar,დაჰ’ჴეპტ-დ-არ,,,,,,,,,,**დაჰ’ჴეპტ-დ-არ** გრდმ. იხ. ჴეპტ-დ-არ
daħqerɬ-d-ar,დაჰ’ჴერლ’-დ-არ,,,,,,,,,,**დაჰ’ჴერლ’-დ-არ** გრდმ. იხ. ჴერლ’-დ-არ
daħqeħar,დაჰ’ჴეჰ’არ,,,,,,,,,,**დაჰ’ჴეჰ’არ** გრდმ. გადაზიდვა
daħqeħitar,დაჰ’ჴეჰ’ითარ,,,,,,gadaazidvinebs,,,,**დაჰ’ჴეჰ’ითარ** გრდმ. გადაზიდვინება (გადააზიდვინებს)
daħqeħinŏ,დაჰ’ჴეჰ’ინო̆,,,,,,,,,,**დაჰ’ჴეჰ’ინო̆** იხ. ჴეჰ’ინო̆
daħqottar,დაჰ’ჴოთთარ,,,,,,,,,,**დაჰ’ჴოთთარ** გრდმ. იხ.ჴოთთარ
daħqoll-d-ar,დაჰ’ჴოლლ-დ-არ,,,,,,,,,,**დაჰ’ჴოლლ-დ-არ** გრდმ. იხ. ჴოლლ-დ-არ
daħqocʼ-d-ar,დაჰ’ჴოწ-დ-არ,,,,,,,,,,**დაჰ’ჴოწ-დ-არ** გრდმ. ჴოწ-დ-არ
daħqocʼ-d-ijenŏ,დაჰ’ჴოწ-დ-იჲენო̆,,,,,,,,,,**დაჰ’ჴოწ-დ-იჲენო̆** იხ.ჴოწ-დ-იჲენო̆
daħʕarčʼ-d-ar,დაჰ’ჵარჭ-დ-არ,,,,,,,,,,**დაჰ’ჵარჭ-დ-არ** გრდმ. იხ. ჵარჭ-დ-არ
daħʕop-d-alar,დაჰ’ჵოფ-დ-ალარ,,,,,,,,,,**დაჰ’ჵოფ-დ-ალარ** გრდუვ. იხ. ჵოფ-დ-ალარ
de,დე,d d,D,,n,,deniš; deniⁿ,დღე,day,день,**დე** *დ დ* (დენიშ; დენიჼ) დღე
de ešuš,დე ეშუშ,,,,,,šobili,,,,"**დე ეშუშ** დღენაკლულად (შობილი), უდღეური"
de-bujsva,დე-ბუჲსვა,d d,,,,,,,,,**დე-ბუჲსვა** *დ დ* დღე-ღამე
dedacuⁿ,დედაცუჼ,,,,,,,,,,**დედაცუჼ** დღემოკლე
dedupal1,დედუფალ1,d d,D,GE,n,,dedupli; dedupleⁿ,"სინდიოფალა, დედოფალა",weasel,ласка,"**დედუფალ1** *დ დ* (დედუფლი; დედუფლეჼ) სინდიოფალა, დედოფალა"
dedupal2,დედუფალ2,j d,F,GE,n,,dedupli,დედოფალი,queen,царица,**დედუფალ2** **ჲ დ** (დედუფლი) დედოფალი იხ. წინუს
dev,დევ,d d,D,GE,n,,devi; deveⁿ,დევი,"devil, monster","див, сказочный великан",**დევ** *დ დ* (დევი; დევეჼ) დევი
dettri,დეთთრი,,,,n,,,,pl,,**დეთთრი** მრ. იხ. ბეთთარ
"dejlĭ, diilĭ","დეჲლი̆, დიილი̆",d d,,,,,,,,,"**დეჲლი̆, დიილი̆** *დ დ* მასალა"
"dejnĭ, diinĭ","დეჲნი̆, დიინი̆",,,,,,,,,,"**დეჲნი̆, დიინი̆** 1. ცოცხალი 2. მთელი, საღი, საღსალამათი"
dejnĭcʼajnĭ,დეჲნი̆წაჲნი̆,,,,,,,,,,"**დეჲნი̆წაჲნი̆** საღსალამათი, მთელი"
dekʼnoz,დეკნოზ,v b,M,GE,n,,,დეკანოზი,deacon,протопоп,**დეკნოზ** *ვ ბ* დეკანოზი
delan d-aɬar,დელან დ-ალ’არ,,,,,,"gaicinebs, gaecineba",,,,"**დელან დ-ალ’არ** გრდუვ. გაცინება (გაიცინებს, გაეცინება)"
delan dolar,დელან დოლარ,,,,,,gaicinebs,,,,**დელან დოლარ** გრდუვ. გაცინება (გაიცინებს)
den-d-alar,დენ-დ-ალარ,,,,,,morčeba,,,,**დენ-დ-ალარ** გრდუვ. მორჩენა (მორჩება)
den-d-ar,დენ-დ-არ,,,,,,gaamtelebs,,,,**დენ-დ-არ**  გრდმ. 1. გამთელება (გაამთელებს) 2. მორჩენა (მოარჩენს)
den-d-ujnĭ,დენ-დ-უჲნი̆,,,,,,,,,,**დენ-დ-უჲნი̆** მიმღ. 1. მკურნალი 2. სამკურნალო
deni[ħ],დენი[ჰ’],,,,,,,,,,**დენი[ჰ’]** ზმნს. დღისით
deniɁ,დენიჸ,,,,adv,,,"მთლად, სრულიად; ყველა, მთელი","completely, fully; all, whole","сполна, все полностью","**დენიჸ** მთლად, სრულად; ყველა, მთელი"
denol,დენოლ,j j,,,,,,,,,"**დენოლ** *ჲ ჲ* სიცოცხლე, ჯანმრთელობა, ჯანსაღობა"
derŏ,დერო̆,,,,,,alir.,,,,**დერო̆** ქატო *(ალირ.)*
destʼ,დესტ,,,,,,čʼrelašv.,,,,**დესტ** შალის ფარდაგის საქსოვი დანადგარის ნაწილი *(ჭრელაშვ.)*
destʼno,დესტნო,d d,,,,,,,,,"**დესტნო**  *დ დ* დასიებული ადგილი, სიმსივნე"
değ,დეღ,d d,D,,n,,değeⁿ,"ტანი, სხეული",body,"тело, туловище","**დეღ**  *დ დ* (დეღეჼ) 1. ტანი, სხეული 2. რთული ფუძის ან შესიტყვების შემადგენელი ნაწილი"
değ daɬar,დეღ დალ’არ,,,,,,,,,,"**დეღ დალ’არ** გრდმ. ტანის მიყრდნობა, მიბჯენა"
değ daɁar,დეღ დაჸარ,,,,,,,,,,**დეღ დაჸარ** ტანის აყრა
değ doxar,დეღ დოხარ,,,,,,,,,,**დეღ დოხარ** გრდმ. დაუძლურება
değ lestʼar,დეღ ლესტარ,,,,,,,,,,**დეღ ლესტარ** გრდუვ. ბარბაცი
değe dastʼujnĭ,დეღე დასტუჲნი̆,,,,,,,,,,"**დეღე დასტუჲნი̆** მიმღ. ტანში გასახსნელი, სასაქმებელი"
değe[ħ] ebcʼ-d-ar,დეღე[ჰ’] ებწ-დ-არ,,,,,,kʼučʼi [a]ešleba,,,,**დეღე[ჰ’] ებწ-დ-არ** გრდუვ. კუჭის აშლა (კუჭი [ა]ეშლება)
değe[ħ] maž-d-ar,დეღე[ჰ’] მაჟ-დ-არ,,,,,,tʼanši darbileba,,,,**დეღე[ჰ’] მაჟ-დ-არ** გრდმ. ფაღარათი (ტანში დარბილება)
değen denol,დეღენ დენოლ,j j,,,,,,,,,**დეღენ დენოლ** *ჲ ჲ* ჯანმრთელობა
değliⁿ,დეღლიჼ,,,,,,,,,,**დეღლიჼ** ტანადი
dešar,დეშარ,,,,vt,,uǯerebs,დაჯერება (უჯერებს),"believe, obey",слушаться,**დეშარ** გრდმ. დაჯერება (უჯერებს)
dešitar,დეშითარ,,,,,,,,,,**დეშითარ** გრდმ. დაჯერებინება
dešrikʼ,დეშრიკ,,,,,,,,,,"**დეშრიკ** გამგონე, დამჯერი"
dešuila,დეშუილა,,,,,,šipn.,,,,"**დეშუილა** დაპირება, აღთქმა *(შიფნ.)*"
d-ecʼaⁿ d-olar,დ-ეწაჼ დ-ოლარ,,,,,,šeuqʼvardeba,,,,**დ-ეწაჼ დ-ოლარ** შეყვარება (შეუყვარდება)
decʼarvecʼar,დეწარვეწარ,d d,,,,,,,,,**დეწარვეწარ**  *დ დ* შეყვარებულები
dečʼujnĭ jexkʼ,დეჭუჲნი̆ ჲეხკ,j j,,,,,,,,,"**დეჭუჲნი̆ ჲეხკ** *ჲ ჲ* საჩეჩი სავარცხელი, საჩეჩელი"
de-xaⁿ,დე-ხაჼ,d,,,,,,,,,"**დე-ხაჼ** *დ* დრო-ჟამი, დღე-ხანი"
dexan davar,დეხან დავარ,,,,,,,,,,"**დეხან დავარ** გრდუვ. დაკარგვა, დროის გასვლა"
dexan davdar,დეხან დავდარ,,,,,,,,,,"**დეხან დავდარ** გრდმ. დროის დაკარგვა, დროის გაყვანა"
dexar,დეხარ,d d,,,,,,,,,"**დეხარ**  *დ დ* თხოვნა, სათხოვარი"
dexrax lelar,დეხრახ ლელარ,,,,,,,,,,"**დეხრახ ლელარ** მათხოვრობა, სათხოვარზე სიარული"
dexrax lelinĭ,დეხრახ ლელინი̆,,,,,,,,,,"**დეხრახ ლელინი̆** მათხოვარი, სათხოვარზე მოსიარულე"
dianbeg,დიანბეგ,v b,M,GE,n,,dianbegi; dianbegeⁿ,დიამბეგი,judge,судья (в царское время),**დიანბეგ**  *ვ ბ* (დიანბეგი; დიანბეგეჼ) დიამბეგი დიანბეგი
dib,დიბ,b,B,,n,,dibeⁿ,ფიცი,oath,"клятва, присяга",**დიბ** *ბ* (დიბეჼ) 1. ფიცი 2. რთული ფუძის ან შესიტყვების შემადგენელი ნაწილი
dib bar,დიბ ბარ,,,,,,pics dasdebs,,,,**დიბ ბარ** გრდმ. ფიცის დადება (ფიცს დასდებს)
dib baɬar,დიბ ბალ’არ,,,,,,šehpicavs,,,,"**დიბ ბალ’არ** გრდმ. შეფიცვა (შეჰფიცავს), ფიცის მიცემა"
dib bitar,დიბ ბითარ,,,,,,daapicebs,,,,"**დიბ ბითარ** გრდმ. დაფიცება (დააფიცებს), ფიცის დადებინება"
dib teɬar,დიბ თელ’არ,,,,,,pics aʒlevs,,,,**დიბ თელ’არ** გრდმ. ფიცის მიცემა (ფიცს აძლევს)
dib qʼegujnĭ,დიბ ყეგუჲნი̆,,,,,,,,,,**დიბ ყეგუჲნი̆** მიმღ. ფიცის გამტეხი
dibbaɬinŏ,დიბბალ’ინო̆,,,,,,,,,,"**დიბბალ’ინო̆** მიმღ. ფიცმიცემული, შეფიცული"
dibbujnĭ,დიბბუჲნი̆,,,,,,,,,,"**დიბბუჲნი̆** მიმღ. ფიცის მიმცემი, მოფიცარი"
divħ,დივჰ’,,,,,adv,,,,,"**დივჰ’** 1. ზმნს. იქით, განზე 2. თანდ. აფექტივთან"
ditx tasar,დითხ თასარ,,,,,,,,,,"**დითხ თასარ** ხორცის დაყრა, გახდომა"
ditx[ĭ],დითხ[ი̆],d d,,,,,ditxoⁿ,,,,**დითხ[ი̆]** *დ დ* (დითხოჼ) ხორცი
ditxliⁿ,დითხლიჼ,,,,,,,,,,**დითხლიჼ** ხორციანი
ditxur,დითხურ,,,,,,šipn.,,,,"**დითხურ** ხორციელი, ხორციანი *(შიფნ.)*"
ditxcʼiⁿ,დითხწიჼ,,,,,,,,,,**დითხწიჼ**  უხორცო
dikʼ,დიკ,d d,D,,n,,dikʼi; dikʼeⁿ,ცული,axe,топор,**დიკ** *დ დ* (დიკი; დიკეჼ) ცული
dinaɁ,დინაჸ,,,,,,qʼoveldğiurad,,,,"**დინაჸ** ყოველდღე, ყოველდღიური (ყოველდღიურად)"
dindglaɁŏ,დინდგლაჸო̆,d,D,GE,n,,,დინდგელი,beeswax,прополис,**დინდგლაჸო̆** *დ* დინდგელი
dir,დირ,j j,J,GE,n,,diri; direⁿ,დირე,"beam, fundamental support","бревно, фундамент деревянного дома",**დირ** *ჲ ჲ* (დირი; დირეჼ) დირე
direktʼor,დირექტორ,v b; j d,M/F,GE; RU,n,,direktʼori; direktʼoreⁿ,დირექტორი,"director, head",директор,**დირექტორ** *ვ ბ; ჲ დ* (დირექტორი; დირექტორეჼ) დირექტორი
distʼ,დისტ,d d,,,,,distʼeⁿ,,,,"**დისტ** *დ დ* (დისტეჼ) პირი *(შიფნ. ქადაგიძ.) არსებითი სახელი არ არის, არ იბრუნვის*"
discʼul,დისწულ,v b ; j d,M/F,GE,n,,discʼli; discʼleⁿ,დისწული,niece/nephew (sister's child),племянник. племянница (со стороны сестры),**დისწულ** *ვ ბ ; ჲ დ* (დისწლი; დისწლეჼ) დისწული
dodošeɁ,დოდოშეჸ,,,,adv,,kʼeteb-kʼetebit,ამასობაში (კეთებ-კეთებით),meanwhile,тем временем,**დოდოშეჸ** ამასობაში (კეთებ-კეთებით)
dokʼ,დოკ,d d,D,,n,,dakʼmi; dakʼiⁿ,რთული ფუძის ანდ შესიტყვების შემადგენელი ნაწილი,,,"**დოკ** *დ დ* (დაკმი; დაკიჼ) 1. გული 2. გული, გულ-გული, კურკა 3. რთული ფუძის ან შესიტყვების შემადგენელი ნაწილი"
dokʼ dakʼar,დოკ დაკარ,,,,,,guli [da]ecʼveba,,,,"**დოკ დაკარ** გრდუვ. გულის დაწვა (გული [და]ეწვება), წუხილი"
dokʼ dakʼdar,დოკ დაკდარ,,,,,,guls dascʼvavs,,,,**დოკ დაკდარ** გრდმ. გულის დაწვა (გულს დასწვავს)
dokʼ dakʼdaqoš,დოკ დაკდაჴოშ,,,,,,,,,,"**დოკ დაკდაჴოშ** გულადად, გაბედულად"
"dokʼ datʼar, dokʼ etʼar","დოკ დატარ, დოკ ეტარ",,,,,,,,,,"**დოკ დატარ, დოკ ეტარ** გრდუვ. გულის გასკდომა"
"dokʼ datʼar, dokʼ itʼar","დოკ დატარ, დოკ იტარ",,,,,,ezizğeba,,,,"**დოკ დატარ, დოკ იტარ** გრდუვ. შეზიზღება (ეზიზღება)"
dokʼ dašdar,დოკ დაშდარ,,,,,,,,,,**დოკ დაშდარ** გრდმ. გულის გადალევა
dokʼ daqditar,დოკ დაჴდითარ,,,,,,cʼaatamamebs,,,,"**დოკ დაჴდითარ** გრდმ. წათამამება (წაათამამებს), გათამამება, გადიდგულება"
"dokʼ daɁar, dokʼ ixar","დოკ დაჸარ, დოკ იხარ",,,,,,,,,,"**დოკ დაჸარ, დოკ იხარ** გრდუვ. გულის მოსვლა"
dokʼ dillar,დოკ დილლარ,,,,,,guls daudebs,,,,**დოკ დილლარ** გრდმ. გულის დადება (გულს დაუდებს)
dokʼ dollar,დოკ დოლლარ,,,,,,,,,,"**დოკ დოლლარ** გრდმ. გაბედვინება, გამხნევება, გათამამება"
"dokʼ doɁdar, dokʼ qelar","დოკ დოჸდარ, დოკ ჴელარ",,,,,,"gaaǯavrebs, aǯavrebs",,,,"**დოკ დოჸდარ, დოკ ჴელარ** გრდმ. გაჯავრება (გააჯავრებს, აჯავრებს), გულს მოუყვანს"
dokʼ ducʼar,დოკ დუწარ,,,,,,,,,,"**დოკ დუწარ** გრდუვ. გულის გაძღომა, მოყირჭება, გულის ასუყება"
dokʼ ducʼdar,დოკ დუწდარ,,,,,,guls gauʒğebs,,,,"**დოკ დუწდარ** გრდმ. გულის გაძღომა (გულს გაუძღებს), გულის ასუყება"
dokʼ dʕogar,დოკ დჵოგარ,,,,,,,,,,**დოკ დჵოგარ** გრდმ. გულის გატეხა
dokʼ dʕogdalar,დოკ დჵოგდალარ,,,,,,,,,,**დოკ დჵოგდალარ** გრდუვ. გულის გატყდომა
dokʼ dʕogdajlnŏ,დოკ დჵოგდაჲლნო̆,,,,,,,,,,**დოკ დჵოგდაჲლნო̆** მიმღ. გულგატეხილი
dokʼ epʼcʼar,დოკ ეპწარ,,,,,,izidavs,,,,"**დოკ ეპწარ** მიზიდვა (იზიდავს), გული მიუწევს"
dokʼ eqqar,დოკ ეჴჴარ,,,,,,guli aeqʼreba,,,,"**დოკ ეჴჴარ** გრდუვ. გულის აყრა (გული აეყრება), გულის აცრუება"
dokʼ eqqdar,დოკ ეჴჴდარ,,,,,,guls aiqʼris,,,,"**დოკ ეჴჴდარ** გრდმ. გულის აყრა (გულს აიყრის), გულის აცრუება"
dokʼ eqqditar,დოკ ეჴჴდითარ,,,,,,,,,,**დოკ ეჴჴდითარ** გრდმ. გულის აყრევინება
dokʼ vadardalar,დოკ ვადარდალარ,,,,,,guli etʼkʼineba,,,,**დოკ ვადარდალარ** გრდუვ. გულის ტკენა (გული ეტკინება)
dokʼ vadardar,დოკ ვადარდარ,,,,,,guls atʼkʼens,,,,**დოკ ვადარდარ** გრდმ. გულის ტკენა (გულს ატკენს)
dokʼ tešar,დოკ თეშარ,,,,,,guls [da]daǯerebs,,,,"**დოკ თეშარ** გრდმ. გულის დაჯერება (გულს [და]დაჯერებს), დარწმუნება"
dokʼ tivar,დოკ თივარ,,,,,,guli daumšviddeba,,,,**დოკ თივარ** გრდუვ. გულის დამშვიდება (გული დაუმშვიდდება)
dokʼ kʼikʼlimak,დოკ კიკლიმაქ,,,,,,ukʼuğma,,,,**დოკ კიკლიმაქ** **დერწარ** გულის (უკუღმა) გადატრიალება უსრ. ჰ’ერწარ
dokʼ lacʼdar,დოკ ლაწდარ,,,,,,"guls atʼkʼens, guli etʼkʼineba",,,,"**დოკ ლაწდარ** გრდმ. გულის ტკენა (გულს ატკენს, გული ეტკინება)"
dokʼ mosardalar,დოკ მოსარდალარ,,,,,,guli gaupučʼdeba,,,,"**დოკ მოსარდალარ** გრდუვ. გულის გაფუჭება (გული გაუფუჭდება), გუნების გაფუჭება"
dokʼ mosardar,დოკ მოსარდარ,,,,,,guls gaupučʼebs,,,,"**დოკ მოსარდარ** გრდმ. გულის გაფუჭება (გულს გაუფუჭებს), გუნების გაფუჭება"
dokʼ mustʼdalar,დოკ მუსტდალარ,,,,,,guli [a]ereva,,,,**დოკ მუსტდალარ** გრდუვ. გულის რევა (გული [ა]ერევა)
dokʼ mustʼdar,დოკ მუსტდარ,,,,,,guls aurevs,,,,**დოკ მუსტდარ** გრდმ. გულის რევა (გულს აურევს)
dokʼ revadalar,დოკ რევადალარ,,,,,,guli aereva,,,,**დოკ რევადალარ** გრდუვ. გულის რევა (გული აერევა)
dokʼ revadar,დოკ რევადარ,,,,,,guls urevs,,,,**დოკ რევადარ** გრდმ. გულის რევა (გულს ურევს)
dokʼ kottdalar,დოკ ქოთთდალარ,,,,,,guli ucʼuxs,,,,"**დოკ ქოთთდალარ** გრდუვ. გულის წუხილი (გული უწუხს), შეწუხება, დაღონება"
dokʼ ğazardar,დოკ ღაზარდარ,,,,,,guls gaukʼetebs,,,,**დოკ ღაზარდარ** გრდმ. გულის გაკეთება (გულს გაუკეთებს) გულის გახარება
dokʼ ğonšadaxar,დოკ ღონშადახარ,,,,,,,,,,**დოკ ღონშადახარ** გრდუვ. გულის შეღონება
dokʼ šeğonbadalar,დოკ შეღონბადალარ,,,,,,,,,,**დოკ შეღონბადალარ** გრდუვ. გულის შეღონება
"dokʼ čʼ[ʕ]ağdar, dokʼ čʼ[ʕ]eğdar","დოკ ჭ[ჵ]აღდარ, დოკ ჭ[ჵ]ეღდარ",,,,,,,,,,"**დოკ ჭ[ჵ]აღდარ, დოკ ჭ[ჵ]ეღდარ** გრდმ. გულის გამაგრება"
dokʼ xitʼar,დოკ ხიტარ,,,,,,,,,,**დოკ ხიტარ** გრდუვ. გულის დაწყდომა
dokʼ ħequjnĭ,დოკ ჰ’ეჴუჲნი̆,,,,,,,,,,"**დოკ ჰ’ეჴუჲნი̆** მიმღ. მოალერსე, გულთბილი"
dokʼ ħeqar,დოკ ჰ’ეჴარ,,,,,,,,,,"**დოკ ჰ’ეჴარ** გრდმ. ალერსიანად მოპყრობა, გულიანად მოკიდება, მიფერება"
dokʼ qira daqar,დოკ ჴირა დაჴარ,,,,,,gadaapikrebinebs,,,,**დოკ ჴირა დაჴარ** გრდმ. 1) გადაფიქრებინება (გადააფიქრებინებს) 2) იმედის გაცრუება (იმედს გაუცრუებს)
dokʼgezel,დოკგეზელ,,,,,,,,,,"**დოკგეზელ** მშიშარა, მფრთხალი"
dokʼdakʼinŏ,დოკდაკინო̆,,,,,,,,,,**დოკდაკინო̆** მიმღ. გულდამწვარი
"dokʼdalinŏ, dokʼdajlnŏ","დოკდალინო̆, დოკდაჲლნო̆",,,,,,,,,,"**დოკდალინო̆, დოკდაჲლნო̆** გულმკვდარი, მეტად დანაღვლიანებული"
dokʼdariⁿ,დოკდარიჼ,,,,,,,,,,"**დოკდარიჼ**  გულდაკოდილი, გულდარდიანი"
dokʼdastʼinŏ,დოკდასტინო̆,,,,,,,,,,**დოკდასტინო̆** გულგახსნილი
dokʼdatʼdujnĭ,დოკდატდუჲნი̆,,,,,,,,,,**დოკდატდუჲნი̆** მიმღ. გულის გასახეთქი
dokʼdapxeⁿ,დოკდაფხეჼ,,,,,,,,,,"**დოკდაფხეჼ** გულთბილი, გულკეთილი"
dokʼdašinŏ,დოკდაშინო̆,,,,,,,,,,"**დოკდაშინო̆** მიმღ. გულდამდნარი, შეწუხებული"
dokʼdacʼiⁿ,დოკდაწიჼ,,,,,,,,,,**დოკდაწიჼ**  გულზვიადი
"dokʼdaqqoš, dokʼdaqqujšĭ","დოკდაჴჴოშ, დოკდაჴჴუჲში̆",,,,,,,,,,"**დოკდაჴჴოშ, დოკდაჴჴუჲში̆** ზმნს. დიდგულად."
dokʼdaqqoⁿ,დოკდაჴჴოჼ,,,,,,,,,,"**დოკდაჴჴოჼ** დიდგულა, ზვიადი"
dokʼdexkʼinŏ,დოკდეხკინო̆,,,,,,,,,,"**დოკდეხკინო̆** გულდახურული, გულჩათხრობილი"
dokʼdeɁenŏ,დოკდეჸენო̆,,,,,,,,,,"**დოკდეჸენო̆** მიმღ. გულმოსული, გაჯავრებული"
dokʼdilloš,დოკდილლოშ,,,,,,,,,,"**დოკდილლოშ** გულდადებით, გულმოდგინედ, გულიანად"
dokʼepʼcʼujnĭ,დოკეპწუჲნი̆,,,,,,,,,,"**დოკეპწუჲნი̆** მიმღ. მიმზიდველი, რაც გულს უნდა"
dokʼeqqinŏ,დოკეჴჴინო̆,,,,,,,,,,**დოკეჴჴინო̆** მიმღ. გულაყრილი
dokʼtešinŏ,დოკთეშინო̆,,,,,,,,,,"**დოკთეშინო̆** მიმღ. გულდაკერებული, დარწმუნებული"
dokʼtivuš,დოკთივუშ,,,,,,,,,,**დოკთივუშ** გულმშვიდად
dokʼtxuš,დოკთხუშ,,,,,,,,,,"**დოკთხუშ**  გულის ტირილით, გულდათუთქვით"
dokʼitʼrikʼ,დოკიტრიკ,,,,,,,,,,**დოკიტრიკ**  ზიზღიანი
dokʼixrikʼ,დოკიხრიკ,,,,,,,,,,**დოკიხრიკ** იხ. დოკლაკ
dokʼlakʼ,დოკლაკ,,,,,,,,,,"**დოკლაკ** ანჩხლი, ბრაზიანი"
dokʼlacʼinĭ,დოკლაწინი̆,,,,,,,,,,**დოკლაწინი̆** მიმღ. გულშემატკივარი
dokʼmossiⁿ,დოკმოსსიჼ,,,,,,,,,,**დოკმოსსიჼ** ავგული
dokʼpšeliⁿ,დოკფშელიჼ,,,,,,,,,,**დოკფშელიჼ** გულცივი
dokʼğazeⁿ,დოკღაზეჼ,,,,,,,,,,"**დოკღაზეჼ**  გულკეთილი, კარგი გულისა"
dokʼcʼajnĭ,დოკწაჲნი̆,,,,,,,,,,"**დოკწაჲნი̆** გულწმინდა, მართალი"
dokʼqira daɬar,დოკჴირა დალ’არ,,,,,,gadaipikrebs,,,,**დოკჴირა დალ’არ** გრდუვ. 1) გადაფიქრება (გადაიფიქრებს) 2) იმედის გაცრუება (იმედი გაუცრუვდება)
dokʼʕarčʼiⁿ,დოკჵარჭიჼ,,,,,,,,,,"**დოკჵარჭიჼ** გულშავი, ავგული"
d-ol,დ-ოლ,,,,vi mot,,,მოდი!,come!,иди( (сюда),**დ-ოლ** გრდუვ. ბრძან. მოდი!
dol1,დოლ1,d d,D,GE,n,,doli; doleⁿ,დოლი,lambing time,"окот овец, время окота",**დოლ1** *დ დ* (დოლი; დოლეჼ) დოლი
dol2,დოლ2,d,D,,n,,,წყრთა,ell (1.15 m),длина от локтя до конца среднего пальца,**დოლ2** *დ* წყრთა
dol3,დოლ3,j j,J,GE,n,,doli,დოლი,drum,барабан,**დოლ3** *ჲ ჲ* (დოლი) დოლი
dol-garmoⁿ,დოლ-გარმოჼ,j j,J,,n,,,დოლ-გარმონი,doli and accordion,барабан и гармонь,**დოლ-გარმოჼ** *ჲ ჲ* დოლ-გარმონი
=doliⁿ,=დოლიჼ,,,,post,,,ზმნს. და თანდ.,,,**=დოლიჼ**  ზმნს. და თანდ. შემდეგ
doⁿ,დოჼ,b d,B,,n,,duj; doneⁿ,ცხენი,horse,лошадь,**დოჼ** *ბ დ* (დუჲ; დონეჼ)ცხენი
donen tʼutʼ,დონენ ტუტ,b d,,,,,doneⁿtʼutʼi,,,,"**დონენ ტუტ** *ბ დ* (დონეჼტუტი) ბორა, ცხენის ბუზი"
donlov,დონლოვ,v b,M,,n,,donlobi; donloveⁿ,ცხენოსანი,rider,всадник,**დონლოვ** *ვ ბ* (დონლობი; დონლოვეჼ) ცხენოსანი
dos,დოს,d d,D,,n,,dasiš; dasiⁿ,შეშა,firewood,дрова,**დოს** *დ დ* (დასიშ; დასიჼ) შეშა
dopx,დოფხ,d d,D,,n,,dapxiⁿ,ოფლი,sweat,пот,**დოფხ**  *დ დ* (დაფხიჼ) ოფლი
dopx daɬar,დოფხ დალ’არ,,,,,,opli mouva,,,,"**დოფხ დალ’არ** გრდუვ. ოფლის მოსვლა (ოფლი მოუვა), გაოფლიანება"
dopx daqar,დოფხ დაჴარ,,,,,,,,,,**დოფხ დაჴარ** გრდმ. ოფლის მოდენა
dopx ixar,დოფხ იხარ,,,,,,opli mosdis,,,,**დოფხ იხარ** გრდუვ. ოფლის მოსვლა (ოფლი მოსდის)
dopx ixrikʼ,დოფხ იხრიკ,,,,,,,,,,**დოფხ იხრიკ** ვისაც ძალიან მოსდის ოფლი
dopxsopx-d-ar1,დოფხსოფხ-დ-არ1,,,,,,mortavs,,,,"**დოფხსოფხ-დ-არ1** გრდმ. 1. მორთვა (მორთავს), კარგად, კოხტად ჩაცმა 2. სახელდახელოდ ჩაცმა (ჩააცვამს)*;* უსრ. დ-ეფხსეფხ-დ-არ"
dopxsopx-d-ar2,დოფხსოფხ-დ-არ2,,,,,,,,,,**დოფხსოფხ-დ-არ2** გრდმ. ხელდახელ ცეცხლზე გათბობა; უსრ. დ-ეფხსეფხ-დ-არ
doš aɬar,დოშ ალ’არ,,,,,,,,,,**დოშ ალ’არ** გრდმ. სიტყვის თქმა
doš gagdar,დოშ გაგდარ,,,,,,,,,,"**დოშ გაგდარ** გრდმ. სიტყვის შენახვა, პირიანობა"
doš daɬar,დოშ დალ’არ,,,,,,,,,,**დოშ დალ’არ** გრდმ. სიტყვის მიცემა
doš dʕogar,დოშ დჵოგარ,,,,,,,,,,**დოშ დჵოგარ** გრდმ. სიტყვის გატეხა
doš1,დოშ1,d d,D,,n,,dašni,რთული ფუძის ანდ შესიტყვების შემადგენელი ნაწილი,,,**დოშ1** *დ დ* (დაშნი) 1. სიტყვა 2. რთული ფუძის ან შესიტყვების შემადგენელი ნაწილი
doš2,დოშ2,j j,J,GE,n,,,დოში,smoked belly,тешка,**დოშ2** *ჲ ჲ* დოში
došak,დოშაქ,d d,D,GE,n,,doški; doškeⁿ,"დოშაქი, ლეიბი",mattress,"матрац, тюфяк","**დოშაქ**  *დ დ* (დოშქი; დოშქეჼ)დოშაქი, ლეიბი"
došdoš daɬar,დოშდოშ დალ’არ,,,,,,,,,,**დოშდოშ დალ’არ** გრდუვ. წალაპარაკება
doxkʼ,დოხკ,d d,D,,n,,daxkʼiš; daxkʼiⁿ,ღრუბელი,cloud,облако,**დოხკ** *დ დ* (დახკიშ; დახკიჼ) ღრუბელი
doxkʼ dopldalar,დოხკ დოფლდალარ,,,,,,,,,,"**დოხკ დოფლდალარ** გრდუვ. ღრუბლით დაბურვა, მოღრუბლვა"
doxkʼ dopldalinŏ,დოხკ დოფლდალინო̆,,,,,,,,,,"**დოხკ დოფლდალინო̆** მიმღ. ღრუბლით დაბურული, მოღრუბლული"
doxkʼ dopldajlnŏ,დოხკ დოფლდაჲლნო̆,,,,,,,,,,"**დოხკ დოფლდაჲლნო̆** მიმღ. ღრუბლით დაბურული, მოღრუბლული"
doxtʼur,დოხტურ,"v b , j d",M/F,Turk.,n,,dujxtʼri; dujxtʼreⁿ,ექიმი,"doctor, medic",врач,"**დოხტურ** *ვ ბ , ჲ დ* (დუჲხტრი; დუჲხტრეჼ) ექიმი"
"doŭpxŭ, dŭpxŭ","დოუ̆ფხუ̆, დუ̆ფხუ̆",d d,,,,,,,,,"**დოუ̆ფხუ̆, დუ̆ფხუ̆** *დ დ* ტანისამოსი"
"doħa, gazapxujla","დოჰ’ა, გაზაფხუჲლა",j j,,,,,doħeⁿ,,,,"**დოჰ’ა, გაზაფხუჲლა** *ჲ ჲ* (დოჰ’ეჼ) გაზაფხული"
doħe(ħ),დოჰ’ე(ჰ’),,,,,,ħ,,,,**დოჰ’ე(ჰ’)** ცხვირს ასვლა მთაში გაზაფხულზე *(ექსპ.)*
doħkotʼŏ,დოჰ’ქოტო̆,j j,J,,n,,doħkotʼujⁿ,"პირისახე, პირი",face,лицо,"**დოჰ’ქოტო̆** *ჲ ჲ* (დოჰ’ქოტუჲჼ) პირისახე, პირი"
doqnad-d-ar,დოჴნად-დ-არ,,,,,,,,,,**დოჴნად-დ-არ** გრდმ. თოხნა
"dugdug, dugdug baħar","დუგდუგ, დუგდუგ ბაჰ’არ",,,,,,,,,,"**დუგდუგ, დუგდუგ ბაჰ’არ** გრდმ. წადუდუნება, წაბუტბუტება"
dugdugdar,დუგდუგდარ,,,,,,,,,,"**დუგდუგდარ** გრდმ. ბურტყუნი, ბუზღუნი"
dudax,დუდახ,,,,adv,,,წეღან,recently,недавно,**დუდახ** ზმნს. წეღან
dudaxluⁿ,დუდახლუჼ,,,,,,,,,,**დუდახლუჼ**  წეღანდელი
"dudglaɁŏ, dujdglaɁŏ","დუდგლაჸო̆, დუჲდგლაჸო̆",d d,,,,,,,,,"**დუდგლაჸო̆, დუჲდგლაჸო̆** *დ დ* დიდგულა, ანწლი"
duz,დუზ,j j,J,,n,,duzi; duzeⁿ ,ტრამალი,"steppe, grasslands",степь,**დუზ** *ჲ ჲ* (დუზი; დუზეჼ ) ტრამალი
dumar,დუმარ,,,,a,,perisa,"თალხი, სადა ფერი (ფერისა)",dark-coloured,"темный, не яркий","**დუმარ** თალხი, სადა ფერი (ფერისა)"
dumaɁ arkʼum,დუმაჸ არკუმ,b d,,,,,,,,,**დუმაჸ არკუმ** *ბ დ* დანდური (დუმა ფხალი)
dumaɁ[ŏ],დუმაჸ[ო̆],j j,,,,,dumaɁuj; dumaɁujⁿ,,,,**დუმაჸ[ო̆]** *ჲ ჲ* (დუმაჸუჲ; დუმაჸუჲჼ) დუმა
dundlux,დუნდლუხ,,,GE,a,,,"დონდლო, ზანტი","lazy, idle","вялый, неповоротливый","**დუნდლუხ** დონდლო, ზანტი"
dur-d-ar,დურ-დ-არ,,,,,,,,,,"**დურ-დ-არ** გრდმ. დამლაშება, დამარილება"
duriⁿ,დურიჼ,,,,a,,,მლაშე,salty,соленый,**დურიჼ** მლაშე
durkʼ,დურკ,d d,D,,n,,darkʼbi; durkʼeⁿ,კასრი (ხისა),"cask, bucket",ведро (деревяное),**დურკ** *დ დ* (დარკბი; დურკეჼ)კასრი (ხისა)
durmustʼ,დურმუსტ,d,D,,n,,,მჟაუნა,sorrel (plant),щавель,**დურმუსტ** *დ* მჟაუნა
durol,დუროლ,j,,,,,,,,,**დუროლ** *ჲ* სიმლაშე
dustʼar,დუსტარ,d d,D,,n,,,საზომი,"measure, measuring device",мера,**დუსტარ** *დ დ* საზომი იხ. დ-უს-ტარ
dukaⁿ,დუქაჼ,d d,D,GE,n,,dukni; dukneⁿ,დუქანი,inn,"лавка, духан",**დუქაჼ** *დ დ* (დუქნი; დუქნეჼ) დუქანი
duğab,დუღაბ,j j,J,GE,n,,,დუღაბი,"mortar, cement","раствор известковый, цементный",**დუღაბ** *ჲ ჲ* დუღაბი
duqʼ,დუყ,,D,,n,,duqʼeⁿ,უღელი,yoke,,**დუყ** (დუყეჼ)1. უღელი 2. მთის ქედი *(ალირ.)*
dušaqʼ,დუშაყ,d d,D,GE,n,,dušqʼi; dušqʼeⁿ,დუშაყი,horse's rope fetter,ремневое приспособление (при ковке лошади),**დუშაყ**  *დ დ* (დუშყი; დუშყეჼ) დუშაყი (ცხენის ფეხის დასაბორკი თოკი ან ბორკილი)
duxkʼaⁿ,დუხკაჼ,d d,D,,n,,duxkʼni; duxkʼneⁿ,"სარტყელი (ქალისა განიერი, მოქსოვილი)","belt, girdle","пояс (женский широкий, вязанный)","**დუხკაჼ** *დ დ* (დუხკნი; დუხკნეჼ) სარტყელი (ქალისა განიერი , მოქსოვილი)"
duħ,დუჰ’,d d,D,,n,,,პირი (მჭრელი იარაღისა); წვერი (წინდისა),blade; tip ,"лезвие (кинжала), носик (чего-нибудь)","**დუჰ’** *დ დ* პირი (მჭრელი იარაღისა), წვერი (წინდისა)"
duħ dilar,დუჰ’ დილარ,,,,,,cʼindis cʼveris dadeba,,,,**დუჰ’ დილარ** გრდმ. წინდის ქსოვის დაწყება (წინდის წვერის დადება)
duħ doɁdar,დუჰ’ დოჸდარ,,,,,,,,,,"**დუჰ’ დოჸდარ** გრდმ. პირის გაწყობა, გალესვა, მოპირვა"
duħ doɁditar,დუჰ’ დოჸდითარ,,,,,,,,,,"**დუჰ’ დოჸდითარ** გრდმ. პირის გაწყობინება, ალესვა"
duħ nipsdar,დუჰ’ ნიფსდარ,,,,,,,,,,"**დუჰ’ ნიფსდარ** ალესვა, მოპირვა"
dujtʼqʼna,დუჲტყნა,d d,,,,,,,,,**დუჲტყნა** *დ დ* სიწვრილე იხ. დ-უტყიჼ
dujħreluⁿ,დუჲჰ’რელუჼ,,,,,,,,,,"**დუჲჰ’რელუჼ** პირველი, პირვანდელი, უწინდელი"
dujħreⁿ,დუჲჰ’რეჼ,,,,adv,,,პირველად,"at first, firstly",сперва,**დუჲჰ’რეჼ** 1. პირველად 2. იხ. დუჲჰ’რელეჼ
duq,დუჴ,,,,adv,,,"ბევრი, მრავალი","many, much, multiple",много,"**დუჴ** 1. ბევრი, მრავალი 2. ზმნს. ბევრი"
duqar-d-alar,დუჴარ-დ-ალარ,,,,,,gamravldeba,,,,**დუჴარ-დ-ალარ** გრდუვ. გამრავლება (გამრავლდება)
duqar-d-ar,დუჴარ-დ-არ,,,,,,[ga]amravlebs,,,,**დუჴარ-დ-არ** გრდმ. გამრავლება ([გა]ამრავლებს)
"duqičxane[ħ], duxane[ħ]","დუჴიჩხანე[ჰ’], დუხანე[ჰ’]",,,,,,,,,,"**დუჴიჩხანე[ჰ’], დუხანე[ჰ’]** ზმნს. დიდხანს"
duqičŏ naqʼv,დუჴიჩო̆ ნაყვ,,,,,,,,,,"**დუჴიჩო̆ ნაყვ** მრავალი გზით, სხვადასხვა საშუალებით, ყოველნაირად"
duqu[v]x,დუჴუ[ვ]ხ,,,,,,,,,,"**დუჴუ[ვ]ხ** მეტი, უფრო ბევრი"
dğvirib,დღვირიბ,,,,,,kʼaci,,,,**დღვირიბ** ტანადი (კაცი) *(ჭრელაშვ.)*
dʕaɁ,დჵაჸ,d d,D,,n,,dʕaɁi; dʕaɁeⁿ,"იარა, ნაიარევი, ჭრილობა","wound, cut","рана, рубец от раны, шрам","**დჵაჸ** *დ დ* (დჵაჸი; დჵაჸეჼ)იარა, ნაიარევი, ჭრილობა"
dʕaɁeⁿ potol,დჵაჸეჼ ფოთოლ,,,,,,bertl.,,,,**დჵაჸეჼ ფოთოლ** მრავალძარღვა *(ბერთლ.)*
dʕeɁ,დჵეჸ,d d,D,,n,,dʕeɁeⁿ,ღვიძლი,liver,печень,**დჵეჸ** *დ დ* (დჵეჸეჼ) ღვიძლი
dʕeɁdokʼi,დჵეჸდოკი,d,0d,,n,,,"გულ-მკერდი, გულ-ღვიძლი",chest,грудь,"**დჵეჸდოკი** *დ* გულ-მკერდი, გულ-ღვიძლი"
dʕeɁ-pħatuj,დჵეჸ-ფჰ’ათუჲ,d,,,,,dʕeɁ-pħatujⁿ,,,,"**დჵეჸ-ფჰ’ათუჲ** *დ* (დჵეჸ-ფჰ’ათუჲჼ) ჯიგარი, შიგნეულობა, ღვიძლ-ფილტვები"
dʕoginŏ,დჵოგინო̆,,,,,,,,,,**დჵოგინო̆** მიმღ. გატეხილი
"=e, =ĕ","=ე, =ე̆",,,,,,,,,,"**=ე, =ე̆** 1. ნაწილაკი =ც, კავშირი =და"
"e, eħ","ე, ეჰ’",,,,,,mr. ebi,,,,"**ე, ეჰ’** (მრ. ები) მითთებითი ნაცვალსახელი ეს, მეტწილად იხმარება მსაზღვრელად, სხვა ბრუნვებში ენაცვლება ეჴ[უ]"
d-eblad,დ-ებლად,,,,,,debs,,,,**დ-ებლად** გრდმ. 1. დადება (დებს)სრ. დ-ილლარ 2. ჩადება (დებს) სრ. დ-ოლლარ
eblar,ებლარ,,,,vt,,agebs,"აგება (აგებს), აცმა, მოდება (სდებს, იღებს), მოგდება (მხრებზე); ამოხაპვა, ამოღება (იღებს)","lay, put, string, skewer; ladle out, pour out","вдевать, накидывать (на плечи); черпать (жидкость)","**ებლარ** გრდმ. 1. აგება (აგებს), აცმა, მოდება (სდებს, აღებს), მოგდება (მხრებზე)2. ამოხაპვა, ამოღება (იღებს)"
d-ebl-d-alar,დ-ებლ-დ-ალარ,,,,vi,,icʼqʼeba,დაწყება (იწყებს),begin,начинаться,**დ-ებლ-დ-ალარ**  გრდუვ. დაწყება (იწყება)
d-ebl-d-ar,დ-ებლ-დ-არ,,,,vt,,icʼqʼebs,დაწყება (იწყებს),begin,начинать,**დ-ებლ-დ-არ** გრდმ. დაწყება (იწყებს)
d-ebžar1,დ-ებჟარ1,,,,vi,,ikceva,წაქცევა (იქცევს),fall down,падать,**დ-ებჟარ1** გრდუვ. წაქცევა (იქცევა) იხ. დ-ოჟარ
d-ebžar2,დ-ებჟარ2,,,,vt,,tʼenis,"შეტანა (ტენის), შედებ, გაყრა; შებმა (აბამს ხარებს ურემში)","put in, put trough, stuff; yoke up","всовывать, вдевать; впрягать (быков в повозку)","**დ-ებჟარ2** გრდმ. 1. შეტენა (ტენის), შედება, გაყრა 2. შებმა (აბამს ხარებს ურემში) სრ. დ-ოჟარ3"
d-ebž-d-ar,დ-ებჟ-დ-არ,,,,,,[cʼa]akcevs,,,,**დ-ებჟ-დ-არ**  გრდმ. [წა]ქცევა ([წა]აქცევს) *სრ. დ-ოჟ-დ-არ*
"d-ebcʼar, d-epʼcʼar","დ-ებწარ, დ-ეპწარ",,,,,,abams,,,,"**დ-ებწარ, დ-ეპწარ** გრდმ. მიბმა (აბამს) სრ. დ-ოწარ"
"ebcʼar, epʼcʼar1","ებწარ, ეპწარ1",,,,,,scʼevs,,,,"**ებწარ, ეპწარ1** გრდმ. გაწევა (სწევს), აწევა 2. წონა (წონის, იწონის) 3. წველა (წველის)4. წევა სრ. ოწარ."
ebcʼ-d-alar,ებწ-დ-ალარ,,,,vi,,icʼevs,გაწევა (იწევს); აწონა (იწონება); წველა (იწველება); წევა,,тянуться (тянется); взвешиваться (взвешивается); доить (доиться); курить,**ებწ-დ-ალარ** 1. გაწევა (იწევს)2. აწონა (იწონება) სრ. ოწ-დ-ალარ 3. წველა (იწველება) 4. წევა
"ebcʼ-d-ar, epʼcʼ-d-ar","ებწ-დ-არ, ეპწ-დ-არ",,,,,,ecʼeva,,,,"**ებწ-დ-არ, ეპწ-დ-არ** გრდმ. გაწევა (ეწევა), გაჭიმვა (ჭიმავს) 2. გადატ. გარდუვ. ღებინება (აღებინებს) იხ. ჰ’ალ სრ. ოწ-დ-არ"
"ebcʼqebcʼ-d-alar, epʼcʼqepʼcʼ-d-alar","ებწჴებწ-დ-ალარ, ეპწჴეპწ-დ-ალარ",,,,,,izmoreba,,,,"**ებწჴებწ-დ-ალარ, ეპწჴეპწ-დ-ალარ** გრდუვ. ზმორება (იზმორება) სრ. ოწჴოწ-დ-ალარ 2. პრანჭვა-გრეხა, პრანჭვა"
"ebcʼqebcʼ-d-ar, epʼcʼqepʼcʼ-d-ar","ებწჴებწ-დ-არ, ეპწჴეპწ-დ-არ",,,,,,,,,,"**ებწჴებწ-დ-არ, ეპწჴეპწ-დ-არ** გრდმ. გაწევ-გამოწევა, გაჭიმვა და გამოჭიმვა სრ. ოწჴოწ-დ-არ"
egar,ეგარ,,,,vi,,[še]ereva,"შერევა ([შე]ერევა), გარევა, ჩარევა",be mixed,"перемешаться, перемешиваться, вмешаться, вмешиваться","**ეგარ** გრდუვ. შერევა ([შე]ერევა), გარევა, ჩარევა"
eg-d-ar grdm.,ეგ-დ-არ გრდმ.,,,,,,"[ga]revs, [ga]urevs",,,,"**ეგ-დ-არ გრდმ.** გარევა ([გა]რევს, [გა]ურევს), შერევა, შეზავება"
egzaginŏ,ეგზაგინო̆,,,,,,ekspʼ.,,,,"**ეგზაგინო̆** არეული, დახლართული *(ექსპ.)*"
egzegar,ეგზეგარ,,,,vi,,airev-daireva,არევ-დარევა (აირევ-დაირევა),"be confused, be tangled, be mixed up","смешаться, смешиваться, перемешиваться",**ეგზეგარ** გრდუვ. არევ-დარევა (აირევ-დაირევა)
d-eepx-d-alar,დ-ეეფხ-დ-ალარ,,,,,,icvams,,,,**დ-ეეფხ-დ-ალარ** გრდუვ. ჩაცმა (იცვამს); სრ. დ-ოფხ-დ-ალარ2
d-eepx-d-ar,დ-ეეფხ-დ-არ,,,,,,acmevs,,,,**დ-ეეფხ-დ-არ** გრდმ. ჩაცმევა (აცმევს); შეკაზმვა (ცხენისა);სრ. დ-ოფხ-დარ2
ev-d-ar,ევ-დ-არ,,,,vt,,iğebs,აღება (იღებს); ყიდვა,take; buy,брать; покупать,**ევ-დ-არ** გრდმ. 1. აღება (იღებს)2. ყიდვა სრ. ეცარ
ettar,ეთთარ,,,,vi,,dgeba,"დადგომა (დგება), გაჩერება","stand up, stop","становиться, останавливаться","**ეთთარ** გრდუვ. დადგომა (დგება), გაჩერება სრ. ოთთარ"
d-ettar1,დ-ეთთარ1,,,,vt,,daaxetkebs,"დახეთქება (დაახეთქებს), მიხლა, დარტყმა",strike,"ударять (о пол...), хлопать, бить","**დ-ეთთარ1** გრდმ. დახეთქება (დაახეთქებს), მიხლა, დარტყმა სრ. დ-იშ-დ-არ1"
d-ettar2,დ-ეთთარ2,,,,vt,,[mo]cʼvelis,წველა ([მო]წველის),milk,"доить, сдоить",**დ-ეთთარ2** გრდმ. წველა ([მო]წველის)
d-ettar3,დ-ეთთარ3,,,,vt,,asxams,"ჩასხმა (ასხამს), ჩამოსხმა",pour,"отливать, вливать","**დ-ეთთარ3** ჩასხმა (ასხამს), ჩამოსხმა სრ. დ-ოთთარ3."
d-ett-d-alar1,დ-ეთთ-დ-ალარ1,,,,vi,,isxmeba,ჩასხმა (ისხმება),"pour, fill",наливается,**დ-ეთთ-დ-ალარ1** გრდუვ. ჩასხმა (ისხმება) სრ. დ-ოთთ-დალარ1
d-ett-d-alar2,დ-ეთთ-დ-ალარ2,,,,vi,,partxalebs,"ფართხალი (ფართხალებს), ძგერა, აღელვება","pound, beat, be agitated","биться, волноваться","**დ-ეთთ-დ-ალარ2** გრდუვ. ფართხალი (ფართხალებს), ძგერა, აღელვება სრ. დ-ოთთ-დ-ალარ2"
ett-d-ar,ეთთ-დ-არ,,,,,,dgams,,,,"**ეთთ-დ-არ**  გრდმ. [და]დგმა (დგამს), დაყენება, გაჩერება სრ. ოთთ-დ-არ."
ettqettar,ეთთჴეთთარ,,,,vi,,boltas scems,"გასეირნ-გამოსეირნება, ბოთლის ცემა (ბოთლსა სცემს)",pace up and down,"прохаживаться, прогуливаться","**ეთთჴეთთარ** გრდუვ. გასეირნ-გამოსეირნება, ბოლთს ცემა (ბოლთას სცემს) სრ. ოთთჴოთთარ."
d-etxar,დ-ეთხარ,,,,vi,,atʼirdeba,ატირება (ატირდება),"weep,  cry",заплакать,**დ-ეთხარ** გრდუვ. ატირება (ატირდება)უსრ. დ-ათხარ
"ejrtvan, ajrtvan, ʕejrtvan, ʕajrtvaⁿ","ეჲრთვან, აჲრთვან, ჵეჲრთვან, ჵაჲრთვაჼ",,,,,,,,,,"**ეჲრთვან, აჲრთვან, ჵეჲრთვან, ჵაჲრთვაჼ** ბლომა[დ], მრავლად"
ejrkʼaⁿ,ეჲრკაჼ,j j,,,,,,,,,**ეჲრკაჼ** *ჲ ჲ* კალთა *(ექსპ.);* ეჲრკა *(ჭრელაშვ.)*
ejčʼveⁿ,ეჲჭვეჼ,,,GE,a,,,ეჭვიანი,suspicious,мнительный,**ეჲჭვეჼ** ეჭვიანი
"ejqqno, iqqno","ეჲჴჴნო, იჴჴნო",,,,,,adgili,,,,"**ეჲჴჴნო, იჴჴნო** 1. ნახტომი (ადგილი) 2. ძალიან დაქანებული ადგილი"
ekʼal xeciⁿ,ეკალ ხეციჼ,,,,,,,,,,"**ეკალ ხეციჼ** ეკალი, ბუსუსი დააყარა, აბურძგლა, ბუსუსი აეშალა"
"ekʼal, ekʼel","ეკალ, ეკელ",b d,,,,,ekʼli; ekʼleⁿ,,,,"**ეკალ, ეკელ** *ბ დ* (ეკლი; ეკლეჼ) ეკალი"
d-ekʼar,დ-ეკარ,,,,vi,,da[s]cviva,"დაცვენა (და[ს]ცვივა), ჩამოცვენა, ჩაცვენა",fall,"осыпать, осыпаться","**დ-ეკარ** გრდუვ. დაცვენა (და[ს]ცვივა), ჩამოცვენა, ჩაცვენა უსრ. აკარ1"
d-ekʼ-d-ar1,დ-ეკ-დ-არ1,,,,vt,,,,pl,,"**დ-ეკ-დ-არ1** გრდმ. ჩამოყრა, ჩაყრა, გადმოყრა უსრ. აკ-დ-არ"
d-ekʼ-d-ar2,დ-ეკ-დ-არ2,,,,vt,,aakʼankʼalebs,აკანკალება (აკანკალებს),"tremble, shiver, shake","трястись, трясти (от лихорадки)",**დ-ეკ-დ-არ2** გრდმ. აკანკალება (ააკანკალებს)სრ. აკ-დ-არ
ekʼlareⁿ,ეკლარეჼ,,,,,,,,,,**ეკლარეჼ** ეკლებიანი
d-elar,დ-ელარ,d,D,,vt,n,,,,,**დ-ელარ** *დ* 1. სიცილი 2. გრდუვ. სიცილი (იცინის)
d-el-d-ar,დ-ელ-დ-არ,,,,,,[ga]acinebs,,,,**დ-ელ-დ-არ** გრდმ. გაცინება ([გა]აცინებს)
d-elinĭ,დ-ელინი̆,,,,,,,,,,**დ-ელინი̆** მიმღ. მოცინარი
eⁿ,ეჼ,d d,D,,n,,eneⁿ,"ჩრდილი, გრილო","shadow, shade",тень,"**ეჼ**  *დ დ* (ენეჼ) ჩრდილი, გრილო"
endrŏ,ენდრო̆,j j,J,GE,n,,endrujⁿ,ენდრო,(dyer’s) madder,марена,**ენდრო̆** *ჲ ჲ* (ენდრუჲჼ) ენდრო
enere,ენერე,,,,,,šipn.,,,,"**ენერე** ჩრდილიანი, გრილი *(შიფნ.)*"
enkʼenen enkʼenen butt,ენკენენ ენკენენ ბუთთ,b d,,,,,,,,,"**ენკენენ ენკენენ ბუთთ** *ბ დ* ენკენისთვე, სექტემბერი"
enʒlaɁŏ,ენძლაჸო̆,d d,D,GE,n,,enʒlaɁuj; enʒlaɁujⁿ,ენძელა,Caucasian spring crocus,мерендера,**ენძლაჸო̆** *დ დ* (ენძლაჸუჲ; ენძლაჸუჲჼ) ენძელა
epʼiskʼopʼoz,ეპისკოპოზ,v b,M,GE,n,,epʼiskʼopʼozi; epʼiskʼopʼozeⁿ,ეპისკოპოსი,bishop,епископ,**ეპისკოპოზ** *ვ ბ* (ეპისკოპოზი; ეპისკოპოზეჼ) ეპისკოპოსი
d-epʼtʼar,დ-ეპტარ,,,,vt,,,ყლაპვა,swallow,глотать,**დ-ეპტარ** გრდმ. ყლაპვა სრ. დ-ოპტარ.
d-epʼtʼrikʼ,დ-ეპტრიკ,,,,,,,,,,"**დ-ეპტრიკ** მყლაპავი, ყლაპია"
erdŏ,ერდო̆,j,J,,n,,erdujⁿ,"სახლიდან გომურში, სარდაფში ჩასასვლელი",passage downwards,"отверстие из дому вниз (в хлев, подал...)","**ერდო̆** *ჲ* (ერდუჲჼ) სახლიდან გომურში, სარდაფში ჩასასვლელი"
erkʼvercx,ერკვერცხ,d d,,,,,erkʼvercxeⁿ,,,,**ერკვერცხ**  *დ დ* (ერკვერცხეჼ) ერბოკვერცხი
d-ercʼar,დ-ერწარ,,,,vi,,motʼrialdeba,"მოტრიალება (მოტრიალდება), დატრილდება; მობრუნება, მიბრუნება","turn around, return","повернуться, завернуть, закружиться, пойти обратно","**დ-ერწარ** გრდუვ. მოტრიალება (მოტრიალდება), დატრიალება, მობრუნება, მიბრუნება"
d-ercʼ-d-ar,დ-ერწ-დ-არ,,,,,,daatʼrialebs,,,,"**დ-ერწ-დ-არ** გრდმ. დატრიალება (დაატრიალებს); მიტრიალება, დაბრუნება (დააბრუნებს, დაუბრუნებს), მიბრუნება"
d-ercʼila,დ-ერწილა,d d,,,,,,,,,"**დ-ერწილა** *დ დ* მისაბრუნი, მოსაბრუნი, მოსახვევი"
d-ercʼ-ħarcʼar,დ-ერწ-ჰ’არწარ,,,,,,sakmeze,,,,"**დ-ერწ-ჰ’არწარ** გრდუვ. მიბრუნ-მობრუნება, დატრიალება (საქმეზე)"
"ese[ħ], ise[ħ]","ესე[ჰ’], ისე[ჰ’]",,,,,,,,,,"**ესე[ჰ’], ისე[ჰ’]** ზმნს. აქ"
esev,ესევ,,,,,,,,,,"**ესევ** ზმნს. აქეთ, აქ"
d-estʼar,დ-ესტარ,,,,vi,,[ga]sivdeba,გასივება ([გა]სივდება),swell up,"распухнуть, распухать",**დ-ესტარ** გრდუვ. გასივება ([გა]სივდება)
etʼar1,ეტარ1,,,,vi,,skʼdeba,"სკდომა (სკდება), ბზარვა","pop, burst, split open","лопаться, трескаться","**ეტარ1**გრდუვ. სკდომა (სკდება), ბზარვა სრ. დ-ა-ტარ1"
etʼar2,ეტარ2,,,,vt,,pens,გაფენა (ფენს),spread out,стлать,**ეტარ2**გრდმ. გაფენა (ფენს)სრ. ოტარ.
etʼ-d-alar,ეტ-დ-ალარ,,,,,,"išleba, mopena",,,,"**ეტ-დ-ალარ** გრდუვ. გაშლა (იშლება, მოფენა) სრ. ოტ-დ-ა-ლარ"
d-etʼ-d-ar,დ-ეტ-დ-არ,,,,vt,,gadahqʼavs,"გადაყვანა (გადაჰყავს); ჭკუიდან შეშლა (ჭკუიდან შლის), გადარევა",take across; drive sb mad,переводить; сводить с ума,**დ-ეტ-დ-არ** გრდმ. 1. გადაყვანა (გადაჰყავს) 2. ჭკუიდან შეშლა (ჭკუიდან შეშლის) სრ. დ-ოტ-დ-არ
etʼ-d-ar,ეტ-დ-არ,,,,,,xevs,,,,"**ეტ-დ-არ** გრდმ. დახევა (ხევს), გახეთქვა, დაგლეჯა, გაპობა, დაპობა, გახლეჩა, გარღვევა (წყლისა);სრ. დ-ატ-დ-არ"
etʼ-d-itar,ეტ-დ-ითარ,,,,,,[da]apʼobinebs,,,,**ეტ-დ-ითარ** გრდმ. [და]პობინება ([და]აპობინებს)
etʼtʼitar,ეტტითარ,,,,vt,,ağebinebs,ღებინება (აღებინებს),vomit,рвать,**ეტტითარ** გრდმ. ღებინება (აღებინებს)სრ. ატტითარ.
etʼqʼečʼar,ეტყეჭარ,,,,vi,,[da]egliǯeba,"დაგლეჯა ([და]ეგლიჯება), შემოფლეთა, დაფლეთა","be torn, be ripped","разодраться, изодраться","**ეტყეჭარ** გრდუვ. დაგლეჯა ([და]ეგლიჯება), შემოფლეთა, დაფლეთა ჯაგილო[ჰ’]"
etʼqʼečʼ-d-ar,ეტყეჭ-დ-არ,,,,,,dapxrecʼs,,,,"**ეტყეჭ-დ-არ** გრდმ. დაფხრეწა (დაფხრეწს), დაფლეთა"
etʼqʼečʼenŏ,ეტყეჭენო̆,,,,,,,,,,**ეტყეჭენო̆** მიმღ. დახეულ-დაფლეთილი
d-eplar,დ-ეფლარ,,,,vi,,ʒvreba,ძრომა (ძვრება); გადაჯდომა; ჟონვა,"move, creep, squeeze; chamge seat; seep, leak","лезть, лазить, вползать; пропитываться; просачиваться",**დ-ეფლარ** გრდუვ. 1. ძრომა (ძვრება)2. გაჯდომა 3. ჟონვა უსრ. დ-ოლ’არ
d-epsar,დ-ეფსარ,,,,vi,,ibereba,ბერვა (იბერება),be infated,"раздуваться, дуться, пыжиться",**დ-ეფსარ** გრდუვ. ბერვა (იბერება)
d-eps-d-ar,დ-ეფს-დ-არ,,,,vt,,beravs,გაბერვა (ბერავს),inflate,вздувать,**დ-ეფს-დ-არ** გრდმ. გაბერვა (ბერავს) სრ. დ-ოფს-დ-არ
d-epšar,დ-ეფშარ,,,,vi,,ipxvneba,"დაფხვნა (იფხვნება), ფშვნა","be crumbled, crushed","крошиться, изломаться, раздробляться","**დ-ეფშარ** გრდუვ. დაფხვნა (იფხვნება), ფშვნა; სრ. დ-ოფშარ"
d-epš-d-ar,დ-ეფშ-დ-არ,,,,,,pxvnis,,,,"**დ-ეფშ-დ-არ** გრდმ. ფხვნა (ფხვნის), ფშვნა, მსხვრევა; სრ. დ-ოფშ-დ-არ"
d-epšrikʼ,დ-ეფშრიკ,,,,,,,,,,**დ-ეფშრიკ** ფხვიერი
d-epcar,დ-ეფცარ,,,,vt,,cʼnavs,"წვნა (წნავს), ქსელვა; ქსოვა; მოყოლა (ყვება, მოჰყვება)","plait, weave, spin; recount, tell","плести, вязать, ткать; рассказывать","**დ-ეფცარ** გრდმ. 1. წვნა (წნავს), ქსელვა; ქსოვა სრ. დ-ოფცარ 2. მოყოლა (ყვება, მოჰყვება)"
"d- epcujnĭ, depcaⁿ decʼinĭ, d-ek-d-ujni","დ- ეფცუჲნი̆, დეფცაჼ დეწინი̆, დ-ექ-დ-უჲნი",,,,,,zvarakʼi,,,,"**დ- ეფცუჲნი̆, დეფცაჼ დეწინი̆, დ-ექ-დ-უჲნი** მიმღ. შესაწირავი, შესავედრებელი (ზვარაკი)"
d-epxar,დ-ეფხარ,,,,vt,,icvams,ჩაცმა (იცვამს),to put on sth,"одевать (на себя), надевать",**დ-ეფხარ** გრდმ. ჩაცმა (იცვამს);სრ. დ-ოფხარ
d-epx-d-alar,დ-ეფხ-დ-ალარ,,,,vi,,cxeldeba,"გაცხელება (ცხელდება), [გა]თბობა","be heated, get warm","греться, согреваться","**დ-ეფხ-დ-ალარ** გრდუვ. გაცხელება (ცხელდება), [გა]თბობა*;* სრ. დ-ოფხ-დ-ალარ1"
d-epx-d-ar,დ-ეფხ-დ-არ,,,,,,acxelebs,,,,**დ-ეფხ-დ-არ** გრდმ. [გა]ცხელება (აცხელებს); სრ. დ- ოფხ-დ-არ1
d-ekar,დ-ექარ,,,,vt,,"daiʒaxebs, dauʒaxebs","დაძახება (დაიძახებს, დაუძახებს), დაყვირება","call, summon","позвать, крикнуть","**დ-ექარ** გრდმ. დაძახება (დაიძახებს, დაუძახებს), დაყვირება; უსრ. ჴექარ"
d-ek-d-ar,დ-ექ-დ-არ,,,,,,daaʒaxebinebs,,,,**დ-ექ-დ-არ** გრდმ. 1. დაძახება (დააძახებინებს) დაყვირებინება 2. შევედრება (შეავედრებს) აღთქმა (აღუთქვამს)
"d-ek-d-ujnĭ, d-ek-d-aⁿ d-ecʼinĭ","დ-ექ-დ-უჲნი̆, დ-ექ-დ-აჼ დ-ეწინი̆",,,,,,dasatkmeli,,,,"**დ-ექ-დ-უჲნი̆, დ-ექ-დ-აჼ დ-ეწინი̆** მიმღ. შესაწირავი (დასათქმელი), შესავედრებელი"
d-ekinŏ,დ-ექინო̆,,,,,,,,,,**დ-ექინო̆** მიმღ. დაძახებული
eğar,ეღარ,,,,vi,,[mo]išleba,მოშლა ([მო]იშლება),"break down, collapse","(ис)портиться, расстроиться",**ეღარ** გრდუვ. მოშლა ([მო]იშლება)
d-eqʼar,დ-ეყარ,,,,vt,,gaqʼops,გაყოფა (გაყოფს),"divide, separate, split",разделить,**დ-ეყარ** გრდმ. გაყოფა (გაყოფს)
d-eqʼitar,დ-ეყითარ,,,,,,,,,,**დ-ეყითარ** გრდმ. გაყოფინება; უსრ. აყითარ
d-eqʼinŏ,დ-ეყინო̆,,,,,,,,,,**დ-ეყინო̆** მიმღ. გაყოფილი
d-eqʼujnĭ,დ-ეყუჲნი̆,,,,,,,,,,"**დ-ეყუჲნი̆** მიმღ. 1. გამყოფი, 2. გასაყოფი"
d-ešar,დ-ეშარ,,,,vt,,dahpʼirdeba,დაპირება (დაჰპირდება),promise,обещать,**დ-ეშარ** გრდმ. 1. დაპირება (დაჰპირდება);შდრ. დეშარ
ešar,ეშარ,,,,vi,,akʼlia [da]akʼldeba,"კლება (აკლია [და]აკლდება), დაცოტავება, მოკლება, ნაკლებობა",decrease; lack,"недоставать, не хватать, не хватить","**ეშარ** გრდუვ. კლება (აკლია [და]აკლდება), დაცოტავება, მოკლება, ნაკლებობა"
ešar-d-alar,ეშარ-დ-ალარ,,,,vi,,[ga]giždeba,გაგიჟება ([გა]გიჟება),go crazy,"сойти, сходить с ума",**ეშარ-დ-ალარ** გრდუვ. გაგიჟება ([გა]გიჟდება)
ešar-d-ar,ეშარ-დ-არ,,,,,,[ga]agižebs,,,,**ეშარ-დ-არ** გრდმ. გაგიჟება ([გა]აგიჟებს)
eš-d-ar,ეშ-დ-არ,,,,,,[da]akʼlebs,,,,"**ეშ-დ-არ** გრდმ. [და]კლება ([და]აკლებს), შემცირება, დაცოტავება"
eš-d-ijenŏ,ეშ-დ-იჲენო̆,,,,,,,,,,**ეშ-დ-იჲენო̆** მიმღ. დაკლებული
ešenŏ,ეშენო̆,,,,,,,,,,**ეშენო̆** მიმღ. დანაკლისი
ešmaⁿ doⁿ,ეშმაჼ დოჼ,b d,,,,,,,,,**ეშმაჼ დოჼ** *ბ დ* ეშმაკოცხენა
ešman cʼe,ეშმან წე,j j,,,,,,,,,**ეშმან წე** *ჲ ჲ* ჭიაკოკონა (ანთებდნენ დიდ ოთხშაბათს და ახტებოდნენ ხოლმე)
ešmaɁŏ,ეშმაჸო̆,d d,D,GE,n,,ešmaɁuj; ešmaɁujⁿ,ეშმაკი,devil,черт,**ეშმაჸო̆** *დ დ* (ეშმაჸუჲ; ეშმაჸუჲჼ) ეშმაკი
ešnŏ,ეშნო̆,,,,,,,,,,**ეშნო̆** უშნო; უხეირო
ešuš,ეშუშ,,,,,,,,,,"**ეშუშ** 1. ნაკლული, ნაკლები 2. სულელი"
ešučŏ goneⁿ,ეშუჩო̆ გონეჼ,,,,,,,,,,"**ეშუჩო̆ გონეჼ** ჭკუანაკლები, ჭკუათხელი"
ešujnĭ,ეშუჲნი̆,,,,,,,,,,"**ეშუჲნი̆** მიმღ. ნაკლული, ნაკლები"
eššinŏ,ეშშინო̆,,,,ptcp,,,"გიჟი, შეშლილი, ჭკუანაკლები","cray, stupid","слабоумный, сумасшедший","**ეშშინო̆** მიმღ. გიჟი, შეშლილი, ჭკუანაკლები"
ecar,ეცარ,,,,vt,,aiğebs,აღება (აიღებს); ყიდვა (იყიდის),take; buy,взять; купить,**ეცარ** გრდმ. 1. აღება (აიღებს)2. ყიდვა (იყიდის);უსრ. ეგ-დ-არ.
ec-d-alar,ეც-დ-ალარ,,,,vi,,mokʼurcxlavs,"მოკურცხვლა (მოკურცხლავს), გაქანება, უცბად მოწყვეტა ადგილიდან; გაფრენა, აფრენა","scarper, scram, rush off, dash from the spot; fly off, fly up","пуститься бежать; полететь, взлететь","**ეც-დ-ალარ** 1. მოკურცხვლა (მოკურცხლავს), გაქანება, უცბად მოწყვეტა ადგილიდან 2. გაფრენა, აფრენა"
ecitar,ეცითარ,,,,,,,,,,**ეცითარ** გრდმ. 1. აღებინება 2. ყიდვინება
d-ecʼar,დ-ეწარ,d d,,,,,,,,,"**დ-ეწარ** *დ დ* სატრფო, საყვარელი"
d-ecʼar,დ-ეწარ,,,,,,uqʼvars,,,,"**დ-ეწარ** გრდუვ. 1. სიყვარული (უყვარს), ნდომა 2. მეშველი ზმნა (ინფინიტივთან) უნდა"
d-ecʼ-d-ar,დ-ეწ-დ-არ,,,,vt,,"[še]aqʼvarebs, šeiqʼvarebs","[შე]ყვარება ([შე]აყვარებს, შეიყვარებს)","fall in love, make sb fall in love",заставить (по)любить,"**დ-ეწ-დ-არ**  გრდმ. [შე]ყვარება ([შე]აყვარებს, შეიყვარებს)"
d-ecʼeħ[ĕ],დ-ეწეჰ’[ე̆],,,,,,,,,,**დ-ეწეჰ’[ე̆]** ჩართ. სიტყვა გინდ[ა] შდრ. დ-ეწარ.
d-ecʼinĭ,დ-ეწინი̆,,,,,,,,,,"**დ-ეწინი̆** მიმღ. საყვარელი, სანდომი, საჭირო"
d-ecʼlajnĭ,დ-ეწლაჲნი̆,,,,,,,,,,"**დ-ეწლაჲნი̆** მიმღ. სანდომიანი, საყვარელი"
d-ečʼar,დ-ეჭარ,,,,vt,,čečavs,ჩეჩვა (ჩეჩავს),card (wool),чесать (шерсть),**დ-ეჭარ** გრდმ. ჩეჩვა (ჩეჩავს)
ečʼv,ეჭვ,j j,J,GE,n,,ečʼvi; ečʼveⁿ,ეჭვი,"suspicion, doubt",подозрение,**ეჭვ** *ჲ ჲ* (ეჭვი; ეჭვეჼ) ეჭვი
d-ečʼinŏ,დ-ეჭინო̆,,,,,,,,,,**დ-ეჭინო̆** მიმღ. დაჩეჩილი
d-exar1,დ-ეხარ1,,,,vt,,stxovs,"თხოვნა (სთხოვს); ქალის თხოვა, დანიშვნა",ask; marry,просить; свататься,"**დ-ეხარ1**გრდმ. თხოვნა (სთხოვს)2. ქალის თხოვნა, დანიშვნა"
d-exar2,დ-ეხარ2,,,,vi,,ingreva,ნგრევა (ინგრევა); ცვეთა (ცვდება); დაჩლუნგება," be destroyed; get blunt, be worn out","рушиться; нашиваться, тупиться",**დ-ეხარ2** გრდუვ. 1. ნგრევა (ინგრევა)2. ცვეთა (ცვდება); დაჩლუნგება; *სრ. დ-ოხარ*
d-ex-d-ar grd.,დ-ეხ-დ-არ გრდ.,,,,,,angrevs,,,,"**დ-ეხ-დ-არ გრდ.** 1. ნგრევა (ანგრევს), შლა 2. ცვეთა (ცვეთს), დაჩლუნგება; სრ. დ-ოხ-დ-არ."
exkʼar1,ეხკარ1,,,,vt,,txris,თხრა (თხრის),dig,"копать, рыть",**ეხკარ1**გრდმ. თხრა (თხრის)
d-exkʼar1,დ-ეხკარ1,,,,vt,,miabams,"დაბმა, მიბმა (მიაბამს); შეკვრა (შეკრავს), მოკვრა (პირისა)",tie (up),,"**დ-ეხკარ1**გრდმ. 1. დაბმა, მიბმა (მიაბამს)2. შეკვრა (შეკრავს), მოკვრა (პირისა)*;* უსრ. ახკარ"
d-exkʼar2,დ-ეხკარ2,,,,vt,,qʼidis,გაყიდვა (ყიდის),sell,продавать,**დ-ეხკარ2** გრდმ. გაყიდვა (ყიდის);სრ. დ-ოხკარ
exkʼar2,ეხკარ2,,,,vt,,acvams,,pl,,"**ეხკარ2**გრდმ. მრ. აცმა (აცვამს), ასხმა"
d-exkʼar3,დ-ეხკარ3,, ,,vt,,acʼqʼobs,,pl,,"**დ-ეხკარ3** გრდმ. 1. დაწყობა (აწყობს), დალაგება, დება 2. ჩაწყობა (აწყობს)"
d-exkʼ-d-alar1,დ-ეხკ-დ-ალარ1,,,,,,miebmeba,,,,"**დ-ეხკ-დ-ალარ1**გრდუვ. 1. მიბმა (მიებმება), დაბმა (დაებმება);2. პირობის შეკვრა, პირობის დადება; უსრ. ახკ-დ-ალარ"
d-exkʼ-d-alar2,დ-ეხკ-დ-ალარ2,,,,,,iqʼideba,,,,**დ-ეხკ-დ-ალარ2** გრდუვ. გაყიდვა (იყიდება); სრ. დ-ო. ხკ-დ-ალარ.
exkʼ-d-ar,ეხკ-დ-არ,,,,vt,,agebs,,pl,,**ეხკ-დ-არ** მრ. გრდმ. აგება (აგებს) აცმა; შდრ. ებლარ
d-exkʼ-d-ečar,დ-ეხკ-დ-ეჩარ,,,,,,šekʼravs,,,,"**დ-ეხკ-დ-ეჩარ**  გრდმ. დაუდევრად შეკვრა (შეკრავს), დაბმა"
d-exkʼ-d-ečinŏ,დ-ეხკ-დ-ეჩინო̆,,,,,,,,,,"**დ-ეხკ-დ-ეჩინო̆** მიმღ. დაუდევრად შეკრული, დაბმული"
d-exkʼujnĭ,დ-ეხკუჲნი̆,,,,,,,,,,**დ-ეხკუჲნი̆** მიმღ. გამყიდველი
eǯip,ეჯიფ,v b,D,GE,n,,eǯipi; eǯipeⁿ,ეჯიბი,best man,шафер жениха,**ეჯიფ** *ვ ბ* (ეჯიფი; ეჯიფეჼ) ეჯიბი *(ბერთლ. და სხვ.)*
eħateɁ,ეჰ’ათეჸ,,,,,,,,,,**ეჰ’ათეჸ** ზმნს. მაშინვე
eħatluⁿ,ეჰ’ათლუჼ,,,,,,,,,,**ეჰ’ათლუჼ** მაშინდელი
eħatĕ,ეჰ’ათე̆,,,,adv,,,მაშინ,then,тогда,**ეჰ’ათე̆** მაშინ
d-eħar,დ-ეჰ’არ,,,,vt,,,მოპარვა,steal,"украсть, своровать",**დ-ეჰ’არ** გრდმ. მოპარვა უსრ. აჰ’არ1
d-eħ-d-alar,დ-ეჰ’-დ-ალარ,,,,,,miepʼareba,,,,"**დ-ეჰ’-დ-ალარ** გრდუვ. მიპარვა (მიეპარება); გაპარვა, შეპარვა უსრ. აჰ’-დ-ალარ."
d-eħ-d-ar,დ-ეჰ’-დ-არ,,,,,,šeapʼarebs,,,,"**დ-ეჰ’-დ-არ** გრდმ. შეპარება (შეაპარებს), გაპარება უსრ. აჰ’-დ-არ"
eq,ეჴ,,,,pro dem,,,,"(proximal demonstrative pronoun, oblique form)",,"**ეჴ** ამ იხმარება მსაზღვრელად ე[ჰ’] მითთებითი ნაცვალსახელის მაგივრად ყველა ბრუნვაში, გარდა სახელობითისა"
d-eqar,დ-ეჴარ,,,,vt,,gadaixdis,გადახდა (გადაიხდის),pay,"выплатить, уплатить",**დ-ეჴარ** გრდმ. გადახდა (გადაიხდის)*; უსრ. აჴარ*
d-equjnĭ,დ-ეჴუჲნი̆,,,,,,,,,,**დ-ეჴუჲნი̆** მიმღ. 1. გადასახდელი 2. გადამხდელი
eqqar,ეჴჴარ,,,,vi,,gadaxtʼeba,,pf,,**ეჴჴარ** გრდუვ. გადახტომა (გადახტება)2. მოგლეჯა (მოეგლიჯა)*; უსრ. ლეთხარ*
eqq-d-ar,ეჴჴ-დ-არ,,,,,,amoigdebs,,,,"**ეჴჴ-დ-არ** გრდმ. 1. გადახტუნება; გაგდება 2. მოწყვეტა, მოგლეჯა, ამოგლეჯა 3. ამოგდება (ამოიგდებს), ღრძობა უსრ. ლეთხდარ."
eqq-d-itar,ეჴჴ-დ-ითარ,,,,,,gaagdebinebs,,,,**ეჴჴ-დ-ითარ** გრდმ. გაგდებინება (გააგდებინებს)
eqqeqqeš,ეჴჴეჴჴეშ,,,,,,,,,,**ეჴჴეჴჴეშ** ხტომა-ხტომით
=eɁ [=aɁ],=ეჸ [=აჸ],,,,,,,,,,**=ეჸ [=აჸ]** =ვე ნაწილაკი *შ* **ჰ’ათეჸ** - მაშინვე; **შეირვანაჸ** - თითონვე
d-eɁenŏ,დ-ეჸენო̆,,,,ptcp,,,"მოსული; შემოსული, მოწეული; მოსული, წარმოსადეგი; მოტანილი, წამოღებული",(having) come; ripened; ,"пришедший; поспевший, спелый; рослый, видный; принесенный","**დ-ეჸენო̆** მიმღ. 1. მოსული 2. შემოსული, მოწეული 3. მოსული, 4. მოტანილი, წამოღებული"
vad,ვად,j j,J,GE,n,,vadeⁿ,ვადა,"time, term, period",срок,**ვად** *ჲ ჲ* (ვადეჼ) ვადა
vadar-d-alar,ვადარ-დ-ალარ,,,,vi,,[ga]arǯdleba,"გაარჯლება ([გა]არჯლდება); გაანჩხლება, გაცხარება, გაავება, გაჯავრება","get angry, get irritated, become vicious","бередиться; вспылить, злиться","**ვადარ-დ-ალარ** გრდუვ. 1. გაარჯლება ([გა]არჯდლება)2. გაანჩხლება, გაცხარება, გაავება, გაჯავრება"
vadar-d-ar,ვადარ-დ-არ,,,,vt,,[gauarǯlebs,გაარჯლება ([გა]უარჯლებს); გაჯავრება ([გა]აჯავრებს),"anger, irritate","бередить, (разо)злить",**ვადარ-დ-არ** გრდმ. გაარჯლება ([გაუარჯლებს); გაჯავრება ([გა]აჯავრებს)
vadajcʼin,ვადაჲწინ,,,,,,,,,,**ვადაჲწინ**უვადო
vadolcʼiⁿ,ვადოლწიჼ,,,,,,,,,,"**ვადოლწიჼ** უვნებელი, უწყინარი"
vadoⁿ,ვადოჼ,,,,a,,,"მავნე, მაწყინარი; უკმეხი, მკაცრი","harmful, bad; sever, gruff","вредный; грубый, суровый","**ვადოჼ** 1. მავნე, მაწყინარი 2. უკმეხი, მკაცრი **ვადოშ ხილ’არ** დაღონებით ყოფნა, დადარდიანება"
vaz,ვაზ,b d,B,GE,n,,vazi; vazeⁿ,ვაზი,vine,лоза,**ვაზ** *ბ დ* (ვაზი; ვაზეჼ) ვაზი
val,ვალ,d d,,GE,n,,vali; valeⁿ,ვალი,debt,долг,**ვალ** *დ დ* (ვალი; ვალეჼ) ვალი **ვალ დალინი̆** *მიმღ. მოვალე (ვალის მჭერი);* **ვალ დილლარ** გრდმ. დავალება (დაავალებს); **ვალ დილდალარ** გრდუვ. ვალის დადება (ვალი დაედება); **ვალი დიხკდალარ** გრდმ. ვალების დადება
valdebul,ვალდებულ,,,,,,,,,,**ვალდებულ** ვალდებული
valingeɁ,ვალინგეჸ,,,,,,mkʼvdari,,,,**ვალინგეჸ** *მეტად დონდლო (მკვდარი).*
važar,ვაჟარ,,,,n,,,,,,**ვაჟარ** მრ. იხ. ვაშო̆
važkʼac,ვაჟკაც,v b,M,GE,n,,važkʼaceⁿ,ვაჟკაცი,"grown man, good man","молодец, храбрец",**ვაჟკაც** *ვ ბ* (ვაჟკაცეჼ) ვაჟკაცი
važkʼacob,ვაჟკაცობ,j,,,,,,,,,**ვაჟკაცობ** *ჲ* ვაჟკაცობა
varam,ვარამ,b,B,GE,n,,,ვარამი,"sorrow, melancholy","горе, беда",**ვარამ** *ბ* ვარამი
varang,ვარანგ,j j,J,,n,,varangi; varangeⁿ,მხარი,shoulder,плечо,**ვარანგ** *ჲ ჲ* (ვარანგი; ვარანგეჼ) მხარი
varaud,ვარაუდ,j,J,GE,n,,,ვარაუდი,"assumption, guess",предположение,**ვარაუდ** *ჲ* ვარაუდი
varbi,ვარბი,,,,n,,,,,,**ვარბი** მრ. იხ. ვირ
vard,ვარდ,d d,D,GE,n,,vardi; vardeⁿ,ვარდი,rose,роза,**ვარდ** *დ დ* (ვარდი; ვარდეჼ) ვარდი
varcl,ვარცლ,b d,B,GE,n,,varcli; varcleⁿ,ვარცლი,wooden kneading trough,"корыто, лоток",**ვარცლ** *ბ დ* (ვარცლი; ვარცლეჼ) ვარცლი
vaser,ვასერ,,M,,n,,,"მამაკაცი, კაცი; შინაური კაცი; ვინც ცხვარში არ დადის","man, men; kinsman; non-shepherd","мужчина, человек; близкий человек; мужчина, не занимающийся уходом за баранами",**ვასერ** მრ. იხ. სტაკ
vastʼ,ვასტ,d d,D,,n,,vastʼeⁿ,სერი,notch cut in cattle ears,"метка (на ушах овец, лошадей)",**ვასტ** *დ დ* (ვასტეჼ) სერი **ვასტ დარ** დასერვა (სერავს) სერის გაკეთება
vaš,ვაშ,,,,,,,,,,"**ვაშ** ნაცვალსახელური ძირი იხ. ვაშბაჼ, ვაშარ"
vaš[b]ar d-ar,ვაშ[ბ]არ დ-არ,,,,,,[da]xuravs,,,,"**ვაშ[ბ]არ დ-არ** გრდმ. დახურვა, ([და]ხურავს) ერთმანეთთან მიტანა"
"vašan, vašbaⁿ","ვაშან, ვაშბაჼ",,,,,,,,,,"**ვაშან, ვაშბაჼ** საურთიერთო ნაცვალსახელი 1.ერთმანეთი2. რთული ფუძის ან შესიტყვების შემადგენელი ნაწილი"
"vašar, vašbar","ვაშარ, ვაშბარ",,,,,,,,,,"**ვაშარ, ვაშბარ** ზმნს. რთული ზმნის, ან ზმნური შესიტყვების შემადგენელი ნაწილი"
vašajğeⁿ,ვაშაჲღეჼ,,,,,,,,,,"**ვაშაჲღეჼ** ძმური, ძმისებური"
vašban dar,ვაშბან დარ,,,,,,,,,,"**ვაშბან დარ** შერთვა, შეუღლება"
vašbar d-aɬ-d-a-lar,ვაშბარ დ-ალ’-დ-ა-ლარ,,,,,,šegrovdeba,,,,"**ვაშბარ დ-ალ’-დ-ა-ლარ** გრდუვ. ერთად მოწყდომა, მოსვლა, ერთად მოსკდომა, თავის მოყრა; **ვაშ[ბ]არ დ-ახარ**გრდუვ. შეგროვება (შეგროვდება); *შეყრა (ერთად მოსვლა)* **ვაშბარ დ-აჰ’არ**გრდუვ. ერთად მიტანა, შექუჩება, შეგროვება**ვაშ[ბ]არ დ-ი-კარ**გრდმ. 1)ერთად მიყვანა, შეერთება, შეყრა *2)* შერიგება"
vašbax aaxkʼar,ვაშბახ აახკარ,,,,,,ertmanets [gada]abams,,,,**ვაშბახ აახკარ** ვაშბახ ოხკარ გრდმ. ერთმანეთზე გადაბმა (ერთმანეთს [გადა]აბამს)
vašbax axkʼar,ვაშბახ ახკარ,,,,,,,,,,"**ვაშბახ ახკარ** გრდუვ. ერთმანეთს გადაკიდება, დაშუღლება, კინკლაობა"
vašbax d-axenŏ,ვაშბახ დ-ახენო̆,,,,,,,,,,**ვაშბახ დ-ახენო̆** მიმღ. დამდურებული
vašbax d-ettar,ვაშბახ დ-ეთთარ,,,,,,,,,,"**ვაშბახ დ-ეთთარ** გრდმ. ერთმანეთს მინარცხება, გარტყმა, ერთმანეთს შეხლა, შეხლა-შემოხლა, აღელვება, აწიოკება"
vašbax d-o-ttar,ვაშბახ დ-ო-თთარ,,,,,,"areva, aurevs",,,,"**ვაშბახ დ-ო-თთარ** გრდმ. ერთმანეთში არევა (არევა, აურევს), არევ-დარევა, ერთმანეთში შეხლა-შემოხლა, დაწიოკება"
vašbax d-ott-d-alar,ვაშბახ დ-ოთთ-დ-ალარ,,,,,,,,,,**ვაშბახ დ-ოთთ-დ-ალარ** გრდუვ. არევ-დარევა
vašbax d-ott-d-alar,ვაშბახ დ-ოთთ-დ-ალარ,,,,,,airev-daireva,,,,"**ვაშბახ დ-ოთთ-დ-ალარ** გრდუვ. ერთმანეთში არევ-დარევა (აირევ-დაირევა), ჩოჩქოლი, შეხლა-შემოხლა, აღელვება"
vašbax d-ocʼ-d-alar,ვაშბახ დ-ოწ-დ-ალარ,,,,,,,,,,**ვაშბახ დ-ოწ-დ-ალარ** გრდუვ. შეხორცება
vašbax d-oɬenŏ mimğ.,ვაშბახ დ-ოლ’ენო̆ მიმღ.,,,,,,,,,,**ვაშბახ დ-ოლ’ენო̆ მიმღ.** ერთმანეთს შეთვისებული
vašbax egar,ვაშბახ ეგარ,,,,,,ertmanetši aireva,,,,"**ვაშბახ ეგარ** გრდუვ. 1) ერთმანეთში არევა (ერთმანეთში აირევა), შერევა 2) არევ-დარევა, ჩხუბი"
vašbax eg-d-ar,ვაშბახ ეგ-დ-არ,,,,,,"ertmanetši garevs, gaurevs",,,,"**ვაშბახ ეგ-დ-არ** გრდმ. 1) ერთმანეთში გარევა (ერთმანეთში გარევს, გაურევს), შერევა, შეზავება (შეაზავებს)2) არევ-დარევა (აურევ-დაურევს), წაჩხუბება (წააჩხუბებს)"
vašbax nips-d-ar,ვაშბახ ნიფს-დ-არ,,,,,,"gaatanascʼorebs, gautanascʼorebs",,,,"**ვაშბახ ნიფს-დ-არ** გრდმ. ერთმანეთში გათანასწორება (გაათანასწორებს, გაუთანასწორებს), შეთანასწორება"
vašbax kakʼ-d-ar,ვაშბახ ქაკ-დ-არ,,,,,,aurevs,,,,"**ვაშბახ ქაკ-დ-არ** გრდმ. ერთმანეთში არევა, გადაქოთება (აურევს); არევ-დარევა"
vašbigŏ ħepsar,ვაშბიგო̆ ჰ’ეფსარ,,,,,,kal-važisa,,,,**ვაშბიგო̆ ჰ’ეფსარ** მრ. 1) ერთმანეთის წახედვა 2) ერთმანეთის ყურება (ქალ-ვაჟისა)
"vašbigŏ qeps-d-alar, vašbin qeps-d-alar","ვაშბიგო̆ ჴეფს-დ-ალარ, ვაშბინ ჴეფს-დ-ალარ",,,,,,,,,,"**ვაშბიგო̆ ჴეფს-დ-ალარ, ვაშბინ ჴეფს-დ-ალარ** გრდუვ. ერთმანეთს დატაკება, ერთმანეთს შეხლა, ერთმანეთის"
vašbinajnŏ,ვაშბინაჲნო̆,,,,,,,,,,"**ვაშბინაჲნო̆** ერთმანეთისათის, საერთმანეთო"
vašbicʼiⁿ,ვაშბიწიჼ,,,,,,,,,,**ვაშბიწიჼ** უერთმანეთოდ
vašlaɁŏ,ვაშლაჸო̆,v b,,,,,,,,,"**ვაშლაჸო̆** *ვ ბ* ძამია, ძამიკო"
vašlob,ვაშლობ,d d,,,,,,,,,"**ვაშლობ** *დ დ* ძმობა **ვაშლობ დარ** გრდმ. დაძმობილება, ძმად გაფიცვა **ვაშლობ ალ’ინო̆, ვაშლობ დიჲენო̆** *- მიმღ.* ძმადნაფიცი"
"vašmak, vašmaka[ħŏ]","ვაშმაქ, ვაშმაქა[ჰ’ო̆]",,,,,,d-oxkʼar...,,,,"**ვაშმაქ, ვაშმაქა[ჰ’ო̆]** ზმნს. ერთმანეთზე, ზედიზედ **ვაშმაქაჰ’ო̆ დ-ალ’არ (დ-ოხკარ...)** გრდმ. ერთმანეთზე, ბითუმად მიცემა (გაყიდვა...)"
vašŏ,ვაშო̆,v b,M,,n,,važar; vašeⁿ,ძმა,brother,брат,**ვაშო̆** *ვ ბ* (ვაჟარ; ვაშეჼ) ძმა
vačʼar,ვაჭარ,v b j d,M,GE,n,,vačʼri; vačʼreⁿ,ვაჭარი,merchant,"торговец, торговщица",**ვაჭარ** *ვ ბ ჲ დ* (ვაჭრი; ვაჭრეჼ) ვაჭარი
vaj1,ვაჲ1,,,,pro pers,,,ჩვენ,"we, (first person inclusive plural pronoun)",мы,**ვაჲ1**ინკლ. ნაცვალს. ჩვენ
vaj2,ვაჲ2,,,GE,interj,,,ვაი!,"woe, wow","ох, ой, увы","**ვაჲ2**შორისდ. ვაი! **ვაჲსოხ დარ** *გრდმ. ვალალი, გოდება*"
vajttlar/vejttlar,ვაჲთთლარ/ვეჲთთლარ,,,,,,alir.,,,,"**ვაჲთთლარ/ვეჲთთლარ** კარაქში მოხალული სიმინდის ფქვილი, ტრადიციული საჭმელი *(ალირ.)*"
vajiⁿ,ვაჲიჼ,,,,pro poss,,,ჩვენი,"our, (first person inclusive plural possessive pronoun)",наш,**ვაჲიჼ** ინკლ. კუთვ. ნაცვ. ჩვენი
vajraɁŏ,ვაჲრაჸო̆,d d,D,GE,n,,vajraɁuj; vajraɁujⁿ,ვარია,"pullet, hen not yet in lay",молодая курица,**ვაჲრაჸო̆** *დ დ* (ვაჲრაჸუჲ; ვაჲრაჸუჲჼ) ვარია
vajğeⁿ,ვაჲღეჼ,,,,,,e.i. tuši,,,,**ვაჲღეჼ** ჩვენებური (ე.ი. თუში) **ვაჲღეშ** ზმნს. ჩვენებურად (ე.ი. თუშურად).
vedr,ვედრ,d d,,,,,"vedri, vedruj; vedreⁿ",,,,"**ვედრ** *დ დ* (ვედრი, ვედრუჲ; ვედრეჼ) ვედრო"
veⁿ,ვეჼ,d d,D,,n,,veni; veneⁿ,ღვინო,wine,вино,"**ვეჼ** *დ დ* (ვენი; ვენეჼ) ღვინო **ვეჼ დეთთუჲნი̆** მიმღ. ღვინის დამსხმელი, მერიქიფე"
venaq,ვენაჴ,j j,J,GE,n,,venqi; venqeⁿ,ვენახი,vine,виноградник,**ვენაჴ** *ჲ ჲ* (ვენჴი; ვენჴეჼ)ვენახი
veneren,ვენერენ,,,,,,,,,,**ვენერენ**ღვინიანი
veraⁿ,ვერაჼ,,,GE,a,,,ვერანი,"abandoned, neglected, desolate","опустошенный, заброшенный, окаянный",**ვერაჼ** ვერანი
verx,ვერხ,d d,D,GE,n,,verxi; verxeⁿ,ვარხვი,pelican,пеликан,**ვერხ** *დ დ* (ვერხი; ვერხეჼ) ვარხვი
verxv,ვერხვ,d d,D,GE,n,,verxvi; verxveⁿ,ვერხვი,aspen,осина,**ვერხვ** *დ დ* (ვერხვი; ვერხვეჼ) ვერხვი
vepx[v],ვეფხ[ვ],d d,,,,,vepx[v]i; vepxeⁿ,,,,**ვეფხ[ვ]** *დ დ* (ვეფხ[ვ]ი; ვეფხეჼ) ვეფხვი
vekil,ვექილ,v b,M,GE,n,,vikli; vejkleⁿ,ვექილი,lawyer,адвокат,**ვექილ** *ვ ბ* (ვიქლი; ვეჲქლეჼ)ვექილი
veksil,ვექსილ,d d,D,GE,n,,,"ვექსილი, თამასუქი",promisory note,вексель,"**ვექსილ**  *დ დ* ვექსილი, თამასუქი"
veʒ,ვეძ,b d,B,GE; RU,n,,,ვეძა (მინერალური წყალი),"mineral water source, spa",ведза (минеральная вода),**ვეძ** *ბ დ* ვეძა (მინერალური წყალი)
veǯ,ვეჯ,j,J,GE,n,,veǯeⁿ,ავეჯი,furniture,"мебель, вещи",**ვეჯ** *ჲ* (ვეჯეჼ) ავეჯი
vir,ვირ,d d,D,GE,n,,varbi; vireⁿ,"ვირი, სახედარი",donkey,осел,"**ვირ** *დ დ* (ვარბი; ვირეჼ) ვირი, სახედარი"
virqʼančʼ,ვირყანჭ,d d,D,,n,,virqʼančʼi; virqʼančʼeⁿ,"ჭრიჭინა, კალია",cricket,"сверчок, кузнечик","**ვირყანჭ**  *დ დ* (ვირყანჭი; ვირყანჭეჼ) ჭრიჭინა, კალია"
vorlğeⁿ,ვორლღეჼ,,,,,,,,,,**ვორლღეჼ** მეშვიდე
vorɬ,ვორლ’,,,,num,,,შვიდი,seven,семь,**ვორლ’** შვიდი
voħ,ვოჰ’,v,M,,n,,,"ვაჟი, ვაჟიშვილი, ბიჭი","boy, son","мальчик,сын","**ვოჰ’** *ვ* (მრ. კნათი ბ; ვაჰ’იჼ) ვაჟი, ვაჟიშვილი, ბიჭი"
vojeɁ,ვოჲეჸ,,,,,,,,,,**ვოჲეჸ** იხ. ოჲეჸ
vum ax-d-ar,ვუმ ახ-დ-არ,,,,,,,,,,"**ვუმ ახ-დ-არ** გრდმ. გამოტყუება, დაცინცვლა"
vum,ვუმ,,,,pro neg,,,რამე,"something, thing",нечто,**ვუმ** რამე
vumaɁ,ვუმაჸ,,,,,,,,,,"**ვუმაჸ** განსაზღვრ. ნაცვ. სხვა ბრუნვებში ენაცვლება **ჰ’ამ** ფუძე ყველა, სულყველაფერი **ვუმაჸ ცჰ’ა და** სულ ერთია"
vuⁿ,ვუჼ,,,,pro interrog,,,"რატომ, რად","why, what",почему,"**ვუჼ**  კითხვ. ნაცვ. რატომ, რად"
vunax,ვუნახ,,,,,,,,,,**ვუნახ** რაღაც[ა]
vunda,ვუნდა,,,,,,,,,,**ვუნდა** კითხვ. ზმნს. რატომ? იხ. ვუჼ
vune,ვუნე,,,,,,,,,,**ვუნე** მიმართ. ნაცვალსახ. რაც
vuneleɁ,ვუნელეჸ,,,,,,,,,,"**ვუნელეჸ** რაგინდ, რაც გინდა"
vux,ვუხ,,,,pro interrog,,,კითხ. ნაცვ. სხვა ბრუნვებში ენცვლება სტან ფუძე,,,**ვუხ** კითხვ. ნაცვ. რა სხვა ბრუნვებში ენაცვლება სტენ ფუძე
vʕalaɁ,ვჵალაჸ,,,,adv,,ar,სრულიად (არ),completely (+ negation),"совсем (не), совершенно",**ვჵალაჸ** ზმნს. სრულიად (არ)
zad,ზად,j j,J,GE,n,,zadeⁿ,ზადი,fault,"недостаток, порок",**ზად** *ჲ ჲ* (ზადეჼ) ზადი
zadcʼiⁿ,ზადწიჼ,,,,,,,,,,**ზადწიჼ** უზადო
zavt,ზავთ,j,J,GE,n,,,"ზავთი, რიხი","bang, crash","смелость, апломб, угроза","**ზავთ** *ჲ* ზავთი, რიხი"
zavujtʼa,ზავუჲტა,j j,J,RU,n,,zavujtʼi,"ქარხანა, ფაბრიკა",factory,"завод, фабрика","**ზავუჲტა** *ჲ ჲ* (ზავუჲტი) ქარხანა, ფაბრიკა"
zazrbad-d-ar,ზაზრბად-დ-არ,,,GE,vt,,mouğerebs,მოღერება (მოუღერებს),aim at,нацеливаться,**ზაზრბად-დ-არ** გრდმ. მოღერება (მოუღერებს)
zakʼuškʼ,ზაკუშკ,d d,D,RU,n,,zakʼuškʼeⁿ,საუზმე,breakfast,закуска,**ზაკუშკ** *დ დ* (ზაკუშკეჼ) საუზმე
zar1,ზარ1,,D,GE,n,,zari; zareⁿ,ზარი,bell,колокол,**ზარ1**დ დ* (ზარი; ზარეჼ) ზარი
zar2,ზარ2,d d,D,,n,,zari; zareⁿ,ლასტი,"plaited cane, wicker",плетеные (из прутьев),**ზარ2** *დ დ* (ზარი; ზარეჼ) ლასტი
zaral,ზარალ,,J,GE,n,,zarleⁿ,ზარალი,loss,"убыток, ущерб, урон",**ზარალ** ჲ ჲ (ზარლეჼ) ზარალი
zarbazaⁿ,ზარბაზაჼ,j j,J,GE,n,,zarbazni; zarbazneⁿ,ზარბაზანი,cannon,пушка,**ზარბაზაჼ**  *ჲ ჲ* (ზარბაზნი; ზარბაზნეჼ) ზარბაზანი
zarvand,ზარვანდ,,D,GE,n,,zarvandeⁿ,"ზარავანდი, ძირმწარა",birthwort,кирказон,"**ზარვანდ** დ დ (ზარვანდეჼ) ზარავანდი, ძირმწარა *(ბალახოვანი მცენარეა)*"
zarlebad-d-alar,ზარლებად-დ-ალარ,,,GE,vi,,[da]zaraldeba,დაზარალება ([და]ზარალდება),suffer damage,(по)нести убытки,**ზარლებად-დ-ალარ** გრდუვ. დაზარალება ([და]ზარალდება)
zarlebad-d-ar,ზარლებად-დ-არ,,,,,,[da]azaralebs,,,,**ზარლებად-დ-არ** გრდმ. დაზარალება ([და]აზარალებს)
zarmac1,ზარმაც1,,,GE,a,,,ზარმაცი,lazy,ленивый,**ზარმაც1** ზარმაცი
zarmac2,ზარმაც2,,,GE,n,,,"აზარმაცი, ბერკეტი","lever, gear stick",рычаг,"**ზარმაც2**აზარმაცი, ბერკეტი"
"zarmajšŏ, zarnašŏ","ზარმაჲშო̆, ზარნაშო̆",d d,,,,,,,,,"**ზარმაჲშო̆, ზარნაშო̆** *დ დ* ზარნაშო, დიდი ბუ"
zarpuš,ზარფუშ,j j,J,GE,n,,,ზარფუში,metal lid,"медная крышка (водочного куба, котла)",**ზარფუშ** *ჲ ჲ* ზარფუში
zarxošat,ზარხოშათ,,,GE,adv,,,ზარხოშად,tipsily,"навеселе, немного выпивший",**ზარხოშათ** ზარხოშად
zarŏ,ზარო̆,j,J,,n,,zarujⁿ,მოცხვარი (როჭოს ყურძენა),currant,смородина,**ზარო̆** *ჲ* (ზარუჲჼ) მოცხარი (როჭოს ყურძენა)
zatʼtʼ-d-ar,ზატტ-დ-არ,,,,vt,,gapšekʼs pexs,გაფშეკა (გაფშეკს ფეხს),stiffen,"вытянуть, протянуть (ноги)",**ზატტ-დ-არ** გრდმ. გაფშეკა (გაფშეკს ფეხს) *უსრ. ზეტტ-დ-არ*
zak,ზაქ,d d,D,GE,n,,zaki; zakeⁿ,ზაქი,young buffalo,буйволенок,**ზაქ** *დ დ* (ზაქი; ზაქეჼ) ზაქი
zaqʼqʼ,ზაყყ,d d,D,,n,,zaqʼqʼni; zaqʼqʼeⁿ,ბზარი,"crack, split",трещина,**ზაყყ** *დ დ* (ზაყყნი; ზაყყეჼ)ბზარი
zaqʼqʼ dar,ზაყყ დარ,,,,,,,,,,"**ზაყყ დარ** *გრდმ. ჭრიჭინი, ჭრიალი*"
zaqʼqʼixar,ზაყყიხარ,,,,,,ibzareba,,,,**ზაყყიხარ** *გრდუვ. ბზარვა (იბზარება)*
zaxruma,ზახრუმა,,,GE; RU,interj,,,ზაჰრუმა,drop dead!,захрума (ругательство),**ზახრუმა** შორისდ. ზაჰრუმა
zaŭmblakʼ,ზაუ̆მბლაკ,j j,J,GE,n,,,ზამბულაკი,falconet,фильконет,**ზაუ̆მბლაკ** *ჲ ჲ* ზამბულაკი
zajdveⁿ,ზაჲდვეჼ,,,,,,,,,,**ზაჲდვეჼ** ზადიანი
zajvteⁿ,ზაჲვთეჼ,,,,,,,,,,"**ზაჲვთეჼ** ზავთიანი, რიხიანი"
zedaš,ზედაშ,d d,D,GE,n,,,ზედაშე,communion wine,церковное вино,**ზედაშ** *დ დ* ზედაშე
zedgan,ზედგან,,,,,,zedgni; zedgneⁿ,,,,**ზედგან**დ დ* (ზედგნი; ზედგნეჼ) ზედადგარი
zet,ზეთ,d d,D,GE,n,,,ზეთი,oil,масло (растительное),**ზეთ** *დ დ* ზეთი
zempʼad-d-ar,ზემპად-დ-არ,,,GE,vt,,zepʼavs,"ზეპვა (ზეპავს), ტკეპნა; ზეპვა, მაგრად ცემა","tamp, beat hard","трамбовать, набивать; лупить","**ზემპად-დ-არ** გრდმ. 1. ზეპვა (ზეპავს), ტკეპნა 2. ზეპვა, მაგრად ცემა"
zepʼirat,ზეპირათ,,,GE,adv,,,ზეპირად,by heart; orally,"наизусть, устно",**ზეპირათ** ზმნს. ზეპირად
zetʼtʼ-d-ar,ზეტტ-დ-არ,,,,vt,,,,,,**ზეტტ-დ-არ** იხ. ზეტტ-დ-არ
zecʼar,ზეწარ,d d,D,GE,n,,zecʼri; zecʼreⁿ,ზეწარი,bedspread,простыня,**ზეწარ** *დ დ* (ზეწრი; ზეწრეჼ) ზეწარი
zvar,ზვარ,j j,J,GE,n,,zvari; zvareⁿ,ზვარი,large vinyard,большой виноградник,**ზვარ** *ჲ ჲ* (ზვარი; ზვარეჼ)ზვარი
zitev,ზითევ,j j,J,GE,n,,zitveⁿ,მზითევი,dowry,приданое,**ზითევ** *ჲ ჲ* (ზითვეჼ) მზითევი
zitvecʼiⁿ,ზითვეწიჼ,,,,,,,,,,**ზითვეწიჼ**  უმზითვო
zikʼ,ზიკ,,J,GE,n,,zikʼeⁿ,"არშია, ზიკი","ribbon, border","лента, кайма, отторочка","**ზიკ** (ზიკეჼ) არშია, ზიკი"
zirbad-d-ar,ზირბად-დ-არ,,,GE,vt,,,ზიარება,take part (in communion),причастить,**ზირბად-დ-არ** გრდმ. ზიარება
znevad-d-ar,ზნევად-დ-არ,,,GE,vt,,azianebs,"დაზიანება (აზიანებს), ზნევა","damage, harm",вредить,"**ზნევად-დ-არ** გრდმ. დაზიანება (აზიანებს), ზნევა"
zod,ზოდ,j j,J,GE,n,,zodi; zodeⁿ,ზოდი,"bar, block",слиток,**ზოდ** *ჲ ჲ* (ზოდი; ზოდეჼ)ზოდი
zokʼŏ,ზოკო̆,j j,J,GE,n,,zokʼuj; zokʼujⁿ,სოკო,mushroom,гриб,**ზოკო̆** *ჲ ჲ* (ზოკუჲ; ზოკუჲჼ)სოკო
zol,ზოლ,j j,J,GE,n,,zoli; zoleⁿ,ზოლი,"stripe, band, strip",полоса,**ზოლ** *ჲ ჲ* (ზოლი; ზოლეჼ)ზოლი
zolaren,ზოლარენ,,,,,,,,,,**ზოლარენ**ზოლებიანი
zonar,ზონარ,j j,J,GE,n,,zonri; zonreⁿ,"ზონარი, ყაითანი",shoelace,шнурок,"**ზონარ** *ჲ ჲ* (ზონრი; ზონრეჼ) ზონარი, ყაითანი"
zoraⁿ,ზორაჼ,,,Turk.,a,,,"გულადი, მამაცი, უშიშარი; მკაცრი, ფხიანი, ფიცხი","bold, brave; severe, harsh, aweful","храбрый, бесстрашный, строгий, горячий, вспыльчивый","**ზორაჼ** გულადი, მამაცი, უშიშარი; მკაცრი, ფხიანი, ფიცხი"
zorajšĭ,ზორაჲში̆,,,,,,,,,,"**ზორაჲში̆** ზმნს. ღონივრად, ძლიერად"
zor-d-ar,ზორ-დ-არ,,,,,,gaaguladebs,,,,"**ზორ-დ-არ** გრდმ. გაგულადება (გააგულადებს), გაყოჩაღება"
zorna,ზორნა,d,,,,,,,,,"**ზორნა** *დ* საზარლობა, საშინელება"
zorol,ზოროლ,j j,,,,,,,,,"**ზოროლ** *ჲ ჲ* გულადობა, მამაცობა, გამბედაობა, მხნეობა; ფხიანობა; სიფიცხე, სიმკაცრე"
zortʼ,ზორტ,d d,D,GE,n,,zortʼeⁿ,ზორტი,"strip on garment, braid, tape",тесьма,"**ზორტ** *დ დ* (ზორტეჼ) ზორტი, ზონარი"
zok,ზოქ,j j,J,,n,,zoki; zokeⁿ,ნისკარტი,beak,клюв,**ზოქ** *ჲ ჲ* (ზოქი; ზოქეჼ) ნისკარტი
zok laqiš leqjar,ზოქ ლაჴიშ ლეჴჲარ,,,,,,niskʼartʼis kneva,,,,**ზოქ ლაჴიშ ლეჴჲარ** *გრდმ. ცხვირის მაღლა აწევს;* **ზოქ ლესტჲარ** *გრდმ. ყბედობა (ნისკარტის ქნევა)*
zrinad-d-alar,ზრინად-დ-ალარ,,,GE,vi,,,ზმუილი,low (of cows),мычать,**ზრინად-დ-ალარ** გრდუვ. *ზმუილი;*  სრ. დაზრინად-დალარ
zu,ზუ,,,,,,ekspʼ.,,,,**ზუ** ფაფარი *(ექსპ.)*
"zuz aɬar, zuz bar","ზუზ ალ’არ, ზუზ ბარ",,,,,,,,,,"**ზუზ ალ’არ, ზუზ ბარ** *გრდმ. ნაღვლიანი ღიღინის თქმა*"
zuz,ზუზ,b d,B,,n,,,სევდიანი ღიღინი,"quiet singing, sad singing","тихое, грустное пение",**ზუზ** *ბ დ* სევდიანი ღიღინი
zuzao,ზუზაო,,,GE,adv,,,"ზუზად, ძალიან ცოტა",very little,очень мало,"**ზუზაო** ზმნს. ზუზად, ძალიან ცოტა"
zurgel1,ზურგელ1,,J,GE,n,,zurgleⁿ,ხერხემალი,spine,позвоночник,**ზურგელ1**ჲ ჲ* (ზურგლეჼ) ხერხემალი
zurgel2,ზურგელ2,,J,GE,n,,,ზურგიელი,smoked sturgeon,балык,**ზურგელ2**ჲ ჲ* ზურგიელი
zurgleⁿ ʒol,ზურგლეჼ ძოლ,,,,,,,,,,"**ზურგლეჼ ძოლ** *ხერხემლის ძვალი, მალა*"
zurⁿ,ზურჼ,j j,,,,,zurnajⁿ,,,,**ზურჼ** *ჲ ჲ* (ზურნაჲჼ) ზურნა
zğaŭ,ზღაუ̆,,,,,,ekspʼ.,,,,**ზღაუ̆** გომურში შემაღლებული ადგილი ძროხისთვის საკვების დასაყრელად *(ექსპ.)*
zğva,ზღვა,j j,J,GE,n,,zğveš; zğvajⁿ,ზღვა,sea,море,**ზღვა** *ჲ ჲ* (ზღვეშ; ზღვაჲჼ) ზღვა
zğven1,ზღვენ1,j j,,,,,zğveneⁿ,,,,**ზღვენ1** *ჲ ჲ* (ზღვენეჼ) სხვენი; ჭერი
zğven2,ზღვენ2,j j,,,,,zğveneⁿ,,,,**ზღვენ2** *ჲ ჲ* (ზღვენეჼ) ძღვენი
tabax,თაბახ,d d,D,GE,n,,tabxi; tabxeⁿ,თაბახი (საწერი ქაღალდის ფურცელი),sheet of paper,лист,**თაბახ** *დ დ* (თაბხი; თაბხეჼ)თაბახი (საწერი ქაღალდის ფურცელი)
tabit,თაბით,,,,adv,,,"ალბათ, მგონი",probably,"вероятно, кажется","**თაბით** ალბათ, მგონი"
tabcʼ,თაბწ,d d,D,,n,,tabcʼi; tabcʼeⁿ,შუბი,"spear, javelin","копье, пика",**თაბწ** *დ დ* (თაბწი; თაბწეჼ)შუბი
tabcʼoren,თაბწორენ,,,,,,,,,,"**თაბწორენ**შუბიანი, შუბოსანი"
tagar,თაგარ,,,,vi stat,,uxdeba,მოხდენა (უხდება),"suit, go well",идти (идет платье),**თაგარ** გრდუვ. სტატ. მოხდენა (უხდება)
tag-d-alar,თაგ-დ-ალარ,,,,,,gakʼetdeba,,,,**თაგ-დ-ალარ** გრდუვ. 1. გაკეთება (გაკეთდება)2. გალამაზება (გალამაზდება);უსრ. თეგ-დ-ა-ლარ
tag-d-ar,თაგ-დ-არ,,,,,,gaakʼetebs,,,,**თაგ-დ-არ** გრდმ. გაკეთება (გააკეთებს);უსრ. თეგ-დ-არ
tag-d-ijenŏ,თაგ-დ-იჲენო̆,,,,,,,,,,"**თაგ-დ-იჲენო̆** 1. გაკეთებული, ნაკეთები 2. გამკეთებელი, ის, ვინც გააკეთა"
tag-d-ujnĭ,თაგ-დ-უჲნი̆,,,,,,,,,,**თაგ-დ-უჲნი̆** მიმღ. 1. გასაკეთებელი 2. გამკეთებელი
taginĭ,თაგინი̆,,,,,,,,,,"**თაგინი̆** შესაფერი, საკადრისი"
tagsag-d-ar,თაგსაგ-დ-არ,,,,vt,,zereled gaakʼetebs,"ზერელედ გაკეთება (ზერელედ გააკეთებს), დაუდევრად გაკეთება","do superficially, do carelessly ","кое-как сделать, смастерить",**თაგსაგ-დ-არ** გრდმ. ზერელედ გაკეთება (ზერელედ გააკეთებს) დაუდევრად უსრ. თეგსეგ-დ-არ
taguš,თაგუშ,,,,,,,,,,"**თაგუშ** მოხდენით, ლამაზად, მშვენივრად"
tagujnĭ,თაგუჲნი̆,,,,,,,,,,"**თაგუჲნი̆** კოხტა, მოხდენილი, ეშხიანი"
tavad,თავად,v b,M,GE,n,,tavdi; tavdeⁿ,თავადი,prince,князь,**თავად** *ვ ბ* (თავდი; თავდეჼ)თავადი
tavdabal,თავდაბალ,,,GE,a,,,თავმდაბალი,"humble, modest",скромный,**თავდაბალ** თავმდაბალი
tavzebad-d-ar,თავზებად-დ-არ,,,GE,vt,,šestavazebs,"შეთავაზება (შესთავაზებს), მირთმევა","offer, present","предлагать, преподносить","**თავზებად-დ-არ** გრდმ. შეთავაზება (შესთავაზებს), მირთმევა"
tavtav,თავთავ,b d,B,GE,n,,tavtavi; tavtaveⁿ,თავთავი,ear (of wheat/corn),колос,**თავთავ** *ბ დ* (თავთავი; თავთავეჼ) თავთავი
tavtux,თავთუხ,b d,B,GE,n,,,თავთუხი,durum wheat,особый вид пшеницы,**თავთუხ** *ბ დ* თავთუხი
tavl,თავლ,d d,D,GE,n,,tavli; tavleⁿ,"თავლა, საჯინიბო",horse's stable,конюшня,"**თავლ**  *დ დ* (თავლი; თავლეჼ) თავლა, საჯინიბო"
tataⁿ,თათაჼ,,J,,n,,,"ხმაური, ხმა, ხმიანობა","noise, sound, voice","шум, голос, звук","**თათაჼ**  ხმაური, ხმა, ხმიანობა"
tataⁿ javjitar,თათაჼ ჲავჲითარ,,,,,,xmas daakʼargvinebs,,,,"**თათაჼ ჲავჲითარ** *ხმის გაკმენდინება (ხმას დააკარგვინებს)* **თათაჼ ჲაჴარ, თათაჼ ჲახარ** *დახმაურება, ხმის ამოღება (ხმას ამოიღებს)*"
tatt,თათთ,d d,D,,n,,tatteⁿ,ცირცელი,"rowan, mountain ash",рябина,**თათთ** *დ დ* (თათთეჼ) ცირცელი
tatt-d-alar,თათთ-დ-ალარ,,,,vi,,miicʼeva,"მიწევა (მიიწევა), მიჩოჩება","be moved, dragged","подвинуться, придвинуться","**თათთ-დ-ალარ** გრდუვ. მიწევა (მიიწევა), მიჩოჩება"
tatt-d-ar,თათთ-დ-არ,,,,,,miscʼevs,,,,**თათთ-დ-არ** გრდმ. მიწევა (მისწევს) *უსრ. თეთთ-დ-არ*
tatraɁŏ,თათრაჸო̆,d d,D,GE,n,,tatraqujⁿ,თათარა,boiled grape juice thickened with wheat flour,густой кисель из виноградного сока и муки,**თათრაჸო̆** *დ დ* (თათრაჴუჲჼ) თათარა
tatriv,თათრივ,v,M,GE,n,,tatriveⁿ,თათარი,"Azeri, Turk, Tatar",татарин,**თათრივ** *ვ* (თათრივეჼ) თათარი
takʼar,თაკარ,,,,vt,,daakʼerebs,დაკერება (დააკერებს),sew onto,"залатать, пришить, нашить",**თაკარ** გრდმ. დაკერება (დააკერებს) უსრ. თეკარ
takʼnŏ,თაკნო̆,d d,,,,,,,,,**თაკნო̆** *დ დ* საკერებელი
takʼsakʼar,თაკსაკარ,,,,,,,,,,"**თაკსაკარ** გრდმ. მიკერ-მოკერება, ბლანდვა უსრ. თეკსეკარ"
takʼsakʼinŏ,თაკსაკინო̆,,,,,,,,,,"**თაკსაკინო̆** მიმღ. მიკერებულ-მოკერებული, მიბლანდულ-მობლანდული"
talzaⁿ qʼur,თალზაჼ ყურ,,,,,,,,,,**თალზაჼ ყურ** *დ დ ხურჯინის თვალი*
tamam,თამამ,,,GE,a,,,თამამი,"couragious, resolute","смелый, решительный",**თამამ** თამამი
tambakŏ,თამბაქო̆,d d,D,GE,n,,tambakujⁿ,თამბაქო,tobacco,табак,**თამბაქო̆** *დ დ* (თამბაქუჲჼ) თამბაქო
tamdob,თამდობ,d,D,GE,n,,,თამადობა,acting as tamada,исполнение обязаностей распорядителя пира,**თამდობ** *დ* თამადობა
taⁿ,თაჼ,,,GE,adv,,,რთული ფუძის ანდ შესიტყვების შემადგენელი ნაწილი,,,"**თაჼ**  ზმნს. 1. თან **თაჼ დ-აჰ’ითარ** თან გატანება, თან წაღებინება **თაჼ დ-ოწარ** გრდმ. თან წაღება, თან გაყოლება; **თაჼ ჰ’უჲნი̆** თან წასაღები"
tanamdebob,თანამდებობ,d d,D,GE,n,,,თანამდებობა,"post, position, job",должность,**თანამდებობ** *დ დ* თანამდებობა
tangir,თანგირ,d d,D,GE,n,,tajngri; tajngreⁿ,თანგირა,"copper kettle, pot","медный котел, кастрюля",**თანგირ** *დ დ* (თაჲნგრი; თაჲნგრეჼ)თანგირა
tant,თანთ,d d,D,,n,,tanti; tanteⁿ,ჭიანჭველა,ant,муровей,**თანთ** *დ დ* (თანთი; თანთეჼ) ჭიანჭველა
taob,თაობ,j j,J,GE,n,,taobi; taobeⁿ,თაობა,generation,поколение,**თაობ** *ჲ ჲ* (თაობი; თაობეჼ) თაობა
tarazŏ,თარაზო̆,d d,D,GE,n,,tarazuj; tarazujⁿ,თარაზო,spirit level,ватерпас,**თარაზო̆** *დ დ* (თარაზუჲ; თარაზუჲჼ) თარაზო
targmaⁿ,თარგმაჼ,j j,J,GE,n,,,თარგმანი,translation,перевод,**თარგმაჼ** *ჲ ჲ* თარგმანი
targmnad-d-ar,თარგმნად-დ-არ,,,GE,vt,,targmnis,თარგმნა (თარგმნის),translate,переводить,**თარგმნად-დ-არ** გრდმ. თარგმნა (თარგმნის)
tareš,თარეშ,j j,J,GE,n,,,თარეში,"marauding, raid",,**თარეშ** *ჲ ჲ* თარეში შდრ. ჵარაცო̆
tarmarɬeⁿ,თარმარლ’ეჼ,,,,a,,,ცოტაოდნად,a little,немножко,**თარმარლ’ეჼ** ცოტაოდნად
tarsar,თარსარ,,,,vi,,daičʼixvinebs,ჭიხვინი (დაიჭიხვინებს),neigh,заржать,**თარსარ** გრდუვ. ჭიხვინი (დაიჭიხვინებს) *ჴ*უსრ. თერსარ
tars-d-ar,თარს-დ-არ,,,,,,daačʼixvinebs,,,,**თარს-დ-არ** გრდმ. დაჭიხვინება (დააჭიხვინებს) უსრ. თერს-დ-არ
tark-d-ar,თარქ-დ-არ,,,,vt,,daarcʼevs,დარწევა (დაარწევს),rock (cradle),покачать,**თარქ-დ-არ** გრდმ. დარწევა (დაარწევს); უსრ. თერქ-დ-არ
taršeballajnĭ,თარშებალლაჲნი̆,,,,,,,,,,**თარშებალლაჲნი̆** მიმღ. მოთარეშე
tarɬ-d-alar,თარლ’-დ-ალარ,,,,vi,,daemsgavseba,დამსგავსება (დაემსგავსება); შეგუება (შეეგუება),"become like, adapt","стать похожим; ужиться, уживаться",**თარლ’-დ-ალარ** გრდუვ. 1. დამსგავსება (დაემსგავსება)2. შეგუება (შეეგუება)
tarɬ-d-ar,თარლ’-დ-არ,,,,,,miamsgavsebs,,,,"**თარლ’-დ-არ** გრდმ. 1. მიმსგავსება (მიამსგავსებს), შედარება 2. მორგება (მოარგებს)"
tarɬ-d-ijenŏ,თარლ’-დ-იჲენო̆,,,,,,,,,,"**თარლ’-დ-იჲენო̆** მიმღ. დამსგავსებული, მიმსგავსებული"
tarɬ-d-oš,თარლ’-დ-ოშ,,,,,,,,,,**თარლ’-დ-ოშ** მიმსგავსებით
tarɬenŏ,თარლ’ენო̆,,,,,,,,,,**თარლ’ენო̆** მიმღ. მსგავსი
tarɬenŏ xiɬar,თარლ’ენო̆ ხილ’არ,,,,,,"hgavs, emsgavseba",,,,"**თარლ’ენო̆ ხილ’არ** *გრდუვ. [და]მსგავსება (ჰგავს, ემსგავსება)*"
tarŏ,თარო̆,d d,D,GE,n,,taruj; tarujⁿ,თარო,"shelf, tray",полка,**თარო̆** *დ დ* (თარუჲ; თარუჲჼ) თარო
tasar,თასარ,,,,vt,,daagdebs,"დაგდება (დააგდებს), ჩაგდება","drop, leave","сбросить, покинуть","**თასარ** გრდმ. დაგდება (დააგდებს), ჩაგდება უსრ. თეფსარ"
tas-d-alar,თას-დ-ალარ,,,,,,davardeba,,,,**თას-დ-ალარ** გრდუვ. დავარდნა (დავარდება);უსრ. თეფს-დ-ალარ
tasitar,თასითარ,,,,,,,,,,"**თასითარ** გრდმ. დაგდებინება, გაგდებინება, დაყრევინება უსრ. თეფსითარ"
tağ,თაღ,j j,J,GE,n,,taği; tağeⁿ,"კამარა, თაღი","arch, vault",свод,"**თაღ** *ჲ ჲ* (თაღი; თაღეჼ) კამარა, თაღი"
tağar,თაღარ,d d,D,GE,n,,,თაღარი,,мера зерновая,**თაღარ** *დ დ* თაღარი
tağlit,თაღლით,,M/F,GE,n,,,თაღლითი,swindler,мошенник,**თაღლით** თაღლითი
taxkʼar,თახკარ,,,,vt,,šeukʼetebs,შეკეთება (შეუკეთებს); მოყრა (მოაყრის),"stoke up (firewood); strew, sprinkle",добавить (дрова...); посыпать,**თახკარ** გრდმ. 1. შეკეთება (შეუკეთებს) 2. მოყრა (მოაყრის)უსრ. თეხკარ
taxsir,თახსირ,,,GE,a,,,თახსირი,"bad, nasty, debased","испорченный, дурной (человек)",**თახსირ** თახსირი
taqlaqeⁿ,თაჴლაჴეჼ,,,,,,alir.,,,,"**თაჴლაჴეჼ** აყლაყუდა, ახმახი *(ალირ.)*"
taŭbŭ,თაუ̆ბუ̆,d d,D,,n,,tabajrčĭ; taŭbniⁿ,ჭედილა,gelded ram,"холощеный баран, валух",**თაუ̆ბუ̆** *დ დ* (თაბაჲრჩი̆; თაუ̆ბნიჼ)ჭედილა
taŭgna,თაუ̆გნა,d d,,,,,,,,,"**თაუ̆გნა** *დ დ* სიტურფე, მშვენიერება"
tajkʼlebad-d-alar,თაჲკლებად-დ-ალარ,,,GE,vi,,erideba,მორიდება (ერიდება),be shy,стесняться,**თაჲკლებად-დ-ალარ** გრდუვ. მორიდება (ერიდება)
tajlzi,თაჲლზი,,0d,,n,,tajlzeⁿ,ხურჯინი,saddle-bag,переметная сумка,**თაჲლზი** დ (თაჲლზეჼ) მრ. ხურჯინი
taqar1,თაჴარ1,,,,vi,,gaetreva,"გათრევა (გაეთრევა), გაცოცება","crawl away, clear off","потащиться, поволочиться","**თაჴარ1**გრდუვ. გათრევა (გაეთრევა), გაცოცება უსრ. თეჴარ"
taqar2,თაჴარ2,,,,vt,,moxdis kaps,მოხდა (მოხდის ქაფს...),"skim (foam, froth)",снять (пену...),**თაჴარ2**მოხდა (მოხდის ქაფს) უსრ. თეჴარ2
taq-d-ar,თაჴ-დ-არ,,,,,,gaatrevs,,,,"**თაჴ-დ-არ** გრდმ. გათრევა (გაათრევს), წათრევა უსრ. თეჴ-დ-არ"
taq-d-itar,თაჴ-დ-ითარ,,,,,,atrevinebs,,,,**თაჴ-დ-ითარ** გრდმ. თრევინება (ათრევინებს)
taqinŏ,თაჴინო̆,,,,,,rʒe,,,,**თაჴინო̆** მიმღ. მოხდილი (რძე)
tebar,თებარ,,,,vt,,ambobs,"თქმა (ამბობს), თხრობა, მბობა","say, narrate, tell","сказать, рассказывать, повествовать","**თებარ** გრდმ. თქმა (ამბობს), თხრობა, მბობა"
teberval,თებერვალ,b d,B,GE,n,,teberv[a]leⁿ,თებერვალი,February,февраль,**თებერვალ** *ბ დ* (თებერვ[ა]ლეჼ) თებერვალი
teblar1,თებლარ1,,,,vt,,saxelis,(სახელის) დარქმევა (არქმევს),name,называть (именем),**თებლარ1**გრდმ. (სახელის) დარქმევა (არქმევს);სრ. თილლარ1
teblar2,თებლარ2,,,,vt,,ukʼetebs,შეკეთება (უკეთებს),stoke up (firewood),подбавлять (дрова),**თებლარ2**გრდმ. შეკეთება (უკეთებს) სრ. თილლარ2
tebl-d-ujnĭ,თებლ-დ-უჲნი̆,,,,ptcp,,,"მომრევი, მჯობი","better, superior (in fight)",побеждающий в борьбе,"**თებლ-დ-უჲნი̆** მიმღ. მომრევი, მჯობი"
tegar1,თეგარ1,,,,vi,,ergeba,"შერგება (ერგება), მოხდენა","do good, do a deed, go to work",идти в прок,"**თეგარ1**გრდუვ. შერგება (ერგება), მოხდენა სრ. თაგარ"
tegar2,თეგარ2,,,,,,šeurigdeba,,,,**თეგარ2** გრდუვ. შერიგება (შეურიგდება) 2. მორიგება
teg-d-ar1,თეგ-დ-არ1,,,,,,akʼetebs,,,,**თეგ-დ-არ1** გრდმ. კეთება (აკეთებს) ქმნა სრ. თაგ-დ-არ
teg-d-ar2,თეგ-დ-არ2,,,,,,šearigebs,,,,"**თეგ-დ-არ2** გრდმ. 1. შერიგება (შეარიგებს), დაზავება  2. მორიგება"
teg-d-itar,თეგ-დ-ითარ,,,,,,akʼetebinebs,,,,**თეგ-დ-ითარ** გრდმ. კეთებინება (აკეთებინებს)
teg-d-orikʼ,თეგ-დ-ორიკ,,,,,,,,,,"**თეგ-დ-ორიკ**  მოსაქმე, საქმიანი, გამრჯე"
teg-d-ujnĭ,თეგ-დ-უჲნი̆,,,,,,,,,,**თეგ-დ-უჲნი̆** მიმღ. 1. საკეთებელი 2. გამკეთებელი
teginĭ,თეგინი̆,,,,,,,,,,"**თეგინი̆** შესარგი, სასარგებლო"
tegmakʼinĭ,თეგმაკინი̆,,,,,,,,,,"**თეგმაკინი̆** მიმღ. ის, ვისაც შეუძლია შერიგება"
tegom,თეგომ,,,,,,dazavdeba,,,,"**თეგომ** ბ მორიგება, თანხმობა **თეგომბარ** გრდმ. დაზავება (დაზავდება), შერიგება"
tett-d-ar,თეთთ-დ-არ,,,,vt,,scʼevs,მიწევა (სწევს),"move, shift","придвигать, пододвигать",**თეთთ-დ-არ** გრდ. მოწევა (სწევს) სრ. თათთ-დ-არ
tekʼabar,თეკაბარ,d d,,,,,,,,,**თეკაბარ** *დ დ* საკერავი
tekʼabujnĭ,თეკაბუჲნი̆,,,,,,,,,,"**თეკაბუჲნი̆** მიმღ. 1. შესაკერი, საკერავი 2. მკერავი"
tekʼar,თეკარ,,,,vt,,akʼerebs,"დაკერება (აკერებს), მიკერება",sew,"латать, пришивать, нашивать","**თეკარ** გრდმ. დაკერება (აკერებს), მიკერება სრ. თაკარ"
tekʼtersar,თეკთერსარ,,,,vt,,,"მიკერ-მოკერება, დაკონკება","patch up, make ends meet","шить на живую нитку, заплатку","**თეკთერსარ** გრდმ. მიკერ-მოკერება, დაკონკება სრ. თაკთარსარ"
tekʼsekʼar,თეკსეკარ,,,,vt,,,,,,**თეკსეკარ** იხ. თეკთერსარ
tel,თელ,d d,D,GE,n,,teleⁿ,თელა,elm,вяз,**თელ** *დ დ* (თელეჼ) თელა
tem,თემ,j j,J,GE,n,,temeⁿ,თემი,"community, clan",община,**თემ** *ჲ ჲ* (თემეჼ) თემი
tersar,თერსარ,,,,vi,,čʼixvinebs,ჭიხვინი (ჭიხვინებს),neigh,ржать,**თერსარ** გრდუვ. ჭიხვინი (ჭიხვინებს)*;* სრ. თარსარ
terkar,თერქარ,,,,vi,,ircʼeva,რწევა (ირწევა),"rock, sway",раскачиваться,**თერქარ** გრდუვ. რწევა (ირწევა)
terk-d-ar,თერქ-დ-არ,,,,,,arcʼevs,,,,**თერქ-დ-არ** გრდმ. რწევა (არწევს);სრ. თარქ-დ-არ
terkeš lelar,თერქეშ ლელარ,,,,,,,,,,"**თერქეშ ლელარ** რწევით, ზლაზვნით სიარული"
tetʼar,თეტარ,,,,vt,,čʼris,"ჭრა (ჭრის); მკა,  ჭრა",cut; reap,"резать, рубить, ранить; жать, резать","**თეტარ**  გრდმ. 1. ჭრა (ჭრის)2. მკა, ჭრა; სრ. თიტარ"
tetʼ-d-alar,თეტ-დ-ალარ,,,,,,daičʼreba,,,,"**თეტ-დ-ალარ** გრდუვ. 1. დაჭრა (დაიჭრება), გაჭრა"
tetʼ-d-arlar,თეტ-დ-არლარ,,,,,,,,,,"**თეტ-დ-არლარ** გრდმ. ჭრა-თლა; დაჭრა, [ა]ჩეხა"
tetʼ-d-arlinŏ,თეტ-დ-არლინო̆,,,,,,,,,,**თეტ-დ-არლინო̆** მიმღ. დაჭრილ-დაჩეხილი
tetʼdajlnŏ,თეტდაჲლნო̆,,,,,,,,,,"**თეტდაჲლნო̆** ნაჭრილობევი, ჭრილობა, ჭრილობის ადგილი სხეულზე"
tetʼitar,თეტითარ,,,,,,ačʼrevinebs,,,,**თეტითარ** გრდმ. მოჭრევინება (აჭრევინებს)*;* სრ. თიტითარ
tetʼinŏ,თეტინო̆,,,,,,,,,,"**თეტინო̆** მიმღ. 1. დაჭრილი, ჭრილობიანი 2. მოჭრილი, დაჭრილი"
tetʼrikʼ,თეტრიკ,,,,,,,,,,"**თეტრიკ** მჭრელი, ბასრი"
tetʼujnĭ,თეტუჲნი̆,,,,,,,,,,**თეტუჲნი̆** მიმღ. 1. [და]საჭრელი 2. მჭრელი
tep,თეფ,j j,J,Turk.,n,,tapajrĭ; tepeⁿ,ბორცვი,hill,холм,**თეფ**  *ჲ ჲ* (თაფაჲრი̆; თეფეჼ)ბორცვი
tepareⁿ,თეფარეჼ,,,,,,,,,,**თეფარეჼ** ბორცვებიანი
teplar,თეფლარ,,,,vi,,scdeba kučas,"გაცდენა (სცდება ქუჩას...), აცდენა; გაძრობა (სძვრება), გადაყვლეფა; გახუნება (ხუნდება)","miss out, be missed; fade; be peeled off, be chaffed; ","миновать, пропускать; сдираться, сниматься, сходить (о коже); линять","**თეფლარ** გრდუვ. 1. გაცდენა (სცდება ქუჩას) 2. გაძრობა (სძვრება), გადაყვლეფა 3. გახუნება (ხუნდება)"
tepl-d-ar,თეფლ-დ-არ,,,,,,nišanši,,,,"**თეფლ-დ-არ** გრდმ. 1. დაცდენა (ნიშანში), აცდენა 2. გაცდენა (აცდენს) 3. გაცილება 4. გაძრობა ([გა]აძრობს ფეხსაცმელს), გადაყვლეფა (კანისა);სრ. თილ’-დ-არ"
tepsar,თეფსარ,,,,vt,,agdeba,"ჩამოგდება (აგდებს), დაგდება; მოყრა","throw, drop; strew","бросать, посыпать","**თეფსარ** გრდმ. ჩამოგდება (აგდება), დაგდება; მოყრა; სრ. თაფსარ"
teps-d-alar,თეფს-დ-ალარ,,,,,,vardeba,,,,"**თეფს-დ-ალარ** გრდუვ. დავარდნა, ჩამოვარდნა (ვარდება);სრ. თას-დ-ალარ"
tepš,თეფშ,d d,D,GE,n,,tepši,თეფში,plate,тарелка,**თეფშ** *დ დ* (თეფში)თეფში
tepxar,თეფხარ,,,,vt,,scems,"ცემა (სცემს), დარტყმა, გალახვა; დაკვრა საკრავზე (უკრავს); რეკვა; რჭობა (არჭობს), მიჭედება; შერევა","hit, strike, beat; play (musical instrument); call; hammer, drive into; churn","бить, ударять; играть (на каком-н. инструменте); звонить; забивать, прибивать, втыкать, вонзать; смешивать, перемешивать","**თეფხარ** გრდმ. 1. ცემა (სცემს), დარტყმა, გალახვა 2. დაკვრა საკრავზე (უკრავს)3. რეკვა 4. რჭობა (არჭობს), მიჭედება 5. შერევა სრ. თოხარ"
tepx-ačar,თეფხ-აჩარ,,,,,,scems da begvavs,,,,**თეფხ-აჩარ** გრდმ. ცემა-ბეგვა (სცემს და ბეგვავს)
tepx-ačinŏ,თეფხ-აჩინო̆,,,,,,,,,,**თეფხ-აჩინო̆** მიმღ. ნაცემ-ნაბეგვი
tepx-d-ar,თეფხ-დ-არ,,,,,,abuknavebs,,,,"**თეფხ-დ-არ** გრდმ. ბუქნაობა (აბუქნავებს), რხევა (არხევს), კვრა სრ. თოხ-დ-არ"
tepxitar,თეფხითარ,,,,,,aceminebs,,,,**თეფხითარ** გრდმ. 1. ცემინება (აცემინებს) 2. დაკვრევინება (დააკვრევინებს) სრ. თოხითარ
tepxinŏ,თეფხინო̆,,,,,,,,,,"**თეფხინო̆** მიმღ. ნაცემი, გალახული"
tepxrikʼ,თეფხრიკ,,,,,,,,,,"**თეფხრიკ** მცემელი, ცემის მოყვარული, ვინც სცემს"
tepxujnĭ,თეფხუჲნი̆,d d,,,,,,,,,"**თეფხუჲნი̆** მიმღ. 1. საცემი, გასალახავი; 2. *დ დ* საკრავი 3. მცემელი ან დამკვრელი"
tepɬtecʼinĭ,თეფლ’თეწინი̆,,,,,,,,,,"**თეფლ’თეწინი̆** მიმღ. გამცდენელი, ცუღლუტი"
tek,თექ,d d,D,GE,n,,,თექა,felt jacket,войлочная бурка,**თექ** *დ დ* თექა
teqʼar,თეყარ,,,,vi,,exvecʼeba,"ხვეწნა (ეხვეწება), ვედრება; ლოცვა","implore, beg; pray","умолять, просить, молиться",**თეყარ** გრდუვ. ხვეწნა (ეხვეწება) ვედრება; ლოცვა
teqʼ-d-ar,თეყ-დ-არ,,,,,,[še]avedrebs,,,,"**თეყ-დ-არ** გრდმ. შევედრება ([შე]ავედრებს), შეხვეწნა"
teqʼ-d-ujnĭ,თეყ-დ-უჲნი̆,,,,,,,,,,**თეყ-დ-უჲნი̆** მიმღ. შესახვეწი
teqʼila,თეყილა,d d,,,,,teqʼiliš; teqʼileⁿ,,,,"**თეყილა** *დ დ* (თეყილიშ; თეყილეჼ) 1. სალოცავი, სამლოცველო ხატი 2. დღეობა, რელიგიური დღესასწაული"
teqʼinĭ,თეყინი̆,,,,,,,,,,"**თეყინი̆** მიმღ. მლოცველი, მთხოვნელი"
tešar,თეშარ,,,,vi,,"sǯera, uǯerebs","დაჯერება (სჯერა, ეჯერება), ბდობა",believe,"верить, доверять, слушаться","**თეშარ** გრდუვ. დაჯერება (სჯერა, უჯერებს), ნდობა"
teš-d-ar,თეშ-დ-არ,,,,,,[da]aǯerebs,,,,"**თეშ-დ-არ** გრდმ. 1. დაჯერება ([და]აჯერებს), დარწმუნება 2. მინდობა (მიანდობს), დანდობა, განდობა"
tešeⁿbexkʼ,თეშეჼბეხკ,,,,,,alir.,,,,"**თეშეჼბეხკ** გამცემლობა, მუხანათობა *(ალირ.)*"
tešila,თეშილა,d,,,,,,,,,"**თეშილა** *დ* ნდობა, დანდობა"
tešinĭ,თეშინი̆,,,,,,,,,,"**თეშინი̆** მიმღ. 1. დამჯერე, ვისაც სჯერა 2. სანდო, ვისიც სჯერათ"
tešlajnĭ,თეშლაჲნი̆,,,,,,,,,,"**თეშლაჲნი̆** სარწმუნო, დასაჯერებელი"
tešmakʼar,თეშმაკარ,,,,,,,,,,"**თეშმაკარ** გრდუვ. დაჯერების, ნდობის შეძლება"
tešom,თეშომ,b,,,,,,,,,**თეშომ** *ბ* ნდობა
tešombar,თეშომბარ,,,,,,,,,,"**თეშომბარ** გრდმ. თანხმობის მიცემა, დათანხმება"
tešombitar,თეშომბითარ,,,,,,daitanxmebs,,,,"**თეშომბითარ** გრდმ. დათანხმება (დაითანხმებს), დაყოლიება"
tecʼ-d-ar,თეწ-დ-არ,,,,vt,,scʼavleba,სწავლება (სწავლება); მისწავლება,"teach, instruct","научить, учить, наставлять, указать",**თეწ-დ-არ** გრდმ. სწავლება (სწავლება); მისწავლება
tecʼ-d-ujnĭ,თეწ-დ-უჲნი̆,,,,,,,,,,"**თეწ-დ-უჲნი̆** მიმღ. 1. სასწავლი, სასწავლებელი, რაც უნდა სხვას ასწავლოს 2. მასწავლებელი, ოსტატი"
tecʼlajnĭ,თეწლაჲნი̆,,,,,,,,,,"**თეწლაჲნი̆** მიმღ. სასწავლებელი, რაც ისწავლება"
texkʼar1,თეხკარ1,,,,vt,,ukʼetebs,"შეკეთება (უკეთებს); დაყრა, მოყრა","stoke up (firewood); strew, sprinkle","подкладывать; посыпать, обсыпать",**თეხკარ1** გრდმ. 1. შეკეთება (უკეთებს);სრ. თახკარ
texkʼar2,თეხკარ2,,,,v,,,,pl,,**თეხკარ2**მრ. იხ თილლარ სრ. თხიკარ
teɬar1,თელ’არ1,,,,vt,,aʒlevs,მიცემა (აძლევს),give,давать,**თელ’არ1** გრდმ. მიცემა (აძლევს) სრ. დ-ალ’არ
teɬar2,თელ’არ2,,,,vt,,,ჭმევა,feed,"кормить, питать",**თელ’არ2** გრდმ. ჭმევა
teɬar3,თელ’არ3,,,,vi,,určevnia,მჯობინება (ურჩევნია),prefer,предпочитать,**თელ’არ3**გრდუვ. მჯობინება (ურჩევნია)
teɬinĭ,თელ’ინი̆,,,,,,,,,,"**თელ’ინი̆** მიმღ. მჯობნი, უმჯობესი, უკეთესი"
teɬinŏ,თელ’ინო̆,,,,,,,,,,"**თელ’ინო̆** მიმღ. გამოკვებილი, ნაკვები"
tejbžrikʼ,თეჲბჟრიკ,d d,,,,,,,,,**თეჲბჟრიკ** *დ დ* მაჯლაჯუნა
"tejvdren , tejvdren  šabat","თეჲვდრენ , თეჲვდრენ  შაბათ",d d,,,,,,,,,"**თეჲვდრენ , თეჲვდრენ  შაბათ** *დ დ* თევდორობის შაბათი (დიდი მარხვის პირველი შაბათი)"
teqar1,თეჴარ1,,,,vi,,,იპფ,,,"**თეჴარ1**გრდუვ. თრევა, ბობღვა, ღოღვა, ცოცვა, ფოფხვა; სრ. თაჴარ1"
teqar2,თეჴარ2,,,,,vt,xdis kaps,,,,"**თეჴარ2** გრდმ. 1. მოხდა (ხდის ქაფს) სრ. თაჴარ2 2. გადატ. გაჭირვების, განსაცდელის გადატანა (გადაიტანს), თავს გადახდომა"
teq-d-ar,თეჴ-დ-არ,,,,vt,,atrevs,თრევა (ათრევს),drag,"тащить, волочить",**თეჴ-დ-არ** გრდმ. თრევა (ათრევს); სრ. თაჴ-დ-არ
teqebcʼ-d-ar,თეჴებწ-დ-არ,,,,,,,,,,"**თეჴებწ-დ-არ** გრდმ. მითრევ-მოთრევა, წოწიალი"
tequjni,თეჴუჲნი,,,,,,avadmqʼopoba,,,,"**თეჴუჲნი** მიმღ. 1. გადასატანი, განსაცდელი 2. გადამდები, სახადი (ავადმყოფობა)"
tvaltmakc,თვალთმაქც,,,GE,a,,,თვალთმაქცი,"deceitful, deceptive",притворщик,**თვალთმაქც** თვალთმაქცი
tibatvĕ,თიბათვე̆,b d,B,GE,n,,tibatveⁿ,"თიბათვე, ივნისი",June,июнь,"**თიბათვე̆** *ბ დ* (თიბათვეჼ) თიბათვე, ივნისი"
tivar,თივარ,,,,vi,,[da]mšviddeba,"დამშვიდება ([და]მშვიდდება), დაწყნარება; გაყუჩება, დასვენება","calm down, rest","успокоиться, успокаиваться, отдохнуть, отдыхать","**თივარ** გრდუვ. დამშვიდება ([და]მშვიდდება) დაწყნარება; გაყუჩება, დასვენება **თივარ ცო დაჲნი** მიმღ. მოუსვენარი, მოსვენება რომ არა აქვს"
tiv-d-ar,თივ-დ-არ,,,,,,[da]asvenebs,,,,"**თივ-დ-არ** გრდმ. დასვენება ([და]ასვენებს), შესვენება"
tivtikʼ,თივთიკ,j j,J,GE,n,,tivtikʼeⁿ,თივთიკი,"down, fluff",пух,**თივთიკ** *ჲ ჲ* (თივთიკეჼ) თივთიკი
tivottar,თივოთთარ,d,,,,,,,,,"**თივოთთარ** 1. გრდუვ. დაწყნარება (დაწყნარდება), დაშოშმინება 2. *დ* სიდინჯე"
tivott-d-ar,თივოთთ-დ-არ,,,,,,daamšvidebs,,,,**თივოთთ-დ-არ** გრდმ. დამშვიდება (დაამშვიდებს)
tivottenŏ,თივოთთენო̆,,,,,,,,,,"**თივოთთენო̆** მიმღ. წყნარი, მშვიდი, უშფოთველი, დინჯი"
tivottnŏ,თივოთთნო̆,d d,,,,,,,,,"**თივოთთნო̆** *დ დ* სიმშვიდე, სიწყნარე"
tivuš,თივუშ,,,,,,,,,,"**თივუშ** მოსვენებით, დამშვიდებით"
tivujla,თივუჲლა,d d,,,,,,,,,"**თივუჲლა** *დ დ* დასვენება; დასასვენებელი ადგილი, შესასვენებელი ადგილი"
tivcʼiⁿ,თივწიჼ,,,,,,,,,,"**თივწიჼ**  შეუსვენებელი, დაუსვენებელი; დაუსვენებლად"
titber,თითბერ,d d,D,GE,n,,titbreⁿ,თითბერი,brass,латунь,**თითბერ** *დ დ* (თითბრეჼ) თითბერი
tilismaⁿ,თილისმაჼ,,,GE; RU,n,,,თილისმა,talisman,талисман,**თილისმაჼ**  თილისმა
tillar1,თილლარ1,,,,vt,,saxelis,(სახელის) დარქმევა (დაარქმევს),name,назвать,**თილლარ1**გრდმ. (სახელის) დარქმევა (დაარქმევს);უსრ. თებლარ1
tillar2,თილლარ2,,,,vt,,šešisa,შეკეთება (შეშისა),stoke up (firewood),подбавить (дрова),**თილლარ2** გრდმ. შეკეთება (შეშისა) უსრ. თებლარ2
titʼar,თიტარ,,,,vt,,,მოჭრა; გაჭრა; გადაჭრა,"cut, cut off, reap, cut in two","срезать, порезать, разрезать; решить",**თიტარ** გრდმ. 1. მოჭრა; გაჭრა 2. გადაჭრა უსრ. თეტარ
titʼenŏ,თიტენო̆,,,,,,,,,,"**თიტენო̆** მიმღ. გაჭრილი, მოჭრილი 2. გადაჭრილი"
titʼitar,თიტითარ,,,,,,moačʼrevinebs,,,,**თიტითარ** გრდმ. მოჭრევინება (მოაჭრევინებს); უსრ. თეტითარ
titʼoš,თიტოშ,,,,,,,,,,**თიტოშ** გადაჭრით
titʼcʼin,თიტწინ,,,,,,,,,,"**თიტწინ**გაუჭრელი, გაუჭრელად"
tišar,თიშარ,,,,vi,,[da]ilekeba,დალექვა ([და]ილექება),"sink, settle, sediment","оседать, осаждаться",**თიშარ** გრდუვ. დალექვა ([და]ილექება)
tišar-d-alar,თიშარ-დ-ალარ,,,,,,[da]ʒveldeba,,,,**თიშარ-დ-ალარ** გრდუვ. დაძველება ([და]ძველდება)
tišar-d-ar,თიშარ-დ-არ,,,,,,[da]aʒvelebs,,,,**თიშარ-დ-არ** გრდმ. დაძველება ([და]აძველებს)
tišiⁿ,თიშიჼ,,,,a,,,"ძველი, ძველებური","old, ancient","старый, старинный","**თიშიჼ** ძველი, ძველებური"
tišmišiⁿ,თიშმიშიჼ,,,,,,,,,,"**თიშმიშიჼ** ძველმანი, ძველ-ძვული"
tišna,თიშნა,d d,,,,,,,,,**თიშნა** *დ დ* წარსული; სიძველე
tišod-d-ar,თიშოდ-დ-არ,,,,,,[ča]ʒiravs,,,,"**თიშოდ-დ-არ** გრდმ. ჩაძირვა ([ჩა]ძირავს), დალექვა"
tixkʼar,თიხკარ,,,,v,,,,pl,,**თიხკარ** მრ. იხ. თებლარ1  უსრ. თეხკარ
tiɬar,თილ’არ,,,,vi,,"gascdeba kučas, saxls","გაცდენა (გასცდება ქუჩას, სახლს...), აცდენა; გაცდენა (გააცდენს); გაძრობა (გასძვრება ფეხსაცმელი), გადაყვლეფა; გახუნება (გახუნდება)","miss out, be missed; fade; be peeled off, be chaffed; ","миновать, пропустить; пропустить; содраться, сняться, сойти (о коже); помнить","**თილ’არ** გრდუვ. 1. გაცდენა (გასცდება ქუჩას, სახლს), აცდენა 2. გაცდენა (გააცდენს) 3. გაძრობა (გასძვრება ფეხსაცმელი), გადაყვლეფა; უსრ. თეფლარ"
tiɬ-d-ar,თილ’-დ-არ,,,,,,nišanši,,,,"**თილ’-დ-არ** 1. გრდმ. დაცდენა (ნიშანში), აცდენა (ააცდენს);2. გაცდენა 3. გაცილება (გააცილებს)4. გაძრობა, გადაყვლეფა 5. შეცდომაში შეყვანა, მოტყუება, გაცურება უსრ. თეფლ-დ-არ"
tiɬenŏ,თილ’ენო̆,,,,,,,,,,"**თილ’ენო̆** მიმღ. 1. აცდენილი, ვინც, რაც რამეს, ვინმეს ასცდა 2. ჭკუიდან შემცდარი, სულელი 3. გახუნებული"
tiq,თიჴ,j j,J,GE,n,,tiqeⁿ,თიხა,clay,глина,**თიჴ** *ჲ ჲ* (თიჴეჼ) თიხა
tlaptlapdar,თლაფთლაფდარ,,,,vt,,,თქვლეფა,"gobble, slurp",лакать,**თლაფთლაფდარ** გრდმ. თქვლეფა
tokʼ,თოკ,d d,D,GE,n,,tokʼi; tokʼeⁿ,თოკი,rope,веревка,**თოკ** *დ დ* (თოკი; თოკეჼ) თოკი
tol,თოლ,d d,D,,n,,toli; toleⁿ,დერეფანი,"porch, veranda",сени,**თოლ** *დ დ* (თოლი; თოლეჼ) დერეფანი
tola,თოლა,,,,,,ekspʼ.,,,,"**თოლა** ადგილი, სადაც მთაში ქალები მშობიარობდნენ *(ექსპ.)*"
tolar,თოლარ,,,,vi,,moereva,"მორევა (მოერევა), ჯობნა, დაჯაბნა, დაძლევა","be better, get the upper hand, win","одолеть, победить","**თოლარ** გრდუვ. მორევა (მოერევა) ჯობნა, დაჯაბნა, დაძლევა;უსრ. თებლარ"
tol-d-ar,თოლ-დ-არ,,,,,,amǯobinebs,,,,**თოლ-დ-არ** გრდმ. მჯობინება (ამჯობინებს)
toldar,თოლდარ,,,,,,aǯobs,,,,"**თოლდარ** გრდმ. ჯობნა (აჯობს), დაძლევა, დამარცხება"
toldacʼiⁿ,თოლდაწიჼ,,,,,,,,,,"**თოლდაწიჼ** უძლეველი, დაუმარცხებელი, მოურეველი, გაულახავი"
toldijenŏ,თოლდიჲენო̆,,,,,,,,,,"**თოლდიჲენო̆** მიმღ. 1. გამარჯვებული, ვინც აჯობა, ვინც მოერია 2. ძლეული, დამარცხებული, ვისაც აჯობეს, ვინც დაამარცხეს"
toldujnĭ,თოლდუჲნი̆,,,,,,,,,,"**თოლდუჲნი̆** მიმღ. 1. მომრევი, დამმარცხებელი, ვინც 2. დასამარცხებელი, ვისაც აჯობებენ, დაამარცხებენ"
tornĕ,თორნე̆,b d,B,GE,n,,torni; torneⁿ,თონე,"tandoor, bread oven",тоня (грузинская печь),**თორნე̆** *ბ დ* (თორნი; თორნეჼ) თონე
top1,თოფ1,j j,J,GE,n,,topi/tapajrĭ; topeⁿ,თოფი (ქსოვილისა),roll (of cloth),кипа (материи),**თოფ1** *ჲ ჲ* (თოფი/თაფაჲრი̆; თოფეჼ) თოფი
top2,თოფ2,j j,J,GE,n,,,თოფი,"gun, rifle",ружье,**თოფ2** *ჲ ჲ* თოფი (ქსოვილისა)
toplov,თოფლოვ,v b,,,,,toploveⁿ,,,,**თოფლოვ** *ვ ბ* (თოფლოვეჼ) თოფოსანი
topr,თოფრ,d d,D,GE,n,,,თოფრა,knapsack,торба,**თოფრ** *დ დ* თოფრა
toqʼar,თოყარ,,,,vi,,eqʼopa,"ყოფნა (ეყოფა), კმარება",suffice,"хватать (хватает, хватит)","**თოყარ** გრდუვ. ყოფნა (ეყოფა), კმარება"
toqʼal,თოყალ,,,,,,t. ciskʼarišvili,,,,"**თოყალ** საკმარისი, საკმარისად (თ. ცისკარიშვილი)"
toqʼ-d-ar,თოყ-დ-არ,,,,vt,,ikʼmarebs,"კმარება (იკმარებს), მყოფინება",make do with,"(с)делать достаточным, хватать","**თოყ-დ-არ** გრდმ. კმარება (იკმარებს), მყოფინება"
toqʼujnĭ,თოყუჲნი̆,,,,,,,,,,"**თოყუჲნი̆** მიმღ. საკმარისი, სამყოფი"
toxar,თოხარ,,,,vt,,scems,"ცემა (სცემს), დარტყმა (დაარტყამს), გალახვა; დაკვრა საკრავზე (დაუკრავს); დარეკვა, დაკვრა ზარისა (დაჰკრავს ზარს); ჩარჭობა, ჩაჭედება; მიზანში მოხვედრება, მორტყმა; შერევა","hit, strike; play (musical instrument); call; hammer, drive into; churn","ударить; сыграть (на каком-н инструменте); позвонить; забить, воткнуть, вонзить; попасть в цель; смешать, примешать","**თოხარ** გრდმ. 1. ცემა (სცემს), დარტყმა (დაარტყამს), გალახვა 2. დაკვრა საკრავზე (დაუკრავს)3. ჩარჭობა, ჩაჭედება 4. მიზანში მოხვედრება, მორტყმა 5. შერევა"
toxitar,თოხითარ,,,,vt,,daakʼvrevinebs,დაკვრევნებ (დააკვრევინებს); ჩაჭედვინება,make sb hit; make sb play,"заставить играть; заставить забить, воткнуть",**თოხითარ** გრდმ. 1. დაკვრევინება (დააკვრევინებს)2. ჩაჭედვინება უსრ. თეფხითარ
toxinŏ,თოხინო̆,,,,,,,,,,"**თოხინო̆** მიმღ. ჩაჭედებული, დაკრული"
toxlŏ,თოხლო̆,,,GE,a,,,თოხლო,soft-boiled (egg),всмятку,**თოხლო̆** თოხლო
toxoš d-ar,თოხოშ დ-არ,,,,,,,,,,**თოხოშ დ-არ** ჩაბეჭვა საქსოვისა **თოხოში ბიჲენო̆** მიმღ. ჩაბეჭილი უსრ. თეფხარ
toxsoxar,თოხსოხარ,,,,,,,,,,"**თოხსოხარ** გრდმ. 1. ცოტათი ცემა, მიტყეპა 2. ცოტათი დაკვრა"
toħar,თოჰ’არ,,,,vi,,eʒineba,"დაძინება (ეძინება), სძინავს",sleep,спать,"**თოჰ’არ** გრდუვ. დაძინება (ეძინება), სძინავს"
toħaⁿ dotʼujnĭ,თოჰ’აჼ დოტუჲნი̆,,,,,,ʒilad mimavali,,,,**თოჰ’აჼ დოტუჲნი̆** მიმღ. მთვლემარე (ძილად მიმავალი)
toħ-d-ar,თოჰ’-დ-არ,,,,,,[da]aʒinebs,,,,**თოჰ’-დ-არ** გრდმ. დაძინება ([და]აძინებს)
toħinŏ,თოჰ’ინო̆,,,,,,,,,,"**თოჰ’ინო̆** მიმღ. გამოძინებული, ნაძინები"
toħra-d-axenŏ,თოჰ’რა-დ-ახენო̆,,,,,,,,,,"**თოჰ’რა-დ-ახენო̆** მიმღ. ძილში წასული, ძილ-ბურანში მყოფი"
toħujnĭ,თოჰ’უჲნი̆,,,,,,,,,,**თოჰ’უჲნი̆** მიმღ. მძინარე
toħčo:,თოჰ’ჩო:,,,,,,,,,,**თოჰ’ჩო:** **თოჰ’ჩო დ-ალ’არ** გრდუვ. თავის მომძინარება
toq,თოჴ,d d,D,GE,n,,toqi; toqeⁿ,თოხი,"hoe, mattock","мотыга, тяпка",**თოჴ** *დ დ* (თოჴი; თოჴეჼ) თოხი
triml,თრიმლ,d d,D,GE,n,,trimleⁿ,თრიმლი,sumach,желтиник,**თრიმლ** *დ დ* (თრიმლეჼ) თრიმლი
tut1,თუთ1,j j,J,GE,n,,tuti; tuteⁿ,თუთა,mulberry,"шелковица, тутовое дерево, плод",**თუთ1** *ჲ ჲ* (თუთი; თუთეჼ) თუთა
tut2,თუთ2,j,J,GE,n,,,თუთა (რძის გამოცვლილი სახელი),,Тута (прозвище невесток),**თუთ2** *ჲ* თუთა (რძლის გამოცვლილი სახელი)
tutuⁿ,თუთუჼ,d,D,GE,n,,,"თუთუნი, თამბაქო",tobacco,табак,"**თუთუჼ** *დ* თუთუნი, თამბაქო"
tutkad-d-ar,თუთქად-დ-არ,,,GE,vt,,tutkavs,გათუთქვა (თუთქავს),scald,"ошпаривать, обдавать кипятком",**თუთქად-დ-არ** გრდმ. გათუთქვა (თუთქავს)
tukʼlaɁ,თუკლაჸ,,,,interj,,,აკი,really!,"же, ведь",**თუკლაჸ** ნაწილ. აკი
tukʼri,თუკრი,d,0d,,n,,,ქორაკი; არტახები,"halter; splint, bandage","недоуздок, повязка, лубок",**თუკრი** *დ* მრ. ქორაკი; არტახები
tumaⁿ,თუმაჼ,j j,J,GE,n,,tumneⁿ,თუმანი,"tuman, ten roubles",десятирублевка,**თუმაჼ** *ჲ ჲ* (თუმნეჼ) თუმანი
tung,თუნგ,j j,J,GE,n,,tungi; tungeⁿ,თუნგი,"tunga, gallon, 4.5 litres","тунга (мера жидкостей прибл 1\3 ведра), медный кувшин для воды",**თუნგ** *ჲ ჲ* (თუნგი; თუნგეჼ) თუნგი
tur1,თურ1,d d,D,,n,,tarbi; tureⁿ,ხმალი,sword,"шашка, сабля",**თურ1** *დ დ* (თარბი; თურეჼ)ხმალი
tur2,თურ2,,,GE,ptcl,,,"განა, თუ, თურმე","well, you don't say!","разве, вероятно","**თურ2**ნაწილ. განა, თუ, თურმე"
turaleⁿ,თურალეჼ,,,,,,,,,,**თურალეჼ** ხმლიანი
turkul,თურქულ,j,J,GE,n,,,თურქული,foot-and-mouth disease,подсед (болезнь скота),**თურქულ** *ჲ* თურქული
tuxcʼiⁿ,თუხწიჼ,,,,,,,,,,**თუხწიჼ** უმარილო
tuǯ,თუჯ,d d,D,GE,n,,tuǯeⁿ,თუჯი,cast iron,чугун,**თუჯ** *დ დ* (თუჯეჼ) თუჯი
tuj,თუჲ,d d,D,,n,,tujⁿ,ფურთხი,spit,плевок,"**თუჲ** *დ დ* (თუჲჼ) ფურთხი **თუჲ ლაქდარ, თუჲ ლექდარ** გრდმ. [გადა]ფურთხება, დაფურთხება; **თუჲ ჴოთთარ** გრდმ. დაფურთხება (დააფურთხებს, შეფურთხება)"
tujx[ĭ],თუჲხ[ი̆],d d,,,,,tuxoⁿ,,,,**თუჲხ[ი̆]** *დ დ* (თუხოჼ) მარილი **თუჲჴ[ი̆] დარ** *გრდმ. მარილის ქნა (მარილს უზამს);* **თუჲხ[ი̆] თაფსარ** *მარილის მოყრა*
tujħ-d-isar,თუჲჰ’-დ-ისარ,,,,vt,,daeʒineba,დაძინება (დაეძინება),go to sleep,заснуть,**თუჲჰ’-დ-ისარ** გრდუვ. დაძინება (დაეძინება)იხ. თოჰ’არ
txa,თხა,,,,adv,,,დღეს,today,сегодня,**თხა** ზმნს. დღეს
txabus,თხაბუს,,,,,,dğes-ğam,,,,**თხაბუს** ზმნს. წუხელ (დღეს-ღამ)
txabusluⁿ,თხაბუსლუჼ,,,,,,,,,,**თხაბუსლუჼ** წუხანდელი
txadoliⁿ,თხადოლიჼ,,,,,,,,,,"**თხადოლიჼ** *დღეიდან, დღეის შემდეგ* **თხადუჲლლუჲნი̆** *- დღეის ამას იქით, შემდეგისათვის, მომავალში*"
txaliⁿ,თხალიჼ,,,,a,,,ბანჯგვლიანი,"shaggy, long-haired",косматый,**თხალიჼ** ბანჯგვლიანი
txaliⁿ,თხალიჼ,,,,a,,,ბანჯგვლიანი,"shaggy, long-haired",косматый,**თხალიჼ** ბალნიანი
txaluⁿ,თხალუჼ,,,,,,,,,,**თხალუჼ** დღევანდელი
txajin,თხაჲინ,,,,,,sakʼutari,,,,**თხაჲინ**კუთვნ. ნაცვ. ჩვენი (საკუთარი)იხ. თხეჼ
txe1,თხე1,,,,,,ekspʼ.,,,,**თხე1** ბალანი *(ექსპ.)*
txe2,თხე2,d d,,,,,txejⁿ,,,,**თხე2** *დ დ* (თხეჲჼ) (შემოდგომის) მატყლი (კარგი ხარისხისა)
txen,თხენ,,,,,,,,,,**თხენ**კუთვნ. ნაცვ. ჩვენი იხ. თხო
txvenad-d-alar,თხვენად-დ-ალარ,,,GE,vi,,prtxeba,ფრთხობა (ფრთხება),"be startled, frightened",пугаться (о лошади),**თხვენად-დ-ალარ** გრდუვ. ფრთხობა (ფრთხება); *სრ. დაფთხვენად-დ-ალარ*
txvenad-d-ar,თხვენად-დ-არ,,,GE,vt,,aprtxobs,ფრთხობა (აფრთხობს),"scare, frighten, startle",пугать,**თხვენად-დ-არ** გრდმ. ფრთხობა (აფრთხობს);სრ. დათხვენად-დ-არ
txil,თხილ,d d,,,,,txili; txileⁿ,,,,**თხილ** *დ დ* (თხილი; თხილეჼ) თხილი
txilarna,თხილარნა,d d,,,,,,,,,"**თხილარნა** *დ დ* თხილნარი, თხილიანი"
txil-d-ar,თხილ-დ-არ,,,,,,aprtxilebs,,,,**თხილ-დ-არ** გრდმ. გაფრთხილება (აფრთხილებს);სრ. გაფრთხილბად-დ-არ
txil-d-ujnĭ,თხილ-დ-უჲნი̆,,,,,,,,,,"**თხილ-დ-უჲნი̆** მიმღ. გასაფრთხილებელი, საფრთხილო"
txillajnĭ,თხილლაჲნი̆,,,,,,,,,,"**თხილლაჲნი̆** მიმღ. ფრთხილი, მომფრთხილებელი"
txilol,თხილოლ,j,,,,,,,,,**თხილოლ** *ჲ* სიფრთხილე
"txiloš, txiluš","თხილოშ, თხილუშ",,,,,,,,,,"**თხილოშ, თხილუშ** ზმნს. ფრთხილად"
txir,თხირ,d,D,,n,,,თრთვილი,frost,,**თხირ** *დ* თრთვილი
txlapditar,თხლაფდითარ,,,,vt,,,"თქვლეფა, სვლეპა","gobble, slurp, lap",лакать,"**თხლაფდითარ** გრდმ. თქვლეფა, სვლეპა"
txlašbaħitar,თხლაშბაჰ’ითარ,,,GE,vt,,"silis, muštʼis gartʼqʼma","თხლაშანის გადენა, თხლეშა (სილის, მუშტის გარტყმა)","slap, give sb a clout","дать затрещину, оплеуху","**თხლაშბაჰ’ითარ** გრდმ. თხლაშანის გადენა, თხლეშა (სილის, მუშტის გარტყმა)"
txle,თხლე,j j,J,GE,n,,,თხლე,wine dregs,густой винный осадок,**თხლე** *ჲ ჲ* თხლე
txlešad-d-ar,თხლეშად-დ-არ,,,GE,vt,,,თხლეშა,slap,"шлепнуть, ударить",**თხლეშად-დ-არ** გრდმ. თხლეშა
txo1,თხო1,,,,pro pers,,,ჩვენ,we,мы,**თხო1**ექსკლ. ნაცვ. ჩვენ
txo2,თხო2,d d,D,,n,,,"ქსელი, თხორი","yarn, thread, weaving warp","нити, натянутые на станке","**თხო2** *დ დ* ქსელი, თხორი"
txovar,თხოვარ,d d,D,GE,n,,txovri; txovreⁿ,მათხოვარი,beggar,нищий,**თხოვარ** *დ დ* (თხოვრი; თხოვრეჼ) მათხოვარი
txoğen,თხოღენ,,,,,,,,,,**თხოღენ**ჩვენებური **თხოღეშ** ზმნს. ჩვენებურად
txril,თხრილ,j j,J,GE,n,,txrili; txrileⁿ,"თხრილი, არხი","ditch, canal","ров, канал",**თხრილ** *ჲ ჲ* (თხრილი; თხრილეჼ) თხრილი
txujn(ĭ),თხუჲნ(ი̆),,,,,,ĭ,,,,**თხუჲნ(ი̆)** ზმნს. იწარმოება თხო ნაცვალსახელისაგან. აძლიერებს ზმნის შინაარსს ჩვენთვის
txujnĭ,თხუჲნი̆,,,,,,,,,,**თხუჲნი̆** მიმღ. მტირალი
txujnŏ,თხუჲნო̆,,,,adv,,,დღისით,during the day,днем,**თხუჲნო̆** დღისით იხ. თხა
tħatt,თჰ’ათთ,,,,interj,,ʒağlis gasagdebi šeʒaxili,თათა (ძაღლის გასადები შეძახილი),get off! (to dog),пошел (о собаке),**თჰ’ათთ** თათა (ძაღლის გასაგდები შეძახილი)
tħak,თჰ’აქ,d d,D,,n,,,"კვალ, ნაფეხური",footprint,след (от ног),"**თჰ’აქ** *დ დ* კვალი, ნაფეხური"
tħakdaxno,თჰ’აქდახნო,,,,,,,,,,**თჰ’აქდახნო** ნაკვალევი
tħakcʼiⁿ,თჰ’აქწიჼ,,,,,,,,,,"**თჰ’აქწიჼ** უკვალო, გაუკვალავი"
"=i, =j","=ი, =ჲ",,,,,,,,,,"**=ი, =ჲ** კითხვითი ნაწილაკი"
"i, iħ","ი, იჰ’",,,,,,mr. ibi,,,,"**ი, იჰ’** (მრ. იბი) იხ. ე"
igav,იგავ,j j,J,GE,n,,igavi; igveⁿ,იგავი,"parable, tale","притча, пословица",**იგავ** *ჲ ჲ* (იგავი; იგვეჼ)იგავი
d-ivar,დ-ივარ,,,,a,vt,tesavs,,,,"**დ-ივარ** 1. გრდმ. თესვა (თესავს), [და]რგვა2. გრდუვ. თესია, დარგულია"
d-ivenŏ,დ-ივენო̆,,,,,,,,,,"**დ-ივენო̆** მიმღ. დათესილი, დარგული"
d-ivujnĭ,დ-ივუჲნი̆,,,,,,,,,,"**დ-ივუჲნი̆** მიმღ. 1. [და]სათესი; დასარგავი 2. მთესველი, მრგველი"
d-ivcʼiⁿ,დ-ივწიჼ,,,,,,,,,,**დ-ივწიჼ** დაუთესავი
-itar,-ითარ,,,,,,,,,,"**-ითარ** რთული ფუძის შემადგენელი ნაწილი, აწარმოებს კაუზატიური შინაარსის მქონე ზმნებს **თაგდითარ** - გაკეთებინება **ალ’ითარ** - თქმევინება **ლელითო̆** - საშუალებას მისცემს იაროს **დაჴდალითო̆** - საშუალებას აძლევს გაზარდოს"
d-itar1,დ-ითარ1,,,,,,akʼetebinebs,,,,**დ-ითარ1** გრდმ. 1. გაკეთებინება (აკეთებინებს) 2. დაბადებინება 3. მოქსოვინება
d-itar2,დ-ითარ2,,,,vt,,datʼovebs,დატოვება (დატოვებს); დანარჩუნება; დათმობა,"leave, let","оставить, уступить","**დ-ითარ2** გრდმ. დატოვება (დატოვებს), დანარჩუნება, დათმობა"
d-itenŏ,დ-ითენო̆,,,,,,,,,,**დ-ითენო̆** მიმღ. დატოვებული
d-ittar,დ-ითთარ,,,,vt,,[ga]recxavs,[გა]რეცხვა ([გა]რეცხვას),wash,(по)стирать,**დ-ითთარ** გრდმ. [გა]რეცხვა ([გა]რეცხავს)
d-itt-d-alar,დ-ითთ-დ-ალარ,,,,,,,,,,**დ-ითთ-დ-ალარ** გრდუვ. ბანაობა
"d-itt-d-alinŏ, d-itt-d-ajlnŏ","დ-ითთ-დ-ალინო̆, დ-ითთ-დ-აჲლნო̆",,,,,,,,,,"**დ-ითთ-დ-ალინო̆, დ-ითთ-დ-აჲლნო̆** დაბანილი, გაბანილი"
d-ittenŏ,დ-ითთენო̆,,,,,,,,,,"**დ-ითთენო̆** მიმღ. გარეცხილი, ნარეცხი"
d-ittujnĭ,დ-ითთუჲნი̆,,,,,,,,,,"**დ-ითთუჲნი̆** მიმღ. 1. გასარეცხი, სარეცხი 2 [გა]მრეცხავი"
d-ittcʼin,დ-ითთწინ,,,,,,,,,,**დ-ითთწინ**გაურეცხავი
d-itujnĭ1,დ-ითუჲნი̆1,,,,,,,,,,"**დ-ითუჲნი̆1**მიმღ. დასატოვებელი, მოსათმენი, დასათმობი"
d-ikʼar,დ-იკარ,,,,vt,,cʼaiqʼvans,"წაყვანა (წაიყვანს), გარეკვა, მირეკვა","drive, take along","уводить, увести, угонять, угнать","**დ-იკარ** გრდმ. წაყვანა (წაიყვანს), გარეკვა, მირეკვა"
d-ikʼitar,დ-იკითარ,,,,,,,,,,**დ-იკითარ** გრდმ. წაყვანინება
ilareⁿ,ილარეჼ,,,,,,,,,,**ილარეჼ**  იელებიანი
d-il-dalar,დ-ილ-დალარ,,,,,,"ibanavebs, banaobs",,,,"**დ-ილ-დალარ** გრდუვ. ბანაობა (იბანავებს, ბანაობს) დაბანვა"
d-il-d-ar,დ-ილ-დ-არ,,,,vt,,[ga]abanebs,გაბანება ([გა]აბანებს) დაბანა; რეცხვა (ჭურჭლისა),"wash, rinse","выкупать, мыть",**დ-ილ-დ-არ** გრდმ. გაბანება ([გა]აბანებს) დაბანა; რეცხვა (ჭურჭლისა)
d-il-d-acʼiⁿ,დ-ილ-დ-აწიჼ,,,,,,,,,,"**დ-ილ-დ-აწიჼ** დაუბანელი, გაურეცხავი"
d-il-d-ijenŏ,დ-ილ-დ-იჲენო̆,,,,ptcp,,,დაბანილი,washed,омытый,**დ-ილ-დ-იჲენო̆** მიმღ. დაბანილი
d-il-d-ujnĭ,დ-ილ-დ-უჲნი̆,,,,ptcp,,,"დასაბანი; დამბანი, მრეცხავი",to be washed; washer,"тот, кого надо купать; купающий, моющий","**დ-ილ-დ-უჲნი̆** მიმღ. 1. დასაბანი 2. დამბანი, მრეცხავი"
d-illar,დ-ილლარ,,,,vt,,daadebs vals,"დადება; დადება, მისჯა; დადება (დაადებს ვალს), დაკისრება, შეწერა (ფულისა)","put; punish; charge, oblige, levy (taxes)","положить; наложить (взыскание), наказать, осудить; положить, обложить (налогом)","**დ-ილლარ** გრდმ. 1. დადება 2. დადება, მისჯა 3. დადება (დაადებს ვალს) დაკისრება, შეწერა (ფულისა) **დუჰ’ დილლარ** - გრდმ. შედგომა (შეუდგება საქმეს) დაწყება უსრ. დ-ებ-ლარ"
ill-d-alar,ილლ-დ-ალარ,,,,,,daegdeba,,,,"**ილლ-დ-ალარ** გრდუვ. დაგდება (დაეგდება), დადება (დაედება)"
d-illenŏ,დ-ილლენო̆,,,,,,,,,,**დ-ილლენო̆** მიმღ. დადებული
imden,იმდენ,,,,,,,,,,"**იმდენ**საიმედო, იმედიანი"
imdecʼiⁿ,იმდეწიჼ,,,,,,,,,,**იმდეწიჼ** უიმედო
imed,იმედ,j j,J,GE,n,,,იმედი,hope,надежда,**იმედ** *ჲ ჲ* იმედი
iⁿ,იჼ,d d,D,GE,n,,,ინა,henna,хна,**იჼ** *დ დ* ინა
indisxurm,ინდისხურმ,j j,,,,,indisxurmeⁿ,,,,**ინდისხურმ** *ჲ ჲ* (ინდისხურმეჼ) ინდისხურმ
indur,ინდურ,d d,D,GE,n,,indri; indreⁿ,ინდაური,turkey,"индюк, индейка",**ინდურ** *დ დ* (ინდრი; ინდრეჼ) ინდაური
intʼeres,ინტერეს,j j,J,GE; RU,n,,,ინტერეწი,interest,интерес,**ინტერეს** *ჲ ჲ* ინტერესი
inc,ინც,,,,adv,,,ახლა,now,"теперь, сейчас",**ინც** ზმნს. ახლა
incaɁ,ინცაჸ,,,,,,,,,,"**ინცაჸ** ზმნს. ახლავე, ამ წამს"
inclomcin,ინცლომცინ,,,,,,,,,,**ინცლომცინ**ზმნს. აქამდის
inclun,ინცლუნ,,,,,,,,,,"**ინცლუნ**ახლანდელი, აწინდელი"
is,ის,,,,pro dem,,"mr. ibsi, isbi",ეგ,that,этот,"**ის** (მრ. იბსი, ისბი) (მრ. იბსი, ისბი) *მითითებითი ნაცვალსახელი ეგ - მეტწილად იხმარება მსაზღვრელად. სხვა ბრუნვებში ენაცვლება ფუძე იცხ[უ]*"
d-isar,დ-ისარ,,,,vi,,,დარჩენა,remain,остаться,**დ-ისარ** გრდუვ. დარჩენა; უსრ. მეყარ
d-is-d-irženŏ,დ-ის-დ-ირჟენო̆,,,,,,,,,,"**დ-ის-დ-ირჟენო̆** მიმღ. ნარჩენ-ნურჩენები, მონარჩენი"
"ise[ħ], ese[ħ]","ისე[ჰ’], ესე[ჰ’]",,,,,,,,,,"**ისე[ჰ’], ესე[ჰ’]** ზმნს. აქ"
"isev, esev","ისევ, ესევ",,,,,,,,,,"**ისევ, ესევ** ზმნს. აქეთ, აქ"
"iseva, eseva","ისევა, ესევა",j j,,,,,,,,,"**ისევა, ესევა** *ჲ ჲ* ზმნს. აქაურობა, სააქაო"
d-isenŏ,დ-ისენო̆,,,,,,,,,,"**დ-ისენო̆** მიმღ. დარჩენილი, ნარჩენი"
"iseren, eseren","ისერენ, ესერენ",,,,,,,,,,"**ისერენ, ესერენ**ზმნს. 1. აქედან 2. აქაური"
"iserenda[ħ], eserenda[ħ]","ისერენდა[ჰ’], ესერენდა[ჰ’]",,,,,,,,,,"**ისერენდა[ჰ’], ესერენდა[ჰ’]**, ზმნს. აქედან"
"isejvħ, esivħ","ისეჲვჰ’, ესივჰ’",,,,,,,,,,"**ისეჲვჰ’, ესივჰ’** ზმნს. აქეთკენ, აქეთ"
isi[ħ],ისი[ჰ’],,,,,,,,,,**ისი[ჰ’]** ზმნს. მანდ
isivħĕ,ისივჰ’ე̆,,,,,,,,,,**ისივჰ’ე̆** ზმნს. მანდეთ
isiħeɁ,ისიჰ’ეჸ,,,,,,,,,,**ისიჰ’ეჸ** ზმნს. მანდ[ა]ვე
iskʼampʼ,ისკამპ,b d,B,,n,,iskʼampʼi; iskʼampʼeⁿ,წკიპურტი,flick of fingers,щeлчок,**ისკამპ** *ბ დ* (ისკამპი; ისკამპეჼ) წკიპურტი
isrim,ისრიმ,j j,J,GE,n,,isrimeⁿ,ისრიმი,unripe grape,неспелый виноград,**ისრიმ** *ჲ ჲ* (ისრიმეჼ) ისრიმი *(შემოუსვლელი ყურძენი)*
iss,ისს,,,,num,,,ცხრა,nine,девять,**ისს** ცხრა
issl[o]ğeⁿ,ისსლ[ო]ღეჼ,,,,,,,,,,**ისსლ[ო]ღეჼ** მეცხრე
"itʼar, ʕitʼar","იტარ, ჵიტარ",,,,,,"rbis, darbis",,,,"**იტარ, ჵიტარ** გრდუვ. რბენა (რბის, დარბის), სირბილი"
"itʼ-d-ar, ʕitʼ--d-ar grdm.","იტ-დ-არ, ჵიტ--დ-არ გრდმ.",,,,,,gaakcevs,,,,"**იტ-დ-არ, ჵიტ--დ-არ გრდმ.** 1. გაქცევა (გააქცევს), გარბენინება (გაურბენინებს) 2. მოტაცება"
"itʼinĭ, ʕitʼinĭ","იტინი̆, ჵიტინი̆",,,,,,,,,,"**იტინი̆, ჵიტინი̆** მიმღ. გამქცევი, მორბენალი"
"itʼiš, ʕitʼiš","იტიშ, ჵიტიშ",,,,,,,,,,"**იტიშ, ჵიტიშ** სირბილით"
itʼtʼ,იტტ,,,,num,,,ათი,ten,десять,**იტტ** ათი
itʼtʼl[o]ğeⁿ,იტტლ[ო]ღეჼ,,,,,,,,,,"**იტტლ[ო]ღეჼ** მეათე , მეათედი"
ipⁿ,იფჼ,d d,,,,,,,,,**იფჼ** *დ დ* *იფნა*
iš,იშ,j j,J,,n,,ašajr/ašir; ašareⁿ,"ხმა, ჰანგი","voice, sound, melody","голос, звук, мотив, мелодия","**იშ** *ჲ ჲ* (აშაჲრ/აშირ; აშარეჼ) ხმა, ჰანგი"
d-išar,დ-იშარ,,,,vi,,cʼveba,წოლა (წვება),lie down,"лежать, ложиться",**დ-იშარ** გრდუვ. წოლა (წვება)
d-iš-d-ar,დ-იშ-დ-არ,,,,,,,,,,"**დ-იშ-დ-არ** გრდმ. 1. დახეთქება, დანარცხება, დარტყმა, მიხლა, მირტყმა 2. დაწვენა"
d-išenŏ,დ-იშენო̆,,,,,,,,,,"**დ-იშენო̆** მიმღ. 1. დაწოლილი 2. სწორი, ვაკიანი"
ištʼ,იშტ,,,,adv,,,ასე,so,так,**იშტ** ზმნს. ასე
"ištʼun, ištʼrun","იშტუნ, იშტრუნ",,,,,,,,,,"**იშტუნ, იშტრუნ**ასეთი, ამისთანა"
"ištʼunčʼ, ištʼrunčʼ","იშტუნჭ, იშტრუნჭ",,,,,,,,,,"**იშტუნჭ, იშტრუნჭ** სწორედ ასეთი"
"d-išujla, d-ipšujla","დ-იშუჲლა, დ-იფშუჲლა",,,,,,adgili,,,,"**დ-იშუჲლა, დ-იფშუჲლა** დასაწოლი (ადგილი)"
d-išujnĭ,დ-იშუჲნი̆,,,,,,,,,,**დ-იშუჲნი̆** მიმღ. 1. დასაწოლი 2. მწოლიარე
išxalenkʼaɁ,იშხალენკაჸ,,,,,,,,,,"**იშხალენკაჸ** მიმღ. ოდნავ ხრინწიანი, ოდნავ ხმაწასული, მოხრინწიანო"
išxalenŏ,იშხალენო̆,,,,,,,,,,"**იშხალენო̆** მიმღ. ხმადაკარგული, ხრინწიანი, ხმაჩახლეჩილი"
d-ic-d-alar,დ-იც-დ-ალარ,,,,vi,,[da]avicʼqʼdeba,დავიწყება ([და]ავიწყდება),forget,"забыть, забывать",**დ-იც-დ-ალარ** გრდუვ. დავიწყება ([და]ავიწყდება)
d-ic-d-ar,დ-იც-დ-არ,,,,,,[da]ivicʼqʼebs,,,,**დ-იც-დ-არ** გრდმ. დავიწყება ([და]ივიწყებს)
d-iclarikʼ,დ-იცლარიკ,,,,,,,,,,**დ-იცლარიკ** გულმავიწყი
icx,იცხ,,,,pro dem,,,უმაგისოდ,"without it, him, her","без него, без этого",**იცხ** იხ. ის
icxumplen,იცხუმფლენ,,,,,,,,,,"**იცხუმფლენ**მაგოდენა, მაგოდენი, მაგდენი, ეგოდენი"
icxus,იცხუს,,,,pro,,,,,,**იცხუს** ერგატივი
icxujn,იცხუჲნ,,,,,,,,,,**იცხუჲნ**კუთვნ. ნაცვ. მაგისი
icxujcʼin,იცხუჲწინ,,,,,,,,,,**იცხუჲწინ**უმაგისოდ
icʼatʼqʼ,იწატყ,,,,num,,,ორასი,two hundred,двести,**იწატყ** ორასი
d-icʼ-d-aqar,დ-იწ-დ-აჴარ,,,,,,[ga]aampʼartʼavnebs,,,,"**დ-იწ-დ-აჴარ** გრდმ. გაამპარტავნება ([გა]აამპარტავნებს), გაამაყება"
d-icʼ-d-aqqon,დ-იწ-დ-აჴჴონ,,,,,,,,,,"**დ-იწ-დ-აჴჴონ**მედიდური, ამაყი, ამპარტავანი; **დ-იწ-დ-აჴჴოჼ** *ხილ’არ გრდუვ. ამპარტავნობა;* **დ-იწ-დ-აჴჴუჲში̆** *ზმნს. მედიდურად, ამაყად*"
icʼilbicʼilŏ,იწილბიწილო̆,,,,,,,,,,**იწილბიწილო̆** იწილო-ბიწილო
icʼicʼatʼqʼ,იწიწატყ,,,,,,,,,,**იწიწატყ** ორას-ორასი
ixar,იხარ,,,,vi,,,"სვლა, დენა",go,"ходить, течь","**იხარ** გრდუვ. სვლა, დენა"
ixv,იხვ,d d,D,GE,n,,ixvi; ixveⁿ,იხვი,duck,утка,**იხვ** *დ დ* (იხვი; იხვეჼ)იხვი
ixitar,იხითარ,,,,,,,,,,**იხითარ** გრდმ. გაშვება
d-ixkʼar,დ-იხკარ,, ,,vt,,daacʼqʼobs,,pl,,**დ-იხკარ** გრდმ. დაწყობა (დააწყობს); უსრ. დ-ეხ-კარ
d-ixkʼenŏ,დ-იხკენო̆,,,,,,,,,,"**დ-იხკენო̆** მიმღ. დაწყობილი, დალაგებული"
d-ixkʼujla,დ-იხკუჲლა,,,,,,adgili,,,,**დ-იხკუჲლა** დასაწყობი (ადგილი)
ixujla,იხუჲლა,d d,,,,,,,,,"**იხუჲლა** *დ დ* სასვლელი, სადენი (მდინარისა)"
ija,იჲა,d d,D,GE,n,,ijaerč; ijajⁿ,ია,violet,фиалка,**იჲა** *დ დ* (იჲაერჩ; იჲაჲჼ) ია
ijabŏ,იჲაბო̆,b d,B,GE,n,,ivbeⁿ,იაბო (დაკოდილი ცხენი),gelding,мерин (холощенная лошадь),**იჲაბო̆** *ბ დ* (ივბეჼ) იაბო (დაკოდილი ცხენი)
ijazm,იჲაზმ,d d,D,GE,n,,ijazmeⁿ,აიაზმა,holy water,освященная вода,**იჲაზმ** *დ დ* (იჲაზმეჼ) აიაზმა
ijal,იჲალ,d d,D,GE,n,,,იელი,azalea,"кавказская одурь, понтийская дурь",**იჲალ** *დ დ* იელი
"ijalcʼila1, ijalcʼial1","იჲალწილა1, იჲალწიალ1",,,,,,,,,,"**იჲალწილა1, იჲალწიალ1**ჲ არევ-დარევა, კორიანტელი"
ijalcʼila2,იჲალწილა2,d d,J,,n,,,"არევ-დარევა, კორიანტელი","confusion, mix-up",смешение,"**იჲალწილა2** *დ დ* კაშკაში, ციმციმი"
ijanvar,იჲანვარ,b d,B,GE; RU,n,,,იანვარი,January,январь,**იჲანვარ** *ბ დ* იანვარი
ijasamaⁿ,იჲასამაჼ,d d,D,GE,n,,ijasamni; ijasamneⁿ,იასამანი,lilac,сирень,**იჲასამაჼ** *დ დ* (იჲასამნი; იჲასამნეჼ) იასამანი
d-ijenŏ,დ-იჲენო̆,,,,,,,,,,"**დ-იჲენო̆** მიმღ. 1. გაკეთებული, შესრულებული 2. შობილი, გაჩენილი 3. მოქსოვილი"
ijog,იჲოგ,j j,,,,,ivgi; ivgeⁿ,,,,**იჲოგ** *ჲ ჲ* (ივგი; ივგეჼ)სახსარი
=j,=ჲ,,,,,,,,,,**=ჲ** იხ. =ი
"ja, janh, jah","ჲა, ჲანჰ, ჲაჰ",,,,,,,,,,"**ჲა, ჲანჰ, ჲაჰ** ჰა, რა"
jaaɬar,ჲაალ’არ,,,,vi,,,"შეძლების, ძალის ქონა","be able to, have the capability, strength","иметь энергию, силу, мочь","**ჲაალ’არ** გრდუვ. შეძლების, ძალის ქონა"
japxol,ჲაფხოლ,j,,,,,,,,,"**ჲაფხოლ** *ჲ* 1. სითბო 2. გადატ. გულთბილობა, სითბო"
jašvašlob,ჲაშვაშლობ,d d,,,,,,,,,**ჲაშვაშლობ** *დ დ* დაძმობა
jašvašŏ,ჲაშვაშო̆,d,,,,,jašvašeⁿ,,,,**ჲაშვაშო̆** *დ* (ჲაშვაშეჼ) დაძმა
jašlob,ჲაშლობ,d,,,,,,,,,"**ჲაშლობ** *დ* დობა, დობილი"
jašŏ,ჲაშო̆,j d,F,,n,,jažar; jašeⁿ,და,sister,сестра,**ჲაშო̆** *ჲ დ* (ჲაჟარ; ჲაშეჼ)და
jačar,ჲაჩარ,,,,vi,,,"გაავდრება, გაწვიმება",have bad weather,дождить,"**ჲაჩარ** გრდუვ. გაავდრება, გაწვიმება"
jačnŏ,ჲაჩნო̆,j j,,,,,,,,,"**ჲაჩნო̆** *ჲ ჲ* უამინდობა, ავდარი"
jaxar,ჲახარ,,,,vt,,"utmens, itmens","ატანა, თმენა (უთმენს, ითმენს)",endure,"терпеть, выносить","**ჲახარ** გრდმ. ატანა, თმენა, (უთმენს, ითმენს)"
jaxmakʼar,ჲახმაკარ,,,,,,šeuʒlia moitminos,,,,"**ჲახმაკარ** გრდუვ. მოთმენა (შეუძლია მოითმინოს), ატანა (შეუძლია აიტანოს)"
jaxjalar,ჲახჲალარ,,,,,,aitʼaneba,,,,**ჲახჲალარ** გრდუვ. ატანა (აიტანება) მოთმენა (მოითმინება)
jaħlob,ჲაჰ’ლობ,d,,,,,,,,,"**ჲაჰ’ლობ** *დ* ქალიშვილობა, ქალობა"
jaħğeⁿ,ჲაჰ’ღეჼ,,,,,,,,,,"**ჲაჰ’ღეჼ** ქალური, ქალისებური"
je,ჲე,,,,conj,,,და,and,и,**ჲე** კავშ. და
=je,=ჲე,,,,,,,,,,"**=ჲე** ნაწილაკი =ც იხ. =ე 2. აწარმოებს მიმართ. ზედსართავს -ელი, -იანი."
jeg,ჲეგ,d d,D,,n,,jegeⁿ,ლუდი,beer,пиво,**ჲეგ** *დ დ* (ჲეგეჼ) ლუდი
jevŏ,ჲევო̆,,,,interj,,mimartva kʼacisa kʼacisadmi,"კაცო, ჭო (მიმართვა კაცისა კაცისადმი)","man, dude",обращение мужщины к мужчине,"**ჲევო̆** კაცო, ჭო (მიმართვა კაცისა კაცისადმი)"
jett,ჲეთთ,b,B,,n,,žabŏ; attiⁿ,ფური,"cow, cattle",корова,**ჲეთთ** *ბ* (ჟაბო̆; ათთიჼ) ფური
jetx,ჲეთხ,,,,,,,,,,**ჲეთხ** ექვსი
jetxl[o]ğeⁿ,ჲეთხლ[ო]ღეჼ,,,,,,,,,,"**ჲეთხლ[ო]ღეჼ** მეექვსე, მეექვსედი"
jetxlin,ჲეთხლინ,,,,,,,,,,**ჲეთხლინ**ექვსიანი
jeplar,ჲეფლარ,,,,vi,,esmis,სმენა (ესმის),"hear, understand","слышать, понимать",**ჲეფლარ** გრდუვ. სმენა (ესმის)
jecʼarvecʼar,ჲეწარვეწარ,d d,D,,n,,,"საყვარელი (ქალი და ვაჟი), შეყვარებული, არშიყნი",lover,влюбленные,"**ჲეწარვეწარ** *დ დ* საყვარელი (ქალი და ვაჟი), შეყვარებულები, არშიყნი"
jecʼarvecʼrob,ჲეწარვეწრობ,d d,D,,n,,,"სიყვარულობა, მიჯნურობა","love, infatuation",влюбленность,"**ჲეწარვეწრობ** *დ დ* სიყვარულობა, მიჯნურობა"
jexkʼ,ჲეხკ,j j,J,,n,,axkʼajrĭ; axkʼriⁿ,სავარცხელი,comb,"гребень, гребешок",**ჲეხკ** *ჲ ჲ* (ახკაჲრი̆; ახკრიჼ)სავარცხელი
jexcʼatʼqʼ,ჲეხწატყ,,,,,,ekvsǯer oci,,,,**ჲეხწატყ** ას ოცი (ექვსჯერ ოცი)
jo,ჲო,,,,interj,,mimartva kalisa kalisadmi,"ქალო, ქა (მიმართვა ქალისა ქალისადმი)",girl,обращение (восклицание) женщины к женщине,"**ჲო** ქალო, ქა (მიმართვა ქალისა ქალისადმი)"
"jobstʼ, jopštʼ","ჲობსტ, ჲოფშტ",j j,,,,,abstʼajrĭ; abstʼriⁿ,,,,"**ჲობსტ, ჲოფშტ** *ჲ ჲ* (აბსტაჲრი̆; აბსტრიჼ) მიწა"
jol,ჲოლ,j j,J,,n,,aliⁿ,თივა,hay,сено,**ჲოლ** *ჲ ჲ* (ალიჼ) თივა
jopʼqʼ,ჲოპყ,j j,J,,n,,apʼqʼajr/apʼqʼer; apʼqʼriⁿ,ნაცარი,ash,зола,**ჲოპყ** *ჲ ჲ* (აპყაჲრ/აპყერ; აპყრიჼ) ნაცარი
jopx,ჲოფხ,j,J,,n,,jopxeⁿ,"სიცხე, სითბო","heat, warmth","жара, теплота","**ჲოფხ** *ჲ* (ჲოფხეჼ) სიცხე, სითბო"
jopxjalar,ჲოფხჲალარ,,,,,,,,,,**ჲოფხჲალარ** გრდუვ. დაცხომა
joğ,ჲოღ,d d,,,,,joğeⁿ,,,,**ჲოღ** *დ დ* (ჲოღეჼ) ხაფანგი *(ექსპ.)*
joħ,ჲოჰ’,j d,F,,n,,maxkʼar; jaħiⁿ,"ქალი, ქალიშვილი, გოგონა","woman, girl, daughter","девочка, дочь","**ჲოჰ’** *ჲ დ* (მახკარ; ჲაჰ’იჼ) ქალი, ქალიშვილი, გოგონა"
joħ-voħ,ჲოჰ’-ვოჰ’,d,,,,,,,,,**ჲოჰ’-ვოჰ’** *დ* ქალ-ვაჟი
"joħoxǯor, iuħexǯor","ჲოჰ’ოხჯორ, იუჰ’ეხჯორ",d d,,,,,,,,,"**ჲოჰ’ოხჯორ, იუჰ’ეხჯორ** *დ დ* პირჯვარი **ჲოჰ’ეხჯორ დარ** გრდმ.პირჯვრის დაწერა (პირჯვარს იწერს, სწერს)"
joħkotʼŏ,ჲოჰ’ქოტო̆,j j,J,,n,,joħkotʼujⁿ,პირისახე,face,лицо,**ჲოჰ’ქოტო̆** *ჲ ჲ* (ჲოჰ’ქოტუჲჼ) პირისახე
jub,ჲუბ,j j,J,,n,,jubi; jubeⁿ,სადგისი,awl,шило,**ჲუბ** *ჲ ჲ* (ჲუბი; ჲუბეჼ) სადგისი
jupstʼin,ჲუფსტინ,,,,,,,,,,"**ჲუფსტინ**ხშირი, სქელი"
juqʼ ğorjar,ჲუყ ღორჲარ,,,,,,cʼelis gaqʼinva,,,,"**ჲუყ ღორჲარ** წელის გაშეშება, წელის გაკავება (წელის გაყინვა)"
"juqʼ, juqʼe[ħ]","ჲუყ, ჲუყე[ჰ’]",,,,,,ši,,,,"**ჲუყ, ჲუყე[ჰ’]** 1. ზმნს. შუაში, შუა 2. თანდ. მიც. ბრუნვასთან შორის, შუა(ში)"
juqʼ1,ჲუყ1,j j,,,n,,aqʼajrĭ,კვირტი (მატყლისა),short strand in carded wool,комочек шерсти,**ჲუყ1** *ჲ ჲ* (აყაჲრი̆)კვირტი *(მატყლის გაჩეჩვის შემდეგ დარჩენილი მოკლებეწვიანი მატყლი)* შდრ. ფუკ
juqʼ2,ჲუყ2,,J,,n,,juqʼeⁿ,წელი,"loin, waist",поясница,**ჲუყ2** (ჲუყეჼ) წელი *(ადამიანის სხეულის ნაწილი)*
juqʼa,ჲუყა,j j,J,,n,,,"შუაგული, შუა ადგილი; მიჯნა","middle, heart; boundary","середина, центр; межа","**ჲუყა** *ჲ ჲ* 1. შუაგული, შუა ადგილი 2. მიჯნა"
juqʼmatt,ჲუყმათთ,,,,,,,,,,**ჲუყმათთ** ზმნს. შუაგულში
juqʼmattde,ჲუყმათთდე,d,,,,,,,,,**ჲუყმათთდე** *დ* შუადღე
juqʼmatte[ħ],ჲუყმათთე[ჰ’],,,,,,,,,,**ჲუყმათთე[ჰ’]** ზმნს. შუაგულში
"juqʼmak tʼotʼi ettjar, tʼotʼi ottar","ჲუყმაქ ტოტი ეთთჲარ, ტოტი ოთთარ",,,,,,,,,,"**ჲუყმაქ ტოტი ეთთჲარ, ტოტი ოთთარ** გრდმ. დოინჯის შემოყრა **ჲუყეჼ წოდ**  სუკის მწვადი"
juqʼren tʼarkʼ,ჲუყრენ ტარკ,,,,,,ekspʼ.,,,,**ჲუყრენ ტარკ** შუა თითი *(ექსპ.)*
juqʼren,ჲუყრენ,,,,,,,,,,"**ჲუყრენ**შუალა, შუა, შუათანა; საშუალო"
juqʼreⁿ stʼakʼ,ჲუყრეჼ სტაკ,"v, b",,,,,juqʼreⁿ vaser; juqʼreⁿ stʼakʼiⁿ,,,,"**ჲუყრეჼ სტაკ** *ვ, ბ* (ჲუყრეჼ ვასერ; ჲუყრეჼ სტაკიჼ) *შუაკაცი, შუამავალი*"
juqʼreⁿjuqʼ,ჲუყრეჼჲუყ,,,,,,kadagiʒ.,,,,**ჲუყრეჼჲუყ** შიგადაშიგ *(ქადაგიძ.)*
juqʼjutʼqʼiⁿ,ჲუყჲუტყიჼ,,,,,,,,,,"**ჲუყჲუტყიჼ** წელწვრილი, ტანწერწეტა"
juxa,ჲუხა,j j,J,,n,,juxajšĭ; juxajⁿ,"ძირი (მთისა, ხისა...)","foot, base (of mountains, tree)","основание, подножие","**ჲუხა** *ჲ ჲ* (ჲუხაჲში̆; ჲუხაჲჼ) ძირი (მთისა, ხისა)"
juxe[ħ],ჲუხე[ჰ’],,,,,,,,,,"**ჲუხე[ჰ’]** თანდ. მიც. ბრ. ძირას, გვერდით"
čjuħ aɬar,ჩჲუჰ’ ალ’არ,,,,,,,,,,**ჩჲუჰ’ ალ’არ** *გრდმ. პირში თქმა*
juħ,ჲუჰ’,j j,J,,n,,juħajšĭ; juħeⁿ,"სახე, პირისახე",face,лицо,"**ჲუჰ’** *ჲ ჲ* (ჲუჰ’აჲში̆; ჲუჰ’ეჼ)სახე, პირისახე"
juħal,ჲუჰ’ალ,,,,adv,,,გაღმა,on the other side,"по ту сторону (реки, ущеля)",**ჲუჰ’ალ** ზმნს. გაღმა
"juħalin, juħalreⁿ","ჲუჰ’ალინ, ჲუჰ’ალრეჼ",,,,,,,,,,"**ჲუჰ’ალინ, ჲუჰ’ალრეჼ** გაღმელი"
juħbarča,ჲუჰ’ბარჩა,j j,,,,,,,,,"**ჲუჰ’ბარჩა** *ჲ ჲ* სახის მოყვანილობა, შესახედაობა"
juħlevinĭ,ჲუჰ’ლევინი̆,,,,,,,,,,**ჲუჰ’ლევინი̆** მიმღ. პირში მთქმელი
juħnetxiⁿ,ჲუჰ’ნეთხიჼ,,,,,,,,,,"**ჲუჰ’ნეთხიჼ** პირხმელი, პირთხელი"
jʕeɁ,ჲჵეჸ,j j,J,,n,,jʕaɁerč; jʕeɁeⁿ,თითისტარი,spindle,веретено,**ჲჵეჸ** *ჲ ჲ* (ჲჵაჸერჩ; ჲჵეჸეჼ) თითისტარი
l,ლ,,,,,,,,,,**ლ**ა მყოფადი იხ. დ-ალარ1
labžar,ლაბჟარ,,,,vi,,daucurdeba,"დაცურება (დაცურდება), დასხლტომა, დასხლეტა; დაძრომა (დაუძვერება), დასხლტომა","sail, float, slide, swim, slip","соскользнуть, соскальзнуться; увильнуть","**ლაბჟარ** გრდუვ. 1. დაცურება (დაუცურდება), დასხლტომა, დასხლეტა 2. გადატ. დაძვრომა (დაუძვრება), დახლტომა"
labž-d-ar,ლაბჟ-დ-არ,,,,,,gaacurebs,,,,"**ლაბჟ-დ-არ** გრდმ. 1. გაცურება (გააცურებს) [გა]მოცურება, მოსხლეტა, დაცურება (დააცურებს), აკვრა, ასხლეტა 2. გადატ. გაცურება (გააცურებს), აძრობა (ააძრობს)უსრ. ლე-ბჟ-დ-არ"
"labžila, labžil","ლაბჟილა, ლაბჟილ",d d,,,,,,,,,"**ლაბჟილა, ლაბჟილ** *დ დ* სასხლეტი (სადაც ფეხი სხლტება)"
labžinŏ,ლაბჟინო̆,,,,,,,,,,**ლაბჟინო̆** მიმღ. დაცურებული
labcʼar,ლაბწარ,d d,D,,vt,vi,,,,,**ლაბწარ** გრდუვ. 1. თამაში *(თამაშობს)* 2. *დ დ* თამაში
labcʼ-d-ar,ლაბწ-დ-არ,,,,,,"atamašebs, tamašobs",,,,"**ლაბწ-დ-არ** გრდმ. თამაში (ათამაშებს, თამაშობს)"
labcʼila,ლაბწილა,d d,,,,,,,,,"**ლაბწილა** *დ დ* 1. სათამაშო, სანავარდო, სასეირნო (ადგილი) 2. თამაში"
labcʼinĭ,ლაბწინი̆,,,,,,,,,,"**ლაბწინი̆** მოთამაშე, მოცეკვავე"
labcʼinŏ,ლაბწინო̆,,,,,,,,,,**ლაბწინო̆** მიმღ. ნათამაშევი
lagaz,ლაგაზ,j j,J,,n,,,მოცვი,"billberry, blueberry",черника,**ლაგაზ** *ჲ ჲ* მოცვი
lagmi,ლაგმი,j,J,GE,n,,,ლაგამი,horse's bit,удила,**ლაგმი** *ჲ* მრ. ლაგამი **ლაგმი ოხკარ** გრდმ. ლაგმის ამოდება
lav,ლავ,d d,D,,n,,laveⁿ,თოვლი,snow,снег,"**ლავ** *დ დ* (ლავეჼ) თოვლი **ლავ ლაქდარ** გრდმ. მოთოვა (მოთოვს), თოვლის გადაგდება"
lavar1,ლავარ1,,,,vi,,xmas gascems,"ხმის გაცემა (ხმას დასცემს), მიხმობა, გამოლაპარაკება","(begin to) speak to, call","заговорить (с кем-нибудь), призвать","**ლავარ1**გრდუვ. ხმის გაცემა (ხმას გასცემს), მიხმობა, გამოლაპარაკება უსრ. ლევარ"
lavar2,ლავარ2,,,,vi,,moitmens,"მოთმენა (მოითმენს), გაჭირვება (გაიჭირვებს), გაძლება, დათმობა, შელევა","endure, tolerate",вытерпеть,"**ლავარ2** გრდუვ. მოთმენა (მოითმენს), გაჭირვება, გაიჭირვებს, გაძლება, დათმობა, შელევა"
lavaš,ლავაშ,b d,B,GE,n,,lavši; lavšeⁿ,ლავაში,lavash bread,лаваш (особый вид хлеба),**ლავაშ** *ბ დ* (ლავში; ლავშეჼ)ლავაში
"laveren, lavareⁿ","ლავერენ, ლავარეჼ",,,,,,,,,,"**ლავერენ, ლავარეჼ** თოვლიანი"
lavlajnĭ,ლავლაჲნი̆,,,,,,,,,,"**ლავლაჲნი̆** მიმღ. დასათმობი, შესალევი"
lavmakʼar,ლავმაკარ,,,,,,"šeuʒlia gauʒlos, [ga]uʒlebs",,,,"**ლავმაკარ** გრდუვ. გაძლება (შეუძლია გაუძლოს, [გა]უძლებს)"
lazat,ლაზათ,j j,J,GE,n,,,ლაზათი,"charm, beauty","привлекательность, приятность",**ლაზათ** *ჲ ჲ* ლაზათი
lazrita,ლაზრითა,j j,J,GE,n,,,ლაზარეთი,field hospital,лазарет,**ლაზრითა** *ჲ ჲ* ლაზარეთი
latar1,ლათარ1,,,,vi,,ečʼidaveba,"ჭიდაობა (ეჭიდავება), დაჭიდება","fight, wrestle",бороться,"**ლათარ1** გრდუვ. ჭიდაობა (ეჭიდავება), დაჭიდება უსრ. ლეთარ1"
latar2,ლათარ2,,,,vi,,cʼaekʼideba cecxli,წაკიდება (წაეკიდება ცეცხლი),(fire) grab hold,охватить (об огне),**ლათარ2** გრდუვ. კიდება (წაეკიდება ცეცხლი) უსრ. ლეთარ2
latar3,ლათარ3,,,,vi stat,,akʼvria,კრობა (აკვრია),"be fixed, glued",лепиться,**ლათარ3** გრდუვ. სტატ. კრობა (აკვრია)
lat-d-ar1,ლათ-დ-არ1,,,,,,daačʼidebs,,,,**ლათ-დ-არ1**გრდმ. დაჭიდება (დააჭიდებს) უსრ. ლეთ-დ-არ1
lat-d-ar2,ლათ-დ-არ2,,,,,,cʼaukʼidebs,,,,**ლათ-დ-არ2**გრდმ. წაკიდება (წაუკიდებს) უსრ. ლეთ-დ-არ2
lat-d-ar3,ლათ-დ-არ3,,,,,,daacʼebebs,,,,**ლათ-დ-არ3**გრდმ. დაწებება (დააწებებს) უსრ. ლეთ-დ-არ3
later,ლათერ,,,,vi,,,ხოლმე,usually,,**ლათერ** ინფ-თან გადმოსცემს ხელმეობითობას ხოლმე
latt,ლათთ,d d,D,,n,,latteⁿ,ნაგავი,"rubbish, dirt","сор, мусор",**ლათთ** *დ დ* (ლათთეჼ) ნაგავი
lattar,ლათთარ,,,,vi,,dgas,დგომას (დგას),stand,стоять,**ლათთარ** გრდუვ. დგომა (დგას)იხ. ოთთარ
latt-d-ar1,ლათთ-დ-არ1,,,,,,,,,,**ლათთ-დ-არ1** გრდმ. დაყენება
latt-d-ar2,ლათთ-დ-არ2,,,,,,,,,,"**ლათთ-დ-არ2**გრდმ. მონაგვიანება, დანაგვიანება"
lattinĭ,ლათთინი̆,,,,,,,,,,"**ლათთინი̆** მიმღ. მდგომი, მდგარი"
latinŏ,ლათინო̆,,,,,,cecxl,,,,**ლათინო̆** მიმღ. (ცეცხლ) წაკიდებული
lalar,ლალარ,,,,vi,,daivlis,"დავლა (დაივლის), შემოვლა, გავლა, ჩავლა","go around, go","пройти, обойти (вокруг)","**ლალარ** გრდუვ. დავლა (დაივლის), შემოვლა, გავლა, ჩავლა; უსრ. ლელარ"
lal-d-ar,ლალ-დ-არ,,,,,,gaatʼarebs,,,,"**ლალ-დ-არ** გრდმ. გატარება (გაატარებს), დატარება, ჩამოტარება; გადასმა"
lam1,ლამ1,b d,B,,n,,lamni; lamuⁿ,მთა,mountain,гора,**ლამ1** *ბ დ* (ლამნი; ლამუჼ)მთა
lam2,ლამ2,b,B,,n,,,ცა,sky,небо,**ლამ2** *ბ* ცა
lam3,ლამ3,b d,B,GE,n,,,ლამი,(river) silt,ил,**ლამ3** *ბ დ* ლამი
lam-bar,ლამ-ბარ,d d,,,,,,,,,**ლამ-ბარ** *დ დ* მთა-ბარი
lamzar,ლამზარ,,,,,,[ga]lamazdeba,,,,**ლამზარ** გრდუვ. გალამაზება ([გა]ლამაზდება) დამშვენდება
lamzar-d-ar,ლამზარ-დ-არ,,,,,,[ga]alamazebs,,,,**ლამზარ-დ-არ** გრდმ. გალამაზება ([გა]ალამაზებს) მოლამაზება
lamzur,ლამზურ,,,GE,a,,,ლამაზი,beautiful,красивый,**ლამზურ**  ლამაზი
lamluⁿ,ლამლუჼ,,,,,,,,,,**ლამლუჼ** ზეგინდელი
lamnareⁿ,ლამნარეჼ,,,,,,,,,,"**ლამნარეჼ**  მთიანი, მთებიანი"
lamo,ლამო,j,,,,,,,,,**ლამო** *ჲ* ზეგ (ზეგინდელი დღე)
lamp1,ლამფ1,d d,D,GE,n,,lampi; lampeⁿ,ლამპა,lamp,лампа,**ლამფ1** *დ დ* (ლამფი; ლამფეჼ) ლამპა
lamp2,ლამფ2,d d,D,GE,n,,,ლამფა,thin ceiling board,тонкая доска (для потолка),**ლამფ2** *დ დ* ლამფა
lamŏ,ლამო̆,,,,adv,,,ზეგ,the day after tomorrow,послезавтра,**ლამო̆** ზმნს. ზეგ
langar,ლანგარ,d d,D,GE,n,,langri,"ლანგარი, სინი",large flat oval metal platter,поднос,"**ლანგარ** *დ დ* (ლანგრი) ლანგარი, სინი"
lanʒğod-d-alar,ლანძღოდ-დ-ალარ,,,GE,vi,,ilanʒğeba,ლანძღვა (ილანძღება),curse,ругаться,**ლანძღოდ-დ-ალარ** გრდუვ. ლანძღვა (ილანძღება)
lanʒğod-d-ar,ლანძღოდ-დ-არ,,,GE,vt,,lanʒğavs,ლანძღვა (ლანძღავს),swear at,"ругать, бранить",**ლანძღოდ-დ-არ** გრდმ. ლანძღვა (ლანძღავს); *სრ. გალანძღოდ-დ-არ*
lapʼ,ლაპ,b d,B,,n,,lapʼi; lapʼeⁿ,კიბე,"stairs, ladder",лестница,**ლაპ** *ბ დ* (ლაპი; ლაპეჼ) კიბე
lapʼr: lapʼr qottinŏ,ლაპრ: ლაპრ ჴოთთინო̆,,,,,,,,,,"**ლაპრ: ლაპრ ჴოთთინო̆** ლორწო-მოდებული, დალორწოებული"
lapʼqʼoⁿ,ლაპყოჼ,,,,,,čʼrelašv.,,,,**ლაპყოჼ** წმინდად დაფქული ფქვილი *(ჭრელაშვ.)*
lažvard,ლაჟვარდ,,,GE,n,,,ლაჟვარდი,"lapis-lazuli, azure",лазурь,**ლაჟვარდ** ლაჟვარდი
lar,ლარ,d d,D,GE,n,,,ლარი,"string, stretced cord, plumb line, measuring line",шнур (у строителей...),**ლარ** *დ დ* ლარი
laraɁ,ლარაჸ,,,,adv,,,"უკვე, უეცრად","already, suddenly ","уже, вдруг, внезапно","**ლარაჸ** ზმნს. უკვე, უეცრად"
lar-d-ar,ლარ-დ-არ,,,,vt,,dazveravs,"დაზვერვა (დაზვერავს), თვალთვალი","spy, surveil","украдкой смотреть, высмотреть, выследить","**ლარ-დ-არ** გრდმ. დაზვერვა (დაზვერავს), თვალთვალი უსრ. ლერ-დ-არ"
larkʼ,ლარკ,d j,D,,n,,larkʼi; larkʼeⁿ,ყური,ear,ухо,**ლარკ** *დ ჲ* (ლარკი; ლარკეჼ) ყური
larkʼ da,ლარკ და,,,,,,"vinmeskʼen, ramiskʼen",,,,"**ლარკ და** ყური აქვს (ვინმესკენ, რამისკენ)"
larkʼ qaɁdar,ლარკ ჴაჸდარ,,,,,,,,,,**ლარკ ჴაჸდარ** გრდმ. ყურის მოკვრა
"larkʼ ʕopar, larkʼ ʕepar","ლარკ ჵოფარ, ლარკ ჵეფარ",,,,,,qʼurs [da]ugdebs,,,,"**ლარკ ჵოფარ, ლარკ ჵეფარ** გრდმ. 1) ყურის დაგდება (ყურს [და]უგდებს), მოსმენა, სმენა; დაჯერება 2) თვალყურის დევნება, მიხედვა"
larkʼar,ლარკარ,,,,vt,,gakʼrečʼs,"გაკრეჭა (გაკრეჭს), გაპარსვა (ცხვრისა)","shear, cut hair","постричь, обстричь","**ლარკარ** გრდმ. გაკრეჭა (გაკრეჭს), გაპარსვა (ცხვრისა);უსრ. ლერკარ"
larkʼ-bʕarkʼ,ლარკ-ბჵარკ,d j,,,,,,,,,"**ლარკ-ბჵარკ** *დ ჲ* თვალ-ყური **ლარკ-ბჵარკ დითარ, ლარკ-ბჵარკ მეყდარ** გრდმ. თვალყურის დევნება"
larkʼbʕarkʼaleⁿ,ლარკბჵარკალეჼ,,,,,,,,,,**ლარკბჵარკალეჼ** ფრთხილი
larkʼujnĭ,ლარკუჲნი̆,,,,,,,,,,"**ლარკუჲნი̆** მიმღ. 1. გასაკრეჭი, საკრეჭი 2. გამკრეჭი"
larkʼʕepujnĭ,ლარკჵეფუჲნი̆,,,,,,,,,,**ლარკჵეფუჲნი̆** მიმღ. 1. მოსასმენი 2. მომსმენი; ყურის მგდებელი
lartʼaⁿ,ლარტაჼ,d d,D,GE,n,,,ლატანი,pole,"шест, жердь",**ლარტაჼ** *დ დ* ლატანი
lartʼoⁿ,ლარტოჼ,,,,adv,,cotʼa,(ცოტა) მეტი,and a bit,с лишним,**ლარტოჼ** (ცოტა) მეტი
larɬar,ლარლ’არ,,,,vt,,čamotvlis,"ჩამოთვლა (ჩამოთვლის); ჩათვლა (ჩათვლის ღირსად), მიჩნევა, ჩაგდება (ადამიანად), მიღება","count, list; consider, deem, reckon","пересчитать (по одному); счесть, признать","**ლარლ’არ** გრდმ. ჩამოთვლა (ჩამოთვლის) 2. გადატ. ჩათვლა (ჩათვლის ღირსად), მიჩნევა, ჩაგდება (ადამიანად), მიღება"
lasar,ლასარ,,,,vt,,gacris,გაცრა (გაცრის),sift,просеять,"**ლასარ**  გრდმ. გაცრა (გაცრის)**წანიშ ლასარ** გამტკიცვა, წმინდად გაცრა უსრ. ლესარ"
lasinŏ,ლასინო̆,,,,,,,,,,**ლასინო̆** მიმღ. გაცრილი; განაცერი
laslasajnŏ,ლასლასაჲნო̆,,,GE,adv,,,ლასლასით,staggeringly,плетясь,**ლასლასაჲნო̆** ლასლასით
lastʼar,ლასტარ,,,,vi,,gakandeba sakanelaze,გაქანება (გაქანდება საქნელაზე...),"swing, rock, sway",раскачаться (на качелях...),**ლასტარ** გრდუვ. გაქანება (გაქანდება საქანელაზე) უსრ. ლესტარ
lastʼ-d-ar,ლასტ-დ-არ,,,,,,"gaaknevs, gaiknevs",,,,"**ლასტ-დ-არ** გრდმ. გაქნევა (გააქნევს, გაიქნევს), მოქნევა; დარხევა; დაბერტყვა; უსრ. ლესტ-დ-არ"
lastʼqastʼ-d-ar,ლასტჴასტ-დ-არ,,,,vt,,,"გაქნევ-გამოქნევა, შერხევა, შენძრევა","wave (hand), stirr, shake, quiver","встряхнуть, качнуть","**ლასტჴასტ-დ-არ** გრდმ. გაქნევ-გამოქნევა, შერხევა, შენძრევა; უსრ. ლესტ-ჴესტ-დ-არ"
latʼar,ლატარ,,,,vi,,miešveleba,მიშველება (მიეშველება); მატება (იმატებს),help; add to one's sth,"помочь; прибавиться, увеличиться",**ლატარ** გრდუვ. 1. მიშველება (მიეშველება) 2. მატება (იმატებს) უსრ. ლეტარ
latʼ-d-ar,ლატ-დ-არ,,,,,,miašvelebs,,,,"**ლატ-დ-არ** გრდმ. 1. მიშველება (მიაშველებს)2. მიმატება, ჩამატება; უსრ. ლეტ-დ-არ"
latʼ-d-ijenŏ,ლატ-დ-იჲენო̆,,,,,,,,,,"**ლატ-დ-იჲენო̆** მიმღ. მომამატებული, გადამეტებული"
latʼujnĭ,ლატუჲნი̆,,,,,,,,,,"**ლატუჲნი̆** მიმღ. დამხმარე, მშველელი"
lap,ლაფ,b d,B,GE,n,,,ლაფი,"slush, filth",грязь,"**ლაფ**  *ბ დ* ლაფი **ლაფ ჴოთთბალარ** გადატ. ლაფის დასხმა (ლაფი დაესხმება), შერცხვენა"
lapaⁿ,ლაფაჼ,d d,D,GE,n,,lapneⁿ,ლაფანი (ხე),wing-nut (tree),"лапина, крылорешник (дерево)",**ლაფაჼ** *დ დ* (ლაფნეჼ) ლაფანი (ხე)
lapsar,ლაფსარ,,,,vi,,gašreba,გაშრობა (გაშრება),"dry, dry up",высушиться,**ლაფსარ** გრდუვ. გაშრობა (გაშრება) უსრ. ლეფსარ1
laps-d-ar,ლაფს-დ-არ,,,,,,gaašrobs,,,,"**ლაფს-დ-არ** გრდმ. გაშრობა (გააშრობს), გამშრალება; უსრ. ლეფს-დ-არ"
laps-d-itar,ლაფს-დ-ითარ,,,,,,,,,,**ლაფს-დ-ითარ** გრდმ. გაშრობინება
lapsinŏ,ლაფსინო̆,,,,,,,,,,**ლაფსინო̆** მიმღ. მშრალი
lak-d-alar,ლაქ-დ-ალარ,,,,vi,,movardeba,"მოვარდნა (მოვარდება), მივარდნა","dash, rush","налететь, броситься, нахлынуть, наброситься","**ლაქ-დ-ალარ** გრდუვ. მოვარდნა (მოვარდება), მივარდნა; უსრ. ლექ-დ-ალარ"
lak-d-ar,ლაქ-დ-არ,,,,vt,,gadaagdebs,"გადაგდება (გადააგდებს), მოგდება",throw,"выбросить, подбросить, набросить","**ლაქ-დ-არ** გრდმ. გადაგდება (გადააგდებს), მოგდება; უსრ. ლექ-დ-არ"
lak-d-itar,ლაქ-დ-ითარ,,,,vt,,gaagdebinebs,"გაგდებინება (გააგდებინებს), გადაგდებინება, ჩაგდებინება","have sb/sth thrown out, make sb thrown","заставить бросить, сбросить, выронить","**ლაქ-დ-ითარ** გრდმ. გაგდებინება (გააგდებინებს), გადაგდებინება, ჩაგდებინება; უსრ. ლექ-დ-ითარ"
"laklak, laklak-dar","ლაქლაქ, ლაქლაქ-დარ",,,,,,laklakebs,,,,"**ლაქლაქ, ლაქლაქ-დარ** გრდმ. ლაქლაქი (ლაქლაქებს)"
laqʼ,ლაყ,,,GE,a,,,ლაყე,"rotten, bad",тухлый,**ლაყ** ლაყე
laqʼuč,ლაყუჩ,j j,J,GE,n,,laŭqʼči; laŭqʼčeⁿ,ლაყუჩი,(fish) gills,жабры,**ლაყუჩ** *ჲ ჲ* (ლაუ̆ყჩი; ლაუ̆ყჩეჼ)ლაყუჩი
lašar,ლაშარ,,,,vi,,gamožonavs,გაჟონვა (გაჟონავს),leak,"просочиться, протечь",**ლაშარ** გრდუვ. გაჟონვა (გამოჟონავს); უსრ. ლეშარ
lačaħo,ლაჩაჰ’ო,j j,,,,,,,,,"**ლაჩაჰ’ო** *ჲ ჲ* თავქვე, დაღმა [თავ]დაღმართი"
"lačaħŏ, lača[ħ]","ლაჩაჰ’ო̆, ლაჩა[ჰ’]",,,,,,,,,,"**ლაჩაჰ’ო̆, ლაჩა[ჰ’]** ზმნს. თავქვე"
lačħalo,ლაჩჰ’ალო,j j,,,,,,,,,**ლაჩჰ’ალო** *ჲ ჲ* აღმართ-დაღმართი
lačħečʼar,ლაჩჰ’ეჭარ,,,,,,ibğvireba,,,,"**ლაჩჰ’ეჭარ** გრდუვ. ალმაცერად ყურება, ბღვერა (იბღვირება);იხ. ჰ’ეჭარ"
lacar,ლაცარ,,,,vt,,,"დაკვება, დაჭერა","grab, hold","держать, взять (в руки)","**ლაცარ** გრდმ. დაკავება, დაჭერა"
lac-d-ar,ლაც-დ-არ,,,,,,daičʼers,,,,"**ლაც-დ-არ** გრდმ. 1. დაჭერა (დაიჭერს) დაკავება 2. დაჭერა (დაიჭერს) დაპატიმრება 3. დახუთვა (დახუთავს); დაკავება (დაუკავებს ხელფასს) ; 4. დაკავება (დაიკავებს ბინას), დაქირავება; უსრ. ლეც-დ-არ"
lac-d-ijenŏ,ლაც-დ-იჲენო̆,,,,,,,,,,**ლაც-დ-იჲენო̆** მიმღ. 1. დაჭერილი; დახუთული 2. გადატ. მოხიბლული
lacitar,ლაცითარ,,,,,,,,,,**ლაცითარ** გრდმ. 1. დაჭერინება 2. მიღებინება
"lacʼ : lacʼbaqitar, lacʼbaħitar","ლაწ : ლაწბაჴითარ, ლაწბაჰ’ითარ",,,,,,,,,,"**ლაწ : ლაწბაჴითარ, ლაწბაჰ’ითარ** გრდმ. ლაწანის გადენა, სილის გაწვნა"
lacʼan-d-olar,ლაწან-დ-ოლარ,,,,,,astʼkʼivdeba,,,,"**ლაწან-დ-ოლარ** გრდუვ. ავად გახდომა, ატკივება (ასტკივდება)"
lacʼar,ლაწარ,,,,,,stʼkʼiva,,,,"**ლაწარ** 1. გრდუვ. ტკივილი (სტკივა)**ლაწარ ჴაჸარ** გრდუვ. სატკივრის გადადება (სატკივარი გადაედება), შეყრა (შეეყრება), გაჭირიანება **ლაწარ ჴაჸდარ** გრდმ. ჭირის, სნეულების გადადება, შეყრა (ჭირს, სნეულებას შეჰყრის), დაჭირიანება **ლაწარ დეჴარ** გრდუვ. ავადმყოფობის მოხდა"
lacʼardeqinŏ,ლაწარდეჴინო̆,,,,,,,,,,"**ლაწარდეჴინო̆** მიმღ. ავადმყოფობა-მოხდილი, ნაავადმყოფარი"
lacʼ-d-ar,ლაწ-დ-არ,,,,,,atʼkʼens,,,,**ლაწ-დ-არ** გრდმ. ტკენა (ატკენს)
lacʼ-d-ijenŏ,ლაწ-დ-იჲენო̆,,,,,,rac atʼkʼines,,,,**ლაწ-დ-იჲენო̆** მიმღ. ნატკენი (რაც ატკინეს) დაშავებული ადგილი
lacʼinĭ,ლაწინი̆,,,,,,,,,,"**ლაწინი̆** მიმღ. მტკივანი, მტკივნეული"
lacʼinŏ,ლაწინო̆,,,,,,,,,,**ლაწინო̆** ნატკენი
lacʼiš: lacʼiš d-a,ლაწიშ: ლაწიშ დ-ა,,,,,,,,,,**ლაწიშ: ლაწიშ დ-ა** ავად არის
lacʼmar,ლაწმარ,d d,,,,,,,,,**ლაწმარ** *დ დ* ავადმყოფი
lačʼqʼ-d-alar,ლაჭყ-დ-ალარ,,,,vi,,daimaleba,დამალვა (დაიმალება),be hidden,"спрятаться, скрыться",**ლაჭყ-დ-ალარ** გრდუვ. დამალვა (დაიმალება);უსრ. ლეჭყ-დ-ალარ
lačʼqʼ-d-ar,ლაჭყ-დ-არ,,,,,,damalavs,,,,**ლაჭყ-დ-არ** გრდმ. დამალვა (დამალავს);უსრ. ლეჭყ-დ-არ
lačʼqʼlaxkʼ-d-alar,ლაჭყლახკ-დ-ალარ,,,,vi,,miimal-moimaleba,მიმალ-მომალვა (მიიმალ-მოიმალება),hide here and there,"спрятаться, припрятаться, скрыться",**ლაჭყლახკ-დ-ალარ** გრდუვ. მიმალ-მომალვა (მიიმალ-მოიმალება);უსრ. ლეჭყლეხკ-დ-ალარ
lačʼqʼlaxkʼ-d-ar,ლაჭყლახკ-დ-არ,,,,,,mimal-momalavs,,,,**ლაჭყლახკ-დ-არ** გრდმ. მიმალ-მომალვა (მიმალ-მომალავს)
lačʼqʼoš,ლაჭყოშ,,,,,,,,,,"**ლაჭყოშ** მალვით, ფარულად, საიდუმლოდ"
lax,ლახ,j j,J,,n,,laxeⁿ,"ნეხვი, ნაკელი","dung, manure","навоз, помет","**ლახ** *ჲ ჲ* (ლახეჼ) ნეხვი, ნაკელი"
laxar,ლახარ,,,,vt,,,მოძებნა,"find, seek out",отыскать,**ლახარ** გრდმ. მოძებნა; უსრ. ლეხარ
lax-d-ar,ლახ-დ-არ,,,,,,adablebs,,,,**ლახ-დ-არ** გრდმ. დადაბლება (ადაბლებს)
laxitar,ლახითარ,,,,,,,,,,**ლახითარ** გრდმ. მოძებნინება
laxkʼar1,ლახკარ1,,,,vt,,sakonlisa,,pl,,"**ლახკარ1** გრდმ. მრ. გარეკვა, მირეკვა, მილალვა (საქონლისა);უსრ. ლეხკარ1"
laxkʼar2,ლახკარ2,,,,vt,,gaapartxalebs,"გაფართხალებ (გააფართხალებს), გაქანება; თამაში (კოჭის, ქაღალდის, ნარდის...)","wave, swing, rock; play game","бить (руками, ногами), взмахнуть; сыграть (в бабки, кары, нарды...)","**ლახკარ2** 1. გრდმ. გაფართხალება (გააფართხალებს) გაქანება 2. თამაში (კოჭის, ქაღალდის, ნარდის) უსრ. ლეხკარ2"
laxkʼ-d-alar,ლახკ-დ-ალარ,,,,,,apartxaleba,,,,**ლახკ-დ-ალარ** გრდუვ. ფართხალი (აფართხალება);უსრ. ლეხკ-დ-ალარ
laxkʼujnĭ,ლახკუჲნი̆,,,,,,,,,,**ლახკუჲნი̆** მიმღ. 1. გასარეკი 2. გამრეკი
laxol,ლახოლ,j,,,,,,,,,**ლახოლ** *ჲ* სიდაბლე
laxuⁿ,ლახუჼ,,,,a,,,დაბალი,low,низкий,**ლახუჼ** დაბალი
laxuš,ლახუშ,,,,,,,,,,"**ლახუშ** *ზმნს. დაბლა, ძირს, ქვემოთ*"
laxujnĭ,ლახუჲნი̆,,,,,,,,,,**ლახუჲნი̆** მიმღ. 1. მოსაძებნი  2. მომძებნელი
"laǯo: laǯo d-aɬar, laǯo d-axar","ლაჯო: ლაჯო დ-ალ’არ, ლაჯო დ-ახარ",,,,,,modundeba,,,,"**ლაჯო: ლაჯო დ-ალ’არ, ლაჯო დ-ახარ** გრდუვ. მოდუნება (მოდუნდება), მოშვება"
"laŭmren, loŭmreⁿ","ლაუ̆მრენ, ლოუ̆მრეჼ",,,,,,,,,,"**ლაუ̆მრენ, ლოუ̆მრეჼ** მთიელი, მთისა"
laŭkcebad-d-alar,ლაუ̆ქცებად-დ-ალარ,,,GE,vi,,elakuceba,ლაქუცი (ელაქუცება),wag tail,ласкаться,**ლაუ̆ქცებად-დ-ალარ** გრდუვ. ლაქუცი (ელაქუცება)
laŭxna,ლაუ̆ხნა,d d,,,,,,,,,**ლაუ̆ხნა** *დ დ* დაბლობი
laŭxšiⁿ,ლაუ̆ხშიჼ,,,,,,,,,,"**ლაუ̆ხშიჼ** ქვევითა, ქვედა"
"laŭħŭ, laŭvħŭ","ლაუ̆ჰ’უ̆, ლაუ̆ვჰ’უ̆",d d,,,,,,,,,"**ლაუ̆ჰ’უ̆, ლაუ̆ვჰ’უ̆** *დ დ* სატანი, შესატანებელი (ყველი, ხაჭო..) იხ. ლაჰ’არ2, ლაჰ’უჲნი̆"
laħ,ლაჰ’,b d,B,,n,,laħi; laħeⁿ,გველი,snake,земля,**ლაჰ’** *ბ დ* (ლაჰ’ი; ლაჰ’ეჼ) გველი **ლაჰ’ეჼ ბადერ** დდ გველის წიწილი
laħar1,ლაჰ’არ1,,,,vt,,daabralebs,"დაბრალება (დააბრალებს), დაწამება","blame, accuse",обвинить,"**ლაჰ’არ1** გრდმ. დაბრალება (დააბრალებს), დაწამება უსრ. ლეჰ’არ1"
laħar2,ლაჰ’არ2,,,,vt,,šeatʼans,შეტანება (შეატანს),eat sth with sth,съесть с чем-нибудь,**ლაჰ’არ2** გრდმ. შეტანება (შეატანს);უსრ. ლეჰ’არ2
laħar3,ლაჰ’არ3,,,,vt,,xels axlebs,"ხელის ხლება (ხელს ახლებს), შეხება (შეახებს)",touch  with hand,"тронуть, прикоснуться (рукой)",**ლაჰ’არ3**  გრდმ. ხელის ხლება (ხელს ახლებს) შეხება (შეახებს);უსრ. ლეჰ’არ
laħ-d-alar,ლაჰ’-დ-ალარ,,,,,,šeexeba,,,,"**ლაჰ’-დ-ალარ** გრდუვ. შეხება (შეეხება), მიკარება, დაკარება 2. დაბრალება (დაბრალდება)"
laħ-d-ar,ლაჰ’-დ-არ,,,,vt,,,"დაკრეფა, მოკრეფა","pick, harvest",собрать (фрукты),"**ლაჰ’-დ-არ** გრდმ. დაკრეფა, მოკრეფა; უსრ. ლეჰ’-დ-არ"
laħ-d-ujnĭ,ლაჰ’-დ-უჲნი̆,,,,,,,,,,"**ლაჰ’-დ-უჲნი̆** მიმღ. 1. მოსაკრეფი, დასაკრეფი, ასაკრეფი 2. [მო]მკრეფავი, მომკრეფი"
laħujnĭ,ლაჰ’უჲნი̆,d d,,,,,,,,,"**ლაჰ’უჲნი̆** *დ დ* სატანი, შესატანებელი, მისაჭმელი (=ყველი, ხაჭო);იხ. ლაუ̆ჰ’უ̆"
"lajztven, laztŭeⁿ","ლაჲზთვენ, ლაზთუ̆ეჼ",,,,,,,,,,"**ლაჲზთვენ, ლაზთუ̆ეჼ** ლაზათიანი"
lajt-d-isar,ლაჲთ-დ-ისარ,,,,,,"siberisgan, dağlilobisgan",,,,"**ლაჲთ-დ-ისარ** გრდუვ. დავარდნა (სიბერისგან, დაღლილობისგან)"
lajt-d-isenŏ,ლაჲთ-დ-ისენო̆,,,,,,"siberisagan, dačʼlilobisagan",,,,"**ლაჲთ-დ-ისენო̆** მიმღ. დავარდნილი (სიბერისაგან, დაჭლილობისაგან)"
lajttnŏ,ლაჲთთნო̆,d d,,,,,,,,,"**ლაჲთთნო̆** *დ დ* ნადგომი, ნაბინარი"
lajmzra,ლაჲმზრა,d d,,,,,,,,,**ლაჲმზრა** *დ დ* სილამაზე
lajnĭ,ლაჲნი̆,,,,,,,,,,"**ლაჲნი̆** მიმღ. მოკვდავი, მოსაკვდომი, სასიკვდილო"
lajpsno,ლაჲფსნო,d d,,,,,,,,,"**ლაჲფსნო** *დ დ* სიხმელე, სიმშრალე"
lajcʼlujcʼĭ,ლაჲწლუჲწი̆,d,D,GE,n,,,ლაწალუწი,"crashing sound, horns clashing","треск, трескотня",**ლაჲწლუჲწი̆** *დ* ლაწალუწი
laqar,ლაჴარ,,,,vt,,,"ჩაწება, დაწება",dip,обмакнуть,"**ლაჴარ** გრდმ. ჩაწება, დაწება **ჩუ ლაჴ საქმოჼ** გადატ. მისცხე საქმეს **ტაფ ლაჴარ** გაელვება უსრ. ლეჴარ"
laq-d-ar,ლაჴ-დ-არ,,,,vt,,gaišvers,"გაშვერა (გაიშვერს), აბზეკა","stretch, reach up","протянуть, поднять (палец...)","**ლაჴ-დ-არ** გრდმ. გაშვერა (გაიშვერს), აბზეკა; უსრ. ლეჴ-დ-არ"
laqeⁿ,ლაჴეჼ,,,,a,,,მაღალი,"high, tall",высокий,"**ლაჴეჼ** მაღალი **ლაჴიშ, ლაჴეჲში̆** ზმნს. 1. მაღლა, ზევით 2. ხმამაღლა **ლაჴეჲში̆ დ-ათხარ** გრდუვ. ხმით დატირება, სიტყვებით, მოთქმით ტირილი, გოდება **ლაჴეჲში̆ თხუჲნი̆** მიმღ. ხმამაღლა მტირალი, დამტირებელი, მოზარე **ლაჴეჲშ დ-ექარ, ლაჴიშ დ-ექარ** *გრდმ.* [ხმა]მაღლა შეძახება, [ხმა]მაღლა დაძახება, დაკივლება"
laqlaqejšĭ,ლაჴლაჴეჲში̆,,,,,,,,,,**ლაჴლაჴეჲში̆** მაღლა-მაღლა
laqna,ლაჴნა,d d,,,,,,,,,**ლაჴნა** *დ დ* მაღლობი
laqol,ლაჴოლ,j j,,,,,,,,,**ლაჴოლ** *ჲ ჲ* სიმაღლე
laɁar,ლაჸარ,d d,D,,,vi,scʼadia,,,,"**ლაჸარ** გრდუვ. 1. წადილი (სწადია), სურვილი (სურს), მონდომება, ნდომა (უნდა)*;* 2. *დ დ* სურვილი, წადილი"
le,ლე,,,,conj,,,ან; ანუ,or,"или, или же",**ლე** კავშ. ან: ანუ
lebiv,ლებივ,b d,B,GE,n,,,ლობიო,bean,фасоль,"**ლებივ** *ბ დ* ლობიო **ლეჲბვაჲჼ,** **ლიბეჼ ხეჼ** *ბ დ* აკაცია"
lebžar,ლებჟარ,,,,vi,,srialebs,"სრიალებს (სრიალებს), სხლეტა (სხლტება), ცურვა (ცურდება)","sail, float, slide, swim, slip",скользить,"**ლებჟარ** გრდუვ. სრიალი(სრიალებს), სხლეტა (სხლტება), ცურვა (ცურდება); სრ. ლაბჟარ"
lebž-d-ar,ლებჟ-დ-არ,,,,,,acurebs,,,,**ლებჟ-დ-არ** გრდმ. 1. გაცურება (აცურებს) 2. გადატ. აძრობა (აძრობს) სრ. ლაბჟ-დ-არ
lebžila,ლებჟილა,d d,,,,,adgili,,,,"**ლებჟილა** *დ დ* საცურავი (ადგილი), ლიპი, [და]სახლეტი, სასხლტომი"
leg,ლეგ,,,GE,a,,,ლეგა ფერი,grey,серый,**ლეგ**  ლეგა ფერი
levar,ლევარ,,,,vi,,ambobs,"თქმა (ამბობს), ლაპარაკი",speak,говорить,"**ლევარ** გრდუვ. თქმა (ამბობს), ლაპარაკი; სრ. ლავარ"
lev-d-ar,ლევ-დ-არ,,,,vt,,,თქმა (ამბობს),say,говорить,**ლევ-დ-არ** გრდმ. თქმა; სრ. ალ’არ
letar1,ლეთარ1,,,,vi,,čʼidaobs,"ჭიდაობა (ჭიდაობს), ბრძოლა, წაკიდება, ჩხუბი (ჩხუბობს)","fight, wrestle","бороться, воевать, ссориться","**ლეთარ1** გრდუვ. ჭიდაობა (ჭიდაობს), ბრძოლა (წაკიდება, ჩხუბი (ჩხუბობს); სრ. ლათარ1"
letar2,ლეთარ2,,,,vi,,ekʼideba cecxli,წაკიდება (ეკიდება ცეცხლი),(fire) take hold of,охватывать (об огне),**ლეთარ2** გრდუვ. წაკიდება (ეკიდება ცეცხლი); სრ. ლათარ2
letar3,ლეთარ3,,,,vi,,[ga]uǯavrdeba,გაჯავრება (გა[უ]ჯავრდება),get angry,сердиться,**ლეთარ3** გრდუვ. გაჯავრება ([გა]უჯავრდება)
let-d-ar1,ლეთ-დ-არ1,,,,,,ačʼidebs,,,,**ლეთ-დ-არ1** გრდმ. დაჭიდება (აჭიდებს);სრ. ლათ-დ-არ
let-d-ar2,ლეთ-დ-არ2,,,,,,"cʼaukʼidebs cecxls, asants...",,,,"**ლეთ-დ-არ2** გრდმ. წაკიდება (წაუკიდებს ცეცხლს, ასანთს...) სრ. ლათ-დ-არ2"
let-d-ar3,ლეთ-დ-არ3,,,,vt,,acʼebebs,"დაცებება (აცებებს), დაკოწიწება (აკოწიწებს)",assemble,складывать,"**ლეთ-დ-არ3** დაწებება (აწებებს), დაკოწიწება (აკოწიწებს);სრ. ლათ-დ-არ3"
letinĭ,ლეთინი̆,,,,,,,,,,"**ლეთინი̆** მიმღ. მებრძოლი, მოჭიდავე"
letinŏ,ლეთინო̆,,,,,,,,,,"**ლეთინო̆** მიმღ. ნაბრძოლი, ნაჩხუბარი; ნაჭიდავები"
letxan ixar,ლეთხან იხარ,,,,,,cekʼvavs,,,,**ლეთხან იხარ** გრდუვ. ცეკვა (ცეკვავს)
letxar,ლეთხარ,,,,vi,,xtʼis,,ipf,,**ლეთხარ** გრდუვ. ხტომა (ხტის) დახტომა; სრ. ეჴჴარ
letx-d-ar,ლეთხ-დ-არ,,,,,,axtʼunebs,,,,"**ლეთხ-დ-არ**  გრდმ. მრ. 1. გადახტუნება (ახტუნებს), გაგდებს (აგდებს)2. [მო]გლეჯა, ამოგდება; სრ. ეჴჴ-დ-არ"
letx-d-itar,ლეთხ-დ-ითარ,,,,,,,,,,**ლეთხ-დ-ითარ** გრდმ. დასხეპინება
letx-labcʼar,ლეთხ-ლაბწარ,,,,,,xtʼis da tamašobs,,,,"**ლეთხ-ლაბწარ** გრდუვ. ხტომა-თამაში (ხტის და თამაშობს), ნავარდი (ნავარდობს)"
letxlabcʼri,ლეთხლაბწრი,d,,,,,,,,,"**ლეთხლაბწრი** *დ* ხტომა-თამაშობანი **ლეთხ-ლეთხიშ** ზმნს. ხტომა-ხტომით, ხტუნვით"
letxsetxar,ლეთხსეთხარ,,,,,,mixtʼis da moxtʼis,,,,**ლეთხსეთხარ** გრდმ. მიხტომ-მოხტომა (მიხტის და მოხტის)
leib,ლეიბ,d d,D,GE,n,,lejbi; lejbeⁿ,ლეიბი,mattress,тюфяк,**ლეიბ** *დ დ* (ლეჲბი; ლეჲბეჼ) ლეიბი
"lejvrikʼ, lejvrikʼaɁŏ","ლეჲვრიკ, ლეჲვრიკაჸო̆",,,,,,,,,,"**ლეჲვრიკ, ლეჲვრიკაჸო̆** მკიცხავი, მკილავი, მძრახავი"
"lejt-d-isar, liit-d-isar","ლეჲთ-დ-ისარ, ლიით-დ-ისარ",,,,,,[mi]ekʼroba,,,,"**ლეჲთ-დ-ისარ, ლიით-დ-ისარ** გრდუვ. მიკრობა ([მი]ეკრობა)"
"lejlno, lilno","ლეჲლნო, ლილნო",d,,,,,,,,,"**ლეჲლნო, ლილნო** *დ* ნატარი, ნავალი, ნასიარულევი"
"lejčʼqʼdorkʼi, liičʼqʼdujrĭ","ლეჲჭყდორკი, ლიიჭყდუჲრი̆",d,,,,,,,,,"**ლეჲჭყდორკი, ლიიჭყდუჲრი̆** *დ* მრ. კუკუმალულობა, თვალხუჭუნა"
lekʼ,ლეკ,v b,M,GE,n,,lekʼi; lekʼeⁿ,ლეკი,Daghestanian,лезгин,**ლეკ**  *ვ ბ* (ლეკი; ლეკეჼ)ლეკი *ლეკი*
lekʼv,ლეკვ,d d,D,GE,n,,,"ლეკის ხე, ლეკა, ნეკერჩხალი",maple,клен,"**ლეკვ** *დ დ* ლეკის ხე, ლეკა, ნეკერჩხალი"
lelar,ლელარ,,,,vi,,"dadis, daiareba","სიარული (დადის, დაიარება)","go, travel",ходить,"**ლელარ** გრდუვ. სიარული (დადის, დაიარება)"
leldalar,ლელდალარ,,,,,,gaivleba,,,,**ლელდალარ** გრდუვ. გავლა (გაივლება)შდრ. ლალარ
lel-d-ar,ლელ-დ-არ,,,,,,,,,,"**ლელ-დ-არ** გრდმ. ტარება, დატარება, ჩამოტარება; სრ. ლალ-დ-არ"
lel-d-atʼar,ლელ-დ-ატარ,,,,,,,,,,"**ლელ-დ-ატარ** გრდუვ. ტანტალი, წანწალი, ხეტიალი"
lel-d-atʼinĭ,ლელ-დ-ატინი̆,,,,,,,,,,"**ლელ-დ-ატინი̆** მიმღ. მოხეტიალე, მაწანწალა, მოტანტალე"
"leldatʼniši, leldatʼri","ლელდატნიში, ლელდატრი",,,,,,,,,,"**ლელდატნიში, ლელდატრი** დ მრ. მოარული სენი"
lelinĭ,ლელინი̆,,,,,,,,,,"**ლელინი̆** მიმღ. მავალი, მოსიარულე; სიარულის, წანწალის მოყვარული"
lelinŏ,ლელინო̆,,,,,,,,,,"**ლელინო̆** მიმღ. ნავალი, ნასიარულევი, ნამგზავრი"
lellajnĭ,ლელლაჲნი̆,,,,,,,,,,"**ლელლაჲნი̆** მიმღ. სადაც სიარული შეიძლება, სავლელი"
lelcʼiⁿ,ლელწიჼ,,,,,,,,,,"**ლელწიჼ** უვალი, მიუვალი, გაუვალი"
ler-d-ar,ლერ-დ-არ,,,,vt,,zveravs,ზვერვა (ზვერავს) თვალთვალი,"spy, surveil","украдкой следить, высматривать, выслеживать",**ლერ-დ-არ** გრდმ. ზვერვა (ზვერავს) თვალთვალი; სრ. ლარ-დ-არ
ler-d-ujla,ლერ-დ-უჲლა,d,,,,,,,,,"**ლერ-დ-უჲლა** *დ* საზვერავი, სამზერი (ადგილი, საიდანაც შეიძლება მალვით თვალყურის დევნება)"
lerkʼar,ლერკარ,,,,vt,,cxvrisa,"კრეჭა, პარსვა (ცხვრისა)","shave, fleece",стричь,"**ლერკარ**  გრდმ. კრეჭა, პარსვა (ცხვრისა);სრ. ლარკარ"
lesar,ლესარ,,,,vt,,cris,"ცრა (ცრის), ცხავება",sift,"сеять, просейвать","**ლესარ** გრდმ. ცრა (ცრის), ცხავება;სრ. ლასარ"
lestʼar,ლესტარ,,,,vi,,,ქანაობა,"swing, sway, rock",качаться,**ლესტარ** გრდუვ. ქანაობა; სრ. ლასტარ
lestʼ-d-ar,ლესტ-დ-არ,,,,,,"aknevs, iknevs, akanebs",,,,"**ლესტ-დ-არ** გრდმ. ქნევა (აქნევს, იქნევს, აქანებს), რხევა, ნძრევა, რყევა"
lestʼila,ლესტილა,d d,,,,,lestʼileš; lestʼileⁿ,,,,**ლესტილა** *დ დ* (ლესტილეშ; ლესტილეჼ) საქანელა
letʼar,ლეტარ,,,,vi,,švelis,"შველა (შველის) დახმარება, ხელის შეწყობა; მატება (ემატება); ადიდება",help; add to one's sth; swell (river),"помогать; прибавлятся, увеличиваться","**ლეტარ** გრდუვ. 1. შველა (შველის) დახმარება, ხელის შეწყობა 2. მატება (ემატება); ადიდება; სრ. ლატარ"
letʼinĭ,ლეტინი̆,,,,,,,,,,"**ლეტინი̆** მიმღ. მშველელი, ქომაგი, შემწე, მოსარჩლე"
lepar,ლეფარ,,,,vi,,elvarebs,"ელვარება (ელვარებს), ბზინვა","sparkle, glitter, dazzle","сверкать, сиять, блестеть","**ლეფარ** გრდუვ. ელვარება (ელვარებს), ბზინვა; *სრ. ლაფარ*"
lepila,ლეფილა,d d,,,,,,,,,**ლეფილა** *დ დ* ელვარება
lepinĭ,ლეფინი̆,,,,,,,,,,"**ლეფინი̆** [მო]ელვარე, ბრწყინვალე, ბზინვარე, ბჭყვრიალა"
lepsar1,ლეფსარ1,,,,vi,,šreba,შრობა (შრება),"dry, dry up, dry out",высыхать,**ლეფსარ1**გრდმ. შრობა (შრება);სრ. ლაფსარ
lepsar2,ლეფსარ2,,,,vt,,tkveps,"დღვება, თქვლეფა (თქვლეფს)","beat, churn (milk, eggs)","сбивать (молоко, яйца)","**ლეფსარ2**გრდმ. დღვება, თქვეფა (თქვეფს)"
leps-d-ar,ლეფს-დ-არ,,,,,,ašrobs,,,,**ლეფს-დ-არ** გრდმ. გაშრობა (აშრობს);სრ. ლაფს-დ-არ
lepsujnĭ,ლეფსუჲნი̆,,,,,,,,,,**ლეფსუჲნი̆** მიმღ. 1. [შე]სადღვები 2. [შე]მდღვებელი
lepčar,ლეფჩარ,,,,vi,,gdia,"გდება (გდია), დება",lie about,"валяться, лежать; всюду шляется Гиго","**ლეფჩარ** გრდუვ. გდება (გდია), დება"
lepčinĭ,ლეფჩინი̆,,,,,,,,,,"**ლეფჩინი̆** მიმღ. რაც გდია, მდებარე"
lek-d-alar,ლექ-დ-ალარ,,,,vi,,vardeba,"მოვარდნა, მივარდნა (ვარდება)","be thrown, fall","броситься, набрасываться, налетать","**ლექ-დ-ალარ** გრდუვ. მოვარდნა, მივარდნა (ვარდება);სრ. ლაქ-დ-ალარ"
lek-d-ar,ლექ-დ-არ,,,,,,agdebs,,,,**ლექ-დ-არ** გრდმ. გადაგდება (აგდებს);სრ. ლაქ-დ-არ
leks,ლექს,b d,B,GE,n,,leksi; lekseⁿ,ლექსი,poem,стих,**ლექს** *ბ დ* (ლექსი; ლექსეჼ)ლექსი; შდრ. მოჴ
leğv,ლეღვ,d d,D,GE,n,,leğveⁿ,ლეღვი,fig,"фиговое дерево, инжир",**ლეღვ** *დ დ* (ლეღვეჼ) ლეღვი
leqʼv,ლეყვ,d d,D,,n,,leqʼvi; leqʼveⁿ,მწყერი,quail,перепел,**ლეყვ** *დ დ* (ლეყვი; ლეყვეჼ) მწყერი
leš,ლეშ,j j,J,GE,n,,lešeⁿ,ლეში,"corpse, carrion",падаль,**ლეშ** *ჲ ჲ* (ლეშეჼ) ლეში
lešar,ლეშარ,,,,vi,,žonavs,ჟონვა (ჟონავს),leak,"просачиваться, протекать",**ლეშარ** გრდუვ. ჟონვა (ჟონავს);სრ. ლაშარ
lec-d-ar,ლეც-დ-არ,,,,vt,,ičʼers,"დაჭერა (იჭერს), დაკავება; დაჭერა (იჭერს), დაპატიმრება; დახუთვა (ხუთავს), დაკავება (უკავებს ხელფასს); დაკავება (იკავებს ბინას), დაქირავება","grab, get hold of, hold; arrest; stiffen (of rheumatism); withhold (salary); occupy (apartment), rent","держать, брать (в руки), ловить; арестовывать; удерживать (плату); нанимать","**ლეც-დ-არ** გრდმ. 1. დაჭერა (იჭერს), დაკავება 2. დაჭერა (იჭერს), დაპატიმრება 3. დახუთვა (ხუთავს), დაკავება (უკავებს ხელფასს) 4. დაკავება (იკავებს ბინას), დაქირავება; სრ. ლაც-დ-არ"
lečʼar,ლეჭარ,,,,vt,,pckvnis,"გაფცქვნა (ფცქვნის), კანის შემოცლა","peel, scrape","сдирать кожу, лупить, чистить (яблоко...)","**ლეჭარ** გრდმ. გაფცქვნა (ფცქვნის), კანის შემოცლა სრ. ლიჭარ"
lečʼqʼ-d-alar,ლეჭყ-დ-ალარ,,,,vi,,imaleba,[და]მალვა (იმალება),be hidden,прятаться,**ლეჭყ-დ-ალარ** გრდუვ. [და]მალვა (იმალება);სრ. ლაჭყ-დ-ალარ
lečʼqʼ-d-ar,ლეჭყ-დ-არ,,,,,,"malavs, umalavs",,,,"**ლეჭყ-დ-არ** გრდმ. [და]მალვა (მალავს, უმალავს) სრ. ლაჭყ-დ-არ"
lečʼqʼ-d-ujla,ლეჭყ-დ-უჲლა,d,,,,,,,,,**ლეჭყ-დ-უჲლა** *დ* სამალავი (სადაც მალავენ)
lečʼqʼlajla,ლეჭყლაჲლა,d d,,,,,lečʼqʼlalajšĭ,,,,**ლეჭყლაჲლა** *დ დ* (ლეჭყლალაჲში̆) სამალავი ადგილი (სადაც იმალებიან)
lexar,ლეხარ,,,,vt,,,ძებნა,"search, seek",искать,**ლეხარ** გრდმ. ძებნა
lexinŏ,ლეხინო̆,,,,,,,,,,**ლეხინო̆** მიმღ. ნაძებნი
lexkʼar1,ლეხკარ1,,,,vt,,,"ლალვა, რეკვა","herd, drive","гнать, гонять (стадо)","**ლეხკარ1** გრდმ. ლალვა, რეკვა*.* უსრ. ლახკარ1"
lexkʼar2,ლეხკარ2,,,,vt,,apartxalebs,"ფართხალი (აფართხალებს), ქნევა; თამაში (კოჭის, ქაღალდის, ნარდის)","wave, sway, rock; play game","бить, махать (руками, ногами); играть (в бабки, карты, нарды)","**ლეხკარ2** გრდმ. 1. ფართხალი (აფართხალებს), ქნევა 2. თამაში (კოჭის, ქაღალდის, ნარდის) იხ. ლახკარ2"
lexkʼ-d-alar,ლეხკ-დ-ალარ,,,,,,,,,,**ლეხკ-დ-ალარ** გრდუვ. ფართხალი
lexujnĭ,ლეხუჲნი̆,,,,,,,,,,"**ლეხუჲნი̆** მიმღ. 1. საძებნი, საძებარი, მოსაძებნი 2. [მო]მძებნელი, მაძებარი"
leħar1,ლეჰ’არ1,,,,vt,,[da]abralebs,"დაბრალება ([და]აბრალებს), ბრალის დადება, დაწამება","accuse, blame, prosecute",обвинять,"**ლეჰ’არ1** გრდმ. დაბრალება ([და]აბრალებს), ბრალის დადება, დაწამება; სრ. ლაჰ’არ1"
leħar2,ლეჰ’არ2,,,,vt,,atʼans,შეტანება (ატანს),eat sth with sth,есть с чем-нибудь,**ლეჰ’არ2** გრდმ. შეტანება (ატანს);სრ. ლაჰ’არ2
leħar3,ლეჰ’არ3,,,,vt,,xels axlebs,"ხელის ხლება (ხელს ახლებს), შეხება (ახებს)",touch with hand,"трогать, прикасаться (рукой)","**ლეჰ’არ3**გრდმ. ხელის ხლება (ხელს ახლებს), შეხება (ახებს) სრ. ლაჰ’არ"
leħ-d-alar1,ლეჰ’-დ-ალარ1,,,,vi,,exeba,"შეხება (ეხება), ხლება (ხელის)","touch, stroke","касаться (рукой), трогать","**ლეჰ’-დ-ალარ1**გრდუვ. 1. შეხება (ეხება), ხლება (ხელისა)2. დაბრალება (ბრალდება), ეჭვის მიტანა სრ. ლაჰ’-დ-ალარ"
leħ-d-alar2,ლეჰ’-დ-ალარ2,,,,vi,,ikʼripeba,"კრეფა (იკრიფება), მოგროვება (გროვდება)","be picked, be harvested, be gathered",собираться,"**ლეჰ’-დ-ალარ2** გრდუვ. კრეფა (იკრიფება), მოგროვება (გროვდება)*.* უსრ. ლაჰ’-დ-ალარ"
leħ-d-ar1,ლეჰ’-დ-არ1,,,,,,agrovebs,,,,"**ლეჰ’-დ-არ1** გრდმ. მოგროვება (აგროვებს), კრეფა; სრ. ლაჰ’-დ-არ"
leħ-d-ar2,ლეჰ’-დ-არ2,,,,,,axebs,,,,"**ლეჰ’-დ-არ2** გრდმ. შეხება (ახებს), ხელის ხლება"
leqar,ლეჴარ,,,,vt,,acʼebs,"ჩაწება (აწებს), ჩაყოფა (ყოფს)","dip in, stick in",обмакивать,"**ლეჴარ** გრდმ. ჩაწება (აწებს), ჩაყოფა (ყოფს) სრ. ლაჴარ"
leq-d-alar,ლეჴ-დ-ალარ,,,,,,ečreba,,,,"**ლეჴ-დ-ალარ** გრდუვ. ამოშვერა, შეჩრა (ეჩრება)*.* სრ. ლაჴ-დ-ალარ"
leq-d-ar,ლეჴ-დ-არ,,,,,,išvers,,,,"**ლეჴ-დ-არ** გრდმ. გაშვერა (იშვერს), გაწვდომა (იწვდის)*.* სრ. ლაჴ-დ-არ"
leɁe[ħ],ლეჸე[ჰ’],,,,,,,,,,"**ლეჸე[ჰ’]** ჩართული სიტყვა გინდ[ა], თუ გინდ[ა], თუნდ[აც]"
leɁinĭ,ლეჸინი̆,,,,,,,,,,"**ლეჸინი̆** მიმღ. 1. სასურველი; მოსაწონი, სანდომი 2. მსურველი, მნდომი, მოწადინე"
leɁcomak,ლეჸცომაქ,,,,,,,,,,"**ლეჸცომაქ** ზმნს. ჰო-არაობაზე, მერყევად"
livliv,ლივლივ,d,D,GE,n,,,ლივლივი,"swaying. fluctuation, flowing","плавное колебание, течение",**ლივლივ** *დ* ლივლივი
livliv dar,ლივლივ დარ,,,,,,livlivebs,,,,"**ლივლივ დარ** *გრდმ. ლივლივი (ლივლივებს), ტივტივებს*"
lil,ლილ,d d,D,GE,n,,,"ლილა, ლურჯი საღებავი","blue dye, indigo","синька, синяя краска","**ლილ** *დ დ* ლილა, ლურჯი საღებავი"
limoⁿ,ლიმოჼ,d d,D,GE,n,,limni; limneⁿ,ლიმონი,lemon,лимон,**ლიმოჼ** *დ დ* (ლიმნი; ლიმნეჼ)ლიმონი
litʼav,ლიტავ,,,GE,a,,,ლიტონი,empty (words),пустой (о слове),**ლიტავ** ლიტონი
litʼr,ლიტრ,d,D,GE,n,,,ლიტრა,litre,литр,**ლიტრ** *დ* ლიტრა
litʼtʼar,ლიტტარ,,,,vt,,[ga]cʼuravs,გაწურვა ([გა]წურავს),"filter, strain, press, wring out","процедить, цедить",**ლიტტარ** გრდმ. გაწურვა ([გა]წურავს)
litʼtʼenŏ,ლიტტენო̆,,,,,,,,,,**ლიტტენო̆** მიმღ. გაწურული
litʼtʼor,ლიტტორ,d d,D,,n,,litʼtʼri; litʼtʼreⁿ,საწურავი,"strainer, filter","ситечко, цедилка",**ლიტტორ** *დ დ* (ლიტტრი; ლიტტრეჼ) საწურავი
lišaⁿ,ლიშაჼ,d d,D,GE,n,,lišni; lišneⁿ,ნიშანი,"sign, target, mark","знак, мишень",**ლიშაჼ** *დ დ* (ლიშნი; ლიშნეჼ) ნიშანი
lič,ლიჩ,d d,D,,n,,liči; ličeⁿ,"ხიწვი, ხიჭვი",splinter,заноза,"**ლიჩ** *დ დ* (ლიჩი; ლიჩეჼ) ხიწვი, ხიჭვი"
ličʼar,ლიჭარ,,,,vt,,gapckvnis,გაფცქვნა (გაფცქვნის),"feel, scrape",очистить и срезать кожицу,**ლიჭარ** გრდმ. გაფცქვნა (გაფცქვნის);უსრ. ლეჭარ
lix,ლიხ,,,GE,n,,,"ლიხი, შამბნარი",undergrowth,бурьян,"**ლიხ** ლიხი, შამბნარი"
lo,ლო,,,,v,,,,will give,,**ლო** მყოფადი იხ. დ-ალ’არ
lod,ლოდ,b d,B,GE,n,,lodi; lodeⁿ,ლოდი,large rock,"большой камень, валун",**ლოდ**  *ბ დ* (ლოდი; ლოდეჼ) ლოდი
lot,ლოთ,v b,M,GE,n,,,ლოთი,drunkard,пьяница,**ლოთ** *ვ ბ* ლოთი
lokʼad-d-ar,ლოკად-დ-არ,,,GE,vt,,,ლოკვა,lick,"лизать, облизывать",**ლოკად-დ-არ** გრდმ. ლოკვა
lom,ლომ,d d,D,GE,n,,lomi; lomeⁿ,ლომი,lion,лев,**ლომ** *დ დ* (ლომი; ლომეჼ) ლომი
=lomciⁿ,=ლომციჼ,,,,aff,,,"-მდე, სანამ, მანამ",until,до,"**=ლომციჼ** რთული თანდებული -მდე, სანამ, მანამ"
lomcʼʕver,ლომწჵვერ,,,,,,alir.,,,,"**ლომწჵვერ** მწვერვალი, თოვლიანი მთა *(ალირ.)*"
lopʼr,ლოპრ,j j,J,GE,n,,lopʼreⁿ,"ლოპრი, ლორწო; ზარმაცი, უქნარა, უხეირო","slime, slobber; lazybones, good-for-nothing","слизь; лентяй, бездельник","**ლოპრ**  *ჲ ჲ* (ლოპრეჼ) 1. ლოპრი, ლორწო 2. გადატ. ზარმაცი, უქნარა, უხეირო"
lorcʼŏ,ლორწო̆,j,J,GE,n,,,ლორწო,"slime, slobber",слизь,**ლორწო̆** *ჲ* ლორწო
lokŏ,ლოქო̆,j j,J,GE,n,,lokuj; lokujⁿ,ლოქო,catfish,сом,**ლოქო̆** *ჲ ჲ* (ლოქუჲ; ლოქუჲჼ)ლოქო
loğnad-d-ar,ლოღნად-დ-არ,,,GE,vt,,,ლოღნა,"chomping, chewing without teeth",вяло жевать,**ლოღნად-დ-არ** გრდმ. ლოღნა
locad-d-alar,ლოცად-დ-ალარ,,,GE,vi,,loculobs,ლოცვა (ლოცულობს),pray,молиться,**ლოცად-დ-ალარ** გრდუვ. ლოცვა (ლოცულობს)
locad-d-ar,ლოცად-დ-არ,,,GE,vt,,locavs,დალოცვა (ლოცავს),bless,благословлять,**ლოცად-დ-არ** გრდმ. დალოცვა (ლოცავს)
locŏ,ლოცო̆,j j,J,GE,n,,locuj; locujⁿ,ლოცვა; შელოცვა,"blessing, prayer; spell",молитва; заговор,**ლოცო̆** *ჲ ჲ* (ლოცუჲ; ლოცუჲჼ)1. ლოცვა 2. შელოცვა
locjijenŏ,ლოცჲიჲენო̆,,,,,,,,,,**ლოცჲიჲენო̆** მიმღ. 1. ნალოცი 2. შელოცვილი
loɁdar,ლოჸდარ,,,,vt,,moisurvebs,"მოსურვება (მოისურვებს), მოწადინება, მონდომება","wish, desire","захотеть, пожелать","**ლოჸდარ** გრდმ. მოსურვება (მოისურვებს), მოწადინება, მონდომება"
loɁditar,ლოჸდითარ,,,,,,,,,,"**ლოჸდითარ** გრდმ. მონდომებინება, მოწადინება"
lujnĭ,ლუჲნი̆,,,,ptcp,,,მისაცემი; მიმცემი,to be given; giving,"то, что надо отдать; дающий",**ლუჲნი̆** მიმღ. 1. მისაცემი 2. მიმცემი
lul,ლულ,j j,J,GE,n,,luli; luleⁿ,"ლულა, მილი","pipe, tube, gun barrel","ствол, труба","**ლულ** *ჲ ჲ* (ლული; ლულეჼ) ლულა, მილი"
"lumsar, lusmar, lursmaⁿ","ლუმსარ, ლუსმარ, ლურსმაჼ",b d,,,,,,,,,"**ლუმსარ, ლუსმარ, ლურსმაჼ** *ბ დ* ლურსმანი"
lurt,ლურთ,,,,a,,,ლუწი,even (number),четный,**ლურთ** ლუწი
lurtni,ლურთნი,j,0d,,n,,,"მსუქანი, ქომნიანი ხორცის ნაჭრები",fat pieces of meat,жирные куски мяса,"**ლურთნი** *ჲ* მსუქანი, ქონიანი ხორცის ნაჭრები"
lursmad-d-ar,ლურსმად-დ-არ,,,GE,vt,,,"დალურსმვა, ლურსმნით დაჭედვა, მიკვრა","nail, nail together, fix with nail","пригвоздить, гвоздем прибить","**ლურსმად-დ-არ** გრდმ. დალურსმვა, ლურსმნით დაჭედება, მიკვრა"
lurǯaɁŏ,ლურჯაჸო̆,b d,B,GE,n,,,ლურჯა,dark-grey (horse),сивка (сивая лошадь),**ლურჯაჸო̆** *ბ დ* ლურჯა
luğluğdar,ლუღლუღდარ,,,GE,vt,,luğluğebs,ლუღლუღი (ლუღლუღებს),"mumble, mutter",бормотать,**ლუღლუღდარ** გრდმ. ლუღლუღ (ლუღლუღებს)
lušar,ლუშარ,j j,J,,n,,,"გამხდარი, ჯანდაგი, ლუბი ცხვარი","skinny cattle, emaciated",тощая овца,"**ლუშარ**  *ჲ ჲ* გამხდარი, ჯანდაგი, ლუბი ცხვარი"
lušŏ,ლუშო̆,,,,n,,,"ლუბი, მჭლე","lean, skinny","тощий, худой","**ლუშო̆** ძვ. ლუბი, მჭლე"
lxiⁿ,ლხიჼ,,J,GE,n,,,ლხინი; ლხენა,"feasting, joy, rejoicing","веселье, кутеж","**ლხიჼ** ლხინი, ლხენა"
-kʼ,-კ,,,,,,,,,,"**-კ** ნაწილაკი 1. მხოლოდ 2. კითხვით ნაცვალსახელთან ან ნაწილაკთან ერთად გამოხატავს ნატვრას, მოითხოვს ზმნას კავშირებით კილოში"
kʼab,კაბ,j j,J,GE,n,,kʼabi; kʼabeⁿ,კაბა,dress,платье,**კაბ** *ჲ ჲ* (კაბი; კაბეჼ) კა
kʼabdŏ,კაბდო̆,d d,D,GE,n,,kʼabdujⁿ,კაბდო,harrow board,доска бороновая,**კაბდო̆** *დ დ* (კაბდუჲჼ) კაბდო *(საფარცხავის ფიცარი)*
kʼadrbad-d-ijenŏ,კადრბად-დ-იჲენო̆,,,,,,,,,,**კადრბად-დ-იჲენო̆** მიმღ. რაც აკადრეს ბრიყვული სიტყვა-საქციელი
kʼadrbad-d-ujnĭ,კადრბად-დ-უჲნი̆,,,,,,,,,,"**კადრბად-დ-უჲნი̆** მიმღ. თავმდაბალი, თავაზიანი"
kʼav1,კავ1,d d,D,,n,,kʼaveⁿ,ხორბალი,wheat,"пшеница, пшеничное зерно",**კავ1** *დ დ* (კავეჼ) ხორბალი
kʼav2,კავ2,d d,D,GE,n,,kʼavi; kʼaveⁿ,კავი,"hook, pot hook, stick with hook on end",палка с крючковатым концом,**კავ2** *დ დ* (კავი; კავეჼ) კავი
kʼavkʼav,კავკავ,d d,D,,n,,,კავკავი,shivering,тявканье,**კავკავ** *დ დ* კავკავი
kʼavkʼavdar,კავკავდარ,,,,,,kʼavkʼavebs,,,,**კავკავდარ** გრდმ. კავკავი (კავკავებს)
kʼavšir,კავშირ,j j,,,,,,,,,**კავშირ** *ჲ ჲ* დუღაბი
kʼazarm,კაზარმ,d d,D,GE,n,,kʼazarmi; kʼazarmeⁿ,კაზარმა,barracks,казарма,**კაზარმ** *დ დ* (კაზარმი; კაზარმეჼ) კაზარმა
kʼatat[v],კათათ[ვ],b d,,,,,kʼatatveⁿ,,,,**კათათ[ვ]** *ბ დ* (კათათვეჼ) მკათათვე
kʼatxbidar,კათხბიდარ,,,GE,vt,,,"კუთხეების, წახნაგების [გა]კეთება, დაწახნაგება, კუთხვა","edge, cut",гранить,"**კათხბიდარ** გრდმ. კუთხეების, წახნაგების [გა]კეთება, დაწახვაგება, კუთხვა"
kʼakʼab,კაკაბ,b d,B,GE,n,,kʼakʼbi; kʼakʼbeⁿ,კაკაბი,partridge,куропатка,**კაკაბ** *ბ დ* (კაკბი; კაკბეჼ)კაკაბი
kʼakʼal,კაკალ,j j,J,GE,n,,kʼakʼli; kʼakʼleⁿ,კაკალი,hazelnut,орех,**კაკალ** *ჲ ჲ* (კაკლი; კაკლეჼ) კაკალი
kʼal,კალ,d d,D,GE,n,,,კალა,tin,олово,**კალ** *დ დ* კალა
kʼalav,კალავ,v b,,,,,kʼalvi; kʼalveⁿ,,,,**კალავ** *ვ ბ* (კალვი; კალვეჼ)მკალავი
kʼalat,კალათ,b d,B,GE,n,,kʼalti; kʼalteⁿ,კალათა,wicker basket,корзина,**კალათ** *ბ დ* (კალთი; კალთეჼ) კალათა
kʼalam,კალამ,d d,D,GE,n,,kʼalmi; kʼalmeⁿ,კალამი,pen,,**კალამ** *დ დ* (კალმი; კალმეჼ) კალამი
kʼalarlujnĭ,კალარლუჲნი̆,v b,,,,,,,,,**კალარლუჲნი̆** *ვ ბ* კალოს მლეწველი
kʼalax,კალახ,j j,J,,n,,,"ბეხრეკი, გაძვალტყავებული (საქონელი)",decrepit cattle,тощий (скот...),"**კალახ** *ჲ ჲ* ბეხრეკი, გაძვალტყავებული (საქონელი)"
kʼalendar,კალენდარ,d d,D,GE; RU,n,,kʼalendri; kʼalendreⁿ,კალენდარი,calendar,календарь,**კალენდარ** *დ დ* (კალენდრი; კალენდრეჼ) კალენდარი
kʼaltaɁŏ,კალთაჸო̆,j j,J,GE,n,,kʼalti/kʼaltaɁuj; kʼalteⁿ/kʼaltaɁujⁿ,კალთა,"slope, field",поле,**კალთაჸო̆** *ჲ ჲ* (კალთი/კალთაჸუჲ; კალთეჼ/კალთაჸუჲჼ)კალთა
kʼalmax,კალმახ,j j,J,GE,n,,kʼalmaxi; kʼalmaxeⁿ,კალმახი,trout,форель,**კალმახ** *ჲ ჲ* (კალმახი; კალმახეჼ) კალმახი
kʼalod-d-ar,კალოდ-დ-არ,,,,,,,,,,**კალოდ-დ-არ** გრდმ. კალვა
kʼalod-d-ujnĭ,კალოდ-დ-უჲნი̆,,,,,,,,,,**კალოდ-დ-უჲნი̆** მიმღ. მკალავი
kʼaloš,კალოშ,b b,Bb,,n,,kʼaloši; kʼalošeⁿ,კალოში,"galosh, overshoe",галоша,**კალოშ** *ბ ბ* (კალოში; კალოშეჼ)კალოში
kʼaltʼ,კალტ,j j,J,,n,,kʼaltʼeⁿ,"ხაჭო (მოდუღებული დოს, ან შრატის მონახადი)","dried cottage cheese, curds",творог (снятый с кипяченого пахтанья и сыворотки),"**კალტ** *ჲ ჲ* (კალტეჼ) ხაჭო (მოდუღებული დოს, ან შრატის მონახადი)"
kʼaltʼ-bakʼal,კალტ-ბაკალ,d,,,,,,,,,**კალტ-ბაკალ** *დ* საუზმე
kʼaltʼ-datteⁿ,კალტ-დათთეჼ,,,,,,ekspʼ.,,,,**კალტ-დათთეჼ** ხაჭო-ერბო *(ექსპ.)*
"kʼaltʼeren, kʼaltʼeⁿ","კალტერენ, კალტეჼ",,,,,,,,,,"**კალტერენ, კალტეჼ** ხაჭოიანი"
kʼaltʼoz,კალტოზ,v b,M,GE,n,,kʼaltʼ[o]zi; kʼaltʼ[o]zeⁿ,კალატოზი,"bricklayer, stonemason",каменщик,**კალტოზ** *ვ ბ* (კალტ[ო]ზი; კალტ[ო]ზეჼ) კალატოზი
kʼalŏ,კალო̆,j j,J,GE,n,,kʼaluj; kʼalujⁿ,კალო,threshing floor,гумно,**კალო̆** *ჲ ჲ* (კალუჲ; კალუჲჼ) კალო
kʼam,კამ,d d,D,GE,n,,kʼameⁿ,კამა,dill,укроп,**კამ** *დ დ* (კამეჼ) კამა
kʼamar,კამარ,d,D,,vi,vi,,,,,**კამარ** 1. გრდუვ. ქავილი 2. *დ* მუნი
kʼamar ħabar,კამარ ჰ’აბარ,,,,,,kavili autʼqʼdeba,,,,"**კამარ ჰ’აბარ** გრდუვ. ქავილის ატეხა (ქავილი აუტყდება), აქავება"
kʼamax,კამახ,,,,,,alir.,,,,**კამახ** თავის ქალა *(ალირ.)*
kʼambeč,კამბეჩ,b d,B,GE,n,,kʼamči; kʼamčeⁿ,კამეჩი,buffalo,буйвол,**კამბეჩ** *ბ დ* (კამჩი; კამჩეჼ)კამეჩი
kʼamkʼamajnŏ,კამკამაჲნო̆,,,GE,a,,cʼqʼali,კამკამა (წყალი...),"twinkling, pure, clear (water)","прозрачный, чистый",**კამკამაჲნო̆** კამკამა (წყალი)
kʼamod,კამოდ,b d,B,RU,n,,kʼamodi; kʼamodeⁿ,კომოდი,chest of drawers,комод,**კამოდ** *ბ დ* (კამოდი; კამოდეჼ) კომოდი
kʼampetʼkʼ,კამფეტკ,d d,D,RU,n,,kʼampetʼkʼi; kʼampetʼkʼaⁿ,კამფეტი,sweet,конфета,**კამფეტკ** *დ დ* (კამფეტკი; კამფეტკაჼ) კამფეტი
kʼamčareⁿ,კამჩარეჼ,,,,,,,,,,**კამჩარეჼ** კამეჩებიანი
kʼanap,კანაფ,d d,D,GE,n,,kʼanpeⁿ,კანაფი,hemp,"конопля, веревочка",**კანაფ** *დ დ* (კანფეჼ) კანაფი
kʼankʼel,კანკელ,d d,D,GE,n,,kʼankʼli; kʼankʼleⁿ,კანკელი,iconostasis,иконостас,**კანკელ** *დ დ* (კანკლი; კანკლეჼ)კანკელი
"kʼanon, kʼanol","კანონ, კანოლ",j j,,,,,kʼenni/kʼajnni; kʼajnneⁿ,,,,"**კანონ, კანოლ** *ჲ ჲ* (კენნი/კაჲნნი; კაჲნნეჼ) კანონი"
kʼantʼkʼuntʼat,კანტკუნტათ,,,GE,adv,,,კანტიკუნტად,sporadically,изредка,**კანტკუნტათ** კანტიკუნტად
kʼanʒbi,კანძბი,,J,,n,,,,,,**კანძბი** მრ. იხ. კუნძ
kʼancʼlŏ,კანწლო̆,j j,J,,n,,,"კვნიწი (შაქრისა, მარილისა)","lump (of sugar, salt)","кусочек (сахара, соли)","**კანწლო̆** *ჲ ჲ* კვნიწი (შაქრისა, მარილისა)"
kʼančʼ,კანჭ,d j,Dj,,n,,kʼančʼi; kʼančʼeⁿ,კლანჭი,"talon, claw",коготь,**კანჭ** *დ ჲ* (კანჭი; კანჭეჼ) კლანჭი
kʼapʼ,კაპ,d d,D,GE,n,,,კაპი,hook,крючок,**კაპ** *დ დ* კაპი
kʼapʼaren,კაპარენ,,,,,,,,,,**კაპარენ**კაპებიანი
kʼapʼraš,კაპრაშ,,,GE,a,,,ყვითელი,yellow,желтый,**კაპრაშ** ყვითელი
kʼapʼrš-d-alar,კაპრშ-დ-ალარ,,,,,,[ga]qʼvitldeba,,,,**კაპრშ-დ-ალარ** გრდუვ. გაყვითლება ([გა]ყვითლდება)
kʼapʼrš-d-ar,კაპრშ-დ-არ,,,,,,[ga]aqʼvitlebs,,,,**კაპრშ-დ-არ** გრდმ. გაყვითლება ([გა]აყვითლებს)
kʼapʼršna,კაპრშნა,d d,,,,,,,,,**კაპრშნა** *დ დ* სიყვითლე
kʼapʼršol,კაპრშოლ,d d,,,,,,,,,**კაპრშოლ** *დ დ* სიყვითლე
kʼapʼuetʼ,კაპუეტ,d d,D,GE,n,,,კაპუეტა (მცენ.),couch-grass,житняк (раст.),**კაპუეტ** *დ დ* კაპუეტა (მცენ.)
kʼarav,კარავ,b d,B,GE,n,,kʼarvi; kʼarveⁿ,კარავი,tent,палатка,**კარავ** *ბ დ* (კარვი; კარვეჼ) კარავი
kʼarandaš,კარანდაშ,d d,D,RU,n,,kʼarandaši; kʼarandašeⁿ,ფანქარი,pencil,карандаш,**კარანდაშ** *დ დ* (კარანდაში; კარანდაშეჼ) ფანქარი
kʼarantʼiⁿ,კარანტიჼ,j j,J,GE; RU,n,,,კარანტინი,quarantine,карантин,**კარანტიჼ** *ჲ ჲ* კარანტინი
kʼarak,კარაქ,d d,D,GE,n,,kʼarkeⁿ,კარაქი,butter,сливочное масло,**კარაქ** *დ დ* (კარქეჼ) კარაქი
kʼarbadiⁿ,კარბადიჼ,d d,D,GE,n,,,კარაბადინი,medical book,лечебник,**კარბადიჼ** *დ დ* კარაბადინი
kʼart,კართ,d d,D,,n,,kʼarti; kʼarteⁿ,კუნთი,muscle,мускул,**კართ** *დ დ* (კართი; კართეჼ) კუნთი
kʼarkʼaraɁŏ,კარკარაჸო̆,d j,Dj,,n,,kʼarkʼari,ყბა,"jaw, chin",челюсть,**კარკარაჸო̆** *დ ჲ* (კარკარი) ყბა
kʼarkʼarolen,კარკაროლენ,,,,,,,,,,**კარკაროლენ**წვერიანი
"kʼarkʼaruj, kʼarkʼari","კარკარუჲ, კარკარი",j,,,,,,,,,"**კარკარუჲ, კარკარი** *ჲ* წვერი"
kʼarkʼarujcʼiⁿ,კარკარუჲწიჼ,,,,,,,,,,"**კარკარუჲწიჼ** უწვერო, უწვერული"
kʼarkʼlŏ,კარკლო̆,j j,J,GE,n,,kʼarkʼluj; kʼarkʼlujⁿ,"კურკლი, ცურცლი",droppings,помет,"**კარკლო̆** *ჲ ჲ* (კარკლუჲ; კარკლუჲჼ) კურკლი, ცურცლი"
kʼartʼopil,კარტოფილ,b d,B,GE,n,,kʼartʼujpli; kʼartʼujpleⁿ,კარტოფილი,potato,картофель,**კარტოფილ** *ბ დ* (კარტუჲფლი; კარტუჲფლეჼ) კარტოფილი
kʼarčar,კარჩარ,,,,vi,,gagordeba,გაგორება (გაგორდება),roll,покатиться,**კარჩარ** გრდუვ. გაგორება (გაგორდება) *უსრ. კერჩარ*
kʼarč-d-ar,კარჩ-დ-არ,,,,,,gaagorebs,,,,"**კარჩ-დ-არ** გრდმ. გაგორება (გააგორებს), მოგორება, გადაგორება უსრ. კერჩ-დ-არ"
kʼarčxŏ,კარჩხო̆,d d,D,GE,n,,kʼarčxuj; kʼarčxujⁿ,კრჩხა,meat hook,крюк (для мяса...),**კარჩხო̆** *დ დ* (კარჩხუჲ; კარჩხუჲჼ) კრჩხა
kʼarcxil,კარცხილ,d d,D,GE,n,,kʼajrcxli; kʼajrcxleⁿ,რცხილა,hornbeam,гроб,**კარცხილ** *დ დ* (კაჲრცხლი; კაჲრცხლეჼ) რცხილა
kʼatʼbotʼ-d-ar,კატბოტ-დ-არ,,,,,,,,,,**კატბოტ-დ-არ** გრდმ. ცომის მოჩვილება
kʼatʼ-d-ar,კატ-დ-არ,,,,,,[da]arbilebs,,,,"**კატ-დ-არ** გრდმ. დარბილება ([და]არბილებს), გაჩვილება"
kʼatʼeⁿ,კატეჼ,,,,a,,,"რბილი, ჩვილი",soft,мягкий,"**კატეჼ** რბილი, ჩვილი"
"kʼatʼeⁿ ħaqbar (ħaqar), kʼatʼeⁿ ħeqbar (ħeqar)","კატეჼ ჰ’აჴბარ (ჰ’აჴარ), კატეჼ ჰ’ეჴბარ (ჰ’ეჴარ)",,,,,,ħaqar,,,,"**კატეჼ ჰ’აჴბარ (ჰ’აჴარ), კატეჼ ჰ’ეჴბარ (ჰ’ეჴარ)** მილაქუცება (მიელაქუცება); დაყვავება ([და]უყვავებს), მიფერება"
"kʼatʼkʼatʼkʼoš, kʼatʼkʼatʼkʼuš","კატკატკოშ, კატკატკუშ",,,,,,,,,,"**კატკატკოშ, კატკატკუშ** ზმნს. ნელნელა"
"kʼatʼkʼoš, kʼatʼkʼuš","კატკოშ, კატკუშ",,,,,,,,,,"**კატკოშ, კატკუშ** ზმნს. ნელა, ჩუმად"
kʼatʼoš-matʼoš,კატოშ-მატოშ,d d,D,,n,,,"ჩხირმალი, ჩინჩხვარი",brushwood,"щепки, веточки","**კატოშ-მატოშ** *დ დ* ჩხრიმალი, ჩინჩხვარი"
kʼatʼuⁿ,კატუჼ,d d,D,GE,n,,,კატუნი,wild cat,дикая кошка,**კატუჼ**  *დ დ* კატუნი
kʼapad-d-ar,კაფად-დ-არ,,,GE,vt,,kʼapavs,კაფვა (კაფავს),"fell, chop down",срезать,**კაფად-დ-არ** გრდმ. კაფვა (კაფავს)
kʼaškʼaš1,კაშკაშ1,,,GE,n,,,კაშკაში,bright light,"блеск, сияние (звезд...)",**კაშკაშ1** კაშკაში
kʼaškʼaš2,კაშკაშ2,,,,n,,,კისკისი,loud laughter,звонкий смех,**კაშკაშ2**კისკისი
kʼač,კაჩ,,,,n,,kʼači,ფეხი,"foot, leg",нога,**კაჩ** (კაჩი) აგდებ. ფეხი იხ. ქოკ
"kʼaʒakʼ, ajnŏ","კაძაკ, აჲნო̆",,,,,,,,,,"**კაძაკ, აჲნო̆** მიმღ. ცოტა"
kʼaʒikʼtešiⁿ,კაძიკთეშიჼ,,,,,,šipn.,,,,**კაძიკთეშიჼ** მცირედმორწმუნე *(შიფნ.)*
"kʼaʒ-kʼaʒakʼ, kʼaʒ-kʼaʒikʼ","კაძ-კაძაკ, კაძ-კაძიკ",,,,,,,,,,"**კაძ-კაძაკ, კაძ-კაძიკ** ზმნს. ცოტ-ცოტა"
kʼacʼ[ĕ],კაწ[ე̆],d d,,,,,kʼacʼi; kʼacʼeⁿ,,,,**კაწ[ე̆]** *დ დ* (კაწი; კაწეჼ)ლეკვი
kʼacʼaⁿ,კაწაჼ,j j,J,GE,n,,,კაწანი,low thorn fence,маленькое огорожденное место,**კაწაჼ** *ჲ ჲ* კაწანი *(პატარა ეკლოვანი ღობე)*
kʼacʼaⁿ naⁿ,კაწაჼ ნაჼ,,,,,,alir.,,,,**კაწაჼ ნაჼ** ძუკნა *(ალირ.)*
kʼacʼkʼar-d-alar,კაწკარ-დ-ალარ,,,,,,[da]pʼatʼaravdeba,,,,**კაწკარ-დ-ალარ** გრდუვ. დაპატარავება *([და]პატარავდება)*
kʼacʼkʼar-d-ar,კაწკარ-დ-არ,,,,,,[da]apʼatʼaravebs,,,,"**კაწკარ-დ-არ** გრდმ. დაპატარავება ([და]აპატარავებს), შემცირება, დაკლება"
kʼacʼkʼacʼ,კაწკაწ,d,D,GE,n,,,კაწკაწი,chattering of teeth,скрежет (зубов),**კაწკაწ** *დ* კაწკაწი **კაწკაწდარ** გრდმ. კაწკაწი (აკაწკაწებს)
kʼacʼkʼlob,კაწკლობ,d,,,,,,,,,**კაწკლობ** *დ* პატარაობა
kʼacʼkʼol,კაწკოლ,j,,,,,,,,,"**კაწკოლ** *ჲ* პატარაობა, სიპატარავე, სიმცირე"
kʼacʼkʼoⁿ,კაწკოჼ,,,,a,,,"პატარა, მცირე",small,"маленький, немного","**კაწკოჼ** პატარა, მცირე"
kʼacʼkʼočʼux,კაწკოჭუხ,,,,,,,,,,"**კაწკოჭუხ** ყველაზე პატარა, მცირე, უმცირესი"
kʼacʼkʼu[v]x,კაწკუ[ვ]ხ,,,,,,,,,,"**კაწკუ[ვ]ხ** უფრო პატარა, უმცროსი"
kʼacʼkʼujšĭ,კაწკუჲში̆,,,,,,,,,,**კაწკუჲში̆** ზმნს. მცირედ
kʼacʼrod-d-ar,კაწროდ-დ-არ,,,GE,vt,,,კაწვრა,"claw, scratch",царапать,**კაწროდ-დ-არ** გრდმ. კაწვრა
kʼačʼer[č],კაჭერ[ჩ],,,,,,,,,,**კაჭერ[ჩ]** მრ. იხ. კეჭ
kʼačʼkʼačʼaɁŏ,კაჭკაჭაჸო̆,d d,D,GE,n,,kʼačʼkʼačʼaɁuj; kʼačʼkʼačʼujⁿ,კაჭკაჭი,magpie,сорока,**კაჭკაჭაჸო̆** *დ დ* (კაჭკაჭაჸუჲ; კაჭკაჭუჲჼ) *კაჭკაჭი*
kʼaxlov,კახლოვ,v b,M,GE,n,,kʼaxlobi; kʼaxloveⁿ,კახელი,Kakhetian,кахетинец,**კახლოვ** *ვ ბ* (კახლობი; კახლოვეჼ) კახელი
kʼajlaɁŏ,კაჲლაჸო̆,d d,D,GE,n,,kʼajlaɁuj; kʼajlaɁujⁿ,კალია,"locust, grashopper",саранча,**კაჲლაჸო̆** *დ დ* (კაჲლაჸუჲ; კაჲლაჸუჲჼ) კალია
kʼajnclara,კაჲნცლარა,j j,J,GE,n,,,კანცელარია,chancellery,канцелярия,**კაჲნცლარა** *ჲ ჲ* კანცელარია
kʼajpʼlĭ,კაჲპლი̆,d,D,RU,n,,,,pl,,**კაჲპლი̆** *დ* წვეთები (წამლისა)
=kʼaɁ,=კაჸ,,,,,,"ertvis zedsartav saxels, zmnisarts, cʼinsarts",,,,"**=კაჸ** ოდენობის გამომხატველი ნაწილაკი (ერთვის ზედსართავ სახელს, ზმნისართს, წინსართს)"
cʼegeⁿkʼaɁ,წეგეჼკაჸ,,,,,,,,,,**წეგეჼკაჸ** მოწითალო; **კუღრკაჸ** ცოტათი უშნო; **დაჰ’კაჸ** ცოტა იქით; **ჩუკაჸ ახკიჼ** ცოტათი ჩათხარა
kʼed,კედ,b d,B,GE,n,,kʼedi; kʼedeⁿ,კეტი,cudgel,дубина,**კედ** *ბ დ* (კედი; კედეჼ) კეტი
kʼedel,კედელ,j j,J,GE,n,,kʼedluj; kʼedleⁿ,კედელი,wall,стена,**კედელ** *ჲ ჲ* (კედლუჲ; კედლეჼ)კედელი
kʼevr,კევრ,j j,J,GE,n,,kʼevri; kʼevreⁿ,კევრი,threshing board,молотильная доска,**კევრ**  *ჲ ჲ* (კევრი; კევრეჼ) კევრი
kʼel,კელ,j j,J,GE,n,,kʼeli; kʼeleⁿ,კელა,wasp,оса,**კელ** *ჲ ჲ* (კელი; კელეჼ) კელა
kʼelapʼtʼar,კელაპტარ,j j,J,GE,n,,kʼelapʼtʼri; kʼelapʼtʼreⁿ,კელაპტარი,large wax candle,восковая свеча,**კელაპტარ** *ჲ ჲ* (კელაპტრი; კელაპტრეჼ) კელაპტარი
kʼemoxtʼ,კემოხტ,j j,J,GE,n,,,"კემუხტი, ტარსიკონი",morocco leather,сафьян,"**კემოხტ** *ჲ ჲ* კემუხტი, ტარსიკონი"
kʼemsad-d-ar,კემსად-დ-არ,,,GE,vt,,kʼemsavs,"კემსვა (კემსავს), დაკერება","darn (sock), sew",штопать,"**კემსად-დ-არ** გრდმ. კემსვა (კემსავს), დაკერება"
kʼentʼ,კენტ,,,GE,a,,,კენტი,odd (number),нечетный,**კენტ** კენტი
kʼenčʼ,კენჭ,j j,J,GE,n,,kʼenčʼi; kʼenčʼeⁿ,კენჭი,pebble,камушек,**კენჭ** *ჲ ჲ* (კენჭი; კენჭეჼ)კენჭი
kʼenčʼliⁿ,კენჭლიჼ,,,,,,,,,,"**კენჭლიჼ** ჩამკვრივებული, ჩასუქებული"
kʼer,კერ,b d,B,GE,n,,kʼeri; kʼereⁿ,კვერი,"loaf, cake, scone",лепешка,**კერ** *ბ დ* (კერი; კერეჼ) კვერი
kʼeratʼ,კერატ,d d,D,GE,n,,kʼertʼi; kʼertʼeⁿ,კერატი,(stud) boar,кабан,**კერატ** *დ დ* (კერტი; კერტეჼ) კერატი
kʼerčar,კერჩარ,,,,vi,,goravs,გორვა (გორავს),roll,"катиться, качаться, кувыркаться",**კერჩარ** გრდუვ. გორვა (გორავს)სრ. კარჩარ
kʼerč-d-ar,კერჩ-დ-არ,,,,,,,,,,**კერჩ-დ-არ** გრდმ. გორება სრ. კარჩ-დ-არ
kʼetʼr,კეტრ,j j,J,GE,n,,,კეთრი,leprosy,проказа,**კეტრ** *ჲ ჲ* კეთრი
kʼepx,კეფხ,j j,J,GE,n,,,კეფა,back of the head,затылок,**კეფხ** *ჲ ჲ* კეფა
kʼec,კეც,j j,J,GE,n,,kʼeci; kʼeceⁿ,კეცი,earthenware dish,"каменная, глинянная сковородка",**კეც** *ჲ ჲ* (კეცი; კეცეჼ) კეცი
kʼecad-d-ar,კეცად-დ-არ,,,GE,vt,,,კეცვა,"fold, put",складывать,**კეცად-დ-არ** გრდმ. კეცვა სრ. დაკეცად-დ-არ
kʼecalajnĭ,კეცალაჲნი̆,,,,,,,,,,**კეცალაჲნი̆** მიმღ. [და]საკეცი
kʼečʼ,კეჭ,j j,,,,,kʼačʼarniⁿ,,,,**კეჭ** *ჲ ჲ* (კაჭარნიჼ) მატყლი
kʼečʼlekjar,კეჭლექჲარ,,,,,,duğs,,,,"**კეჭლექჲარ** გრდმ. ძლიერი დუღილი, (დუღს), აქაფება"
kʼečʼlekjitar,კეჭლექჲითარ,,,,,,aduğebs,,,,**კეჭლექჲითარ** გრდმ. ადუღება (ადუღებს)
kʼečʼjaxar,კეჭჲახარ,,,,,,duğs,,,,**კეჭჲახარ** გრდმ. დუღილი (დუღს)სრ. კეჭჲაჴარ
kʼečʼjaxitar,კეჭჲახითარ,,,,,,aduğebs,,,,**კეჭჲახითარ** გრდმ. ადუღება (ადუღებს)სრ. კეჭჲაჴითარ
"kʼečʼjaxinŏ, kʼečʼjaxinŏ","კეჭჲახინო̆, კეჭჲახინო̆",,,,,,,,,,"**კეჭჲახინო̆, კეჭჲახინო̆** მიმღ. ადუღებული"
kʼečʼjaqar,კეჭჲაჴარ,,,,,,aduğdeba,,,,**კეჭჲაჴარ** გრდმ. ადუღება (ადუღდება) მოდუღება უსრ. კეჭჲახარ
kʼečʼjaqitar,კეჭჲაჴითარ,,,,,,aaduğebs,,,,**კეჭჲაჴითარ** გრდმ. ადუღება (აადუღებს)უსრ. კეჭჲახითარ
kʼečʼjaqcʼiⁿ,კეჭჲაჴწიჼ,,,,,,,,,,**კეჭჲაჴწიჼ** აუდუღარი
kʼex,კეხ,j j,J,GE,n,,kʼexi; kʼexeⁿ,"უნაგირი, კეხი","saddle, saddle-tree",седло (деревянное или со всеми принадлежностями),"**კეხ** *ჲ ჲ* (კეხი; კეხეჼ) უნაგირი, კეხი"
kʼver,კვერ,j j,J,GE,n,,kʼveri; kʼvereⁿ,"კვერი, ჩაქუჩი",hammer,"молот, молоток","**კვერ** *ჲ ჲ* (კვერი; კვერეჼ) კვერი, ჩაქუჩი"
kʼverⁿ,კვერჼ,d d,,,,,kʼverni; kʼverneⁿ,,,,**კვერჼ** *დ დ* (კვერნი; კვერნეჼ) კვერნა
kʼvexad-d-alar,კვეხად-დ-ალარ,,,GE,vi,,ikʼvexis,კვეხნა (იკვეხნის),"boast, brag",хвастаться,**კვეხად-დ-ალარ** გრდუვ. კვეხნა (იკვეხის)
kʼvexad-d-ujnĭ,კვეხად-დ-უჲნი̆,,,,,,,,,,"**კვეხად-დ-უჲნი̆** მიმღ. 1. დასაკვეხი, საქები 2. შემქები"
kʼvexal[l]ajnĭ,კვეხალ[ლ]აჲნი̆,,,,,,,,,,**კვეხალ[ლ]აჲნი̆** მიმღ. მკვეხარა
kʼvinčx,კვინჩხ,b d,B,GE,n,,,კვრინჩხი,"blackthorn, sloe","тернь, терновник",**კვინჩხ** *ბ დ* კვრინჩხი
kʼvinčxarna,კვინჩხარნა,,,,,,,,,,**კვინჩხარნა** კვრინჩხნარი
kʼviraɁ[ŏ],კვირაჸ[ო̆],d d,,,,,,,,,**კვირაჸ[ო̆]** *დ დ* კვირა იხ. გებს
kʼvirbad-d-alar,კვირბად-დ-ალარ,,,GE,vi,,ukʼvirs,გაკვირვება (უკვირს),be surprised,удивляться,**კვირბად-დ-ალარ** გრდუვ. გაკვირვება (უკვირს)
kʼvirbad-d-ar,კვირბად-დ-არ,,,GE,vt,,"akʼvirvvebs, ikʼvirvebs","გაკვირვება (აკვირვებს, იკვირვებს)",surprise,удивлять,"**კვირბად-დ-არ** გრდმ. (აკვირვვებს, იკვირვებს)"
kʼvirtʼ,კვირტ,b j,Bj,GE,n,,kʼvirtʼi; kʼvirtʼeⁿ,კვირტი,lump of wool,комочек шерсти,**კვირტ** *ბ ჲ* (კვირტი; კვირტეჼ) კვირტი
kʼvnicʼ,კვნიწ,b d,B,GE,n,,,"კვნიწი (შაქრისა, მარილისა)","lump (of sugar, salt)","кусочек (сахара, соли)",**კვნიწ** *ბ დ* იხ. კანწლო̆
kʼidban,კიდბან,,,,,,kʼidbni; kʼidbneⁿ,,,,**კიდბან**ბ დ* (კიდბნი; კიდბნეჼ) კიდობანი
kʼiv,კივ,j j,J,GE,n,,,კევი,chewing gum,жевательная ароматная смола,**კივ** *ჲ ჲ* კევი
kʼikʼ1,კიკ1,b d,B,,n,,kʼikʼi; kʼikʼeⁿ,მძივი,bead,бусы,**კიკ1** *ბ დ* (კიკი; კიკეჼ)მძივი
kʼikʼ2,კიკ2,b d,B,,n,,,უკანა ტანი,"bottom, ass",задница,**კიკ2** *ბ დ* უკანა ტანი
kʼikʼar: kʼikʼar-d-axar,კიკარ: კიკარ-დ-ახარ,,,,,,,,,,**კიკარ: კიკარ-დ-ახარ** უკან-უკან წასვლა
kʼikʼdar,კიკდარ,,,,,,evp.,,,,**კიკდარ** სექსუალური აქტი (ევფ.) *(ექსპ.)*
kʼikʼel,კიკელ,,,,post,,,ზმნის.,,,"**კიკელ** ქვეშ 1. ზმნისართი **კიკელ ოტარ** ქვეშ დაგება; **კიკელ დჵეპდარ** ქვეშ მოტანა, ქვეშ მოყოლება 2. თანდ. მიც. ბრ. **მათთან კიკელ** - ლოგინის ქვეშ;**ტოტ კიკელ** ხელკავით, ხელგაყრილი **გირვანქ კიკელ** *გირვანქობით*"
kʼikʼel-d-ar,კიკელ-დ-არ,,,,,,,,,,**კიკელ-დ-არ** 1. ქვეშ დაგება 2. ქვეშ მოქცევა
"kʼikʼeldaħren, kʼikʼaldaħreⁿ","კიკელდაჰ’რენ, კიკალდაჰ’რეჼ",,,,,,,,,,"**კიკელდაჰ’რენ, კიკალდაჰ’რეჼ** ზმნს. 1 ქვევიდან 2. ქვემოური, ქვენა ქვევითა"
kʼikʼim,კიკიმ,j j,J,GE,n,,,"კიკინი, კავი","lock, curl",локон,"**კიკიმ** *ჲ ჲ* კიკინი, კავი"
kʼikʼli[n]mak,კიკლი[ნ]მაქ,,,,,,gadabrundeba,,,,"**კიკლი[ნ]მაქ** ზმნს. ქვევიდან ზევით 1) გადაბრუნება (გადაბრუნდება) გადატრიალება 2) გაბრაზება (გაბრაზდება) გაჯავრება **დაშნ კიკლიმაქ დ-ერწარ** სიტყვის ღალატი, პირის გატეხა"
kʼikʼlimak d-ercʼ-d-ar,კიკლიმაქ დ-ერწ-დ-არ,,,,,,gadaabrunebs,,,,"**კიკლიმაქ დ-ერწ-დ-არ** გადაბრუნება (გადააბრუნებს), გადატრიალება, გადაქოთება, ყირამალა დაყენება; უსრ. ჰ’ერწ-დ-არ"
kʼikʼliⁿ,კიკლიჼ,,,,,,"sabnisa, leibisa",,,,"**კიკლიჼ** ქვეშითა, ქვედა, ქვევითა **კიკლიჼ ჭარ** შიდა პირი (საბნისა, ლეიბისა)"
kʼikʼmardŏ,კიკმარდო̆,,Bj,,n,,,"ჭიტლაყი, პანღური",kick,пинок,"**კიკმარდო̆** ბ ჲ ჭიტლაყი, პანღური **კიკმარდო̆ ბეთთარ** - პანღურის კვრა"
kʼil jar,კილ ჲარ,,,,,,,,,,"**კილ ჲარ** *გრდმ. კილოს, ჭდის გაკეთება, დაკილოვება*"
kʼilŏ,კილო̆,j j,,,,,kʼiluj; kʼilujⁿ,,,,"**კილო̆**1 *ჲ ჲ* (კილუჲ; კილუჲჼ) 1. კილო (ღილისთვის) 2. კილო, ჭდე"
kʼilŏ2,კილო̆2,j j,,GE,n,,kʼilujⁿ,"კილო (ლაპარაკისა, სიმღერისა...)","dialect, tone, way of talking","тон, интонация, напев","**კილო̆2** *ჲ ჲ* (კილუჲჼ) კილო (ლაპარაკის, სიმღერისა..)"
kʼilŏ3,კილო̆3,d d,D,GE,n,,,კილოგრამი,kilo,килограмм,**კილო̆3** *დ დ* კილოგრამი
kʼilŏ4,კილო̆4,,,,a,,,"ძლიერი, ჯან-ღონით სავსე, კარგი ხარისხისა","full of strength, in one's best form",в лучшей форме,"**კილო̆4** ძლიერი, ჯანღონით სავსე, კარგი ხარისხისა"
kʼižiⁿ,კიჟიჼ,j j,J,GE,n,,,ყიჟინი,"shout, cry, scream","шум, крик, гиканье",**კიჟიჼ** *ჲ ჲ* ყიჟინა
kʼir,კირ,j,J,GE,n,,kʼireⁿ,კირი,(builder's) lime,известь,**კირ** *ჲ* (კირეჼ) კირი
kʼir-d-alar,კირ-დ-ალარ,,,,vi,,umiznebs,"მიშტერება, დაჟინებით ცქერა; დამიზნება (უმიზნებს)",stare; aim,"пристально смотреть; прицеливаться, нацеливаться","**კირ-დ-ალარ** გრდუვ. მიშტერება, დაჟინებით ცქერა 2. დამიზნება (უმიზნებს)"
kʼir-d-ar,კირ-დ-არ,,,,,,[da]umiznebs,,,,**კირ-დ-არ** გრდმ. დამიზნება ([და]უმიზნებს)
kʼirkʼitʼ,კირკიტ,,,GE,a,,,კირკიტი,"hard, firm, solid","твердый, крепкий",**კირკიტ**  კირკიტი
kʼitʼr,კიტრ,j j,J,GE,n,,kʼitʼruj; kʼitʼreⁿ,კიტრი,cucumber,огурец,**კიტრ** *ჲ ჲ* (კიტრუჲ; კიტრეჼ) კიტრი
kʼlitʼ,კლიტ,b d,B,GE,n,,kʼlitʼi; kʼlitʼeⁿ,კლიტე,lock,замок,**კლიტ** *ბ დ* (კლიტი; კლიტეჼ) კლიტე
kʼmatʼ,კმატ,b d,B,,n,,kʼmatʼni; kʼmatʼeⁿ,კლდე,cliff,скала,**კმატ** *ბ დ* (კმატნი; კმატეჼ) კლდე
kʼnat,კნათ,v b,M,,n,,kʼnati; kʼnateⁿ,"ბიჭი, ვაჟიშვილი","boy, son","мальчик, сын","**კნათ** *ვ ბ* (კნათი; კნათეჼ)ბიჭი, ვაჟიშვილი"
kʼnatğeⁿ,კნათღეჼ,,,,,,,,,,"**კნათღეჼ**  ბიჭური, ვაჟური, ბიჭისნაირი **კნათღეშ** *ზმნს. ბიჭურად*"
kʼnacʼkʼnacʼditar,კნაწკნაწდითარ,,,GE,vt,,,"კნატუნი, კნაწუნი","crack, crunch",щелкать,"**კნაწკნაწდითარ** გრდმ. კნატუნი, კნაწუნი"
kʼod,კოდ,b,B,GE,n,,kʼodeⁿ,კოდი,measure of grain,три руда (мера сыпучих тел),**კოდ** *ბ* (კოდეჼ) კოდი
kʼotxŏ,კოთხო̆,b d,B,GE,n,,kʼotxuj; kʼotxujⁿ,კათხა,wooden vessel,деревянная чаша,**კოთხო̆** *ბ დ* (კოთხუჲ; კოთხუჲჼ) კათხა
kʼokʼ1,კოკ1,j j,J,,n,,kʼokʼi; kʼokʼeⁿ,ტყაპუჭი,sheepskin,овчиный тулуп,**კოკ1** *ჲ ჲ* (კოკი; კოკეჼ) ტყაპუჭი
kʼokʼ2,კოკ2,j j,J,GE,n,,kʼokʼi,კოკა,clay pitcher for water,глиняный кувшин для воды,**კოკ2** *ჲ ჲ* (კოკი) კოკა
"kʼokʼamzikʼaɁŏ, kʼokʼamzikʼa","კოკამზიკაჸო̆, კოკამზიკა",j j,,,,,,,,,"**კოკამზიკაჸო̆, კოკამზიკა** *ჲ ჲ* ბზრიალა"
kʼolotʼ,კოლოტ,d d,D,GE,n,,,კოლოტი (სატკბილე ტიკი),large wineskin,бурдюк для виноградного сусла,**კოლოტ** *დ დ* კოლოტი (სატკბილე ტიკი)
kʼolop,კოლოფ,b d,B,GE,n,,kʼolpi; kʼolpeⁿ,კოლოფი,box,коробка,**კოლოფ** *ბ დ* (კოლფი; კოლფეჼ) კოლოფი
kʼombostʼŏ,კომბოსტო̆,b d,B,GE,n,,kʼombostʼuj; kʼombostʼujⁿ,კომბოსტო,cabbage,капуста,**კომბოსტო̆** *ბ დ* (კომბოსტუჲ; კომბოსტუჲჼ) კომბოსტო
kʼomoz,კომოზ,,,,,,ekspʼ.,,,,**კომოზ** ქალის თავსაბურავის ნაწილი *(ექსპ.)*
kʼompʼal,კომპალ,j j,J,GE,n,,kʼompʼli; kʼompʼleⁿ,კომბალი,"cudgel, club, shepherd's crook",дубина,**კომპალ** *ჲ ჲ* (კომპლი; კომპლეჼ) კომბალი
kʼomšuj,კომშუჲ,d,B,,n,,,,,,**კომშუჲ** *დ* მრ. იხ. კუჲმში̆
kʼondax,კონდახ,j j,J,GE,n,,,კონდახი,rifle butt,приклад,**კონდახ** *ჲ ჲ* კონდახი
kʼonvertʼ,კონვერტ,d d,D,GE; RU,n,,kʼonvertʼi; kʼonvertʼeⁿ,კონვერტი,envelope,конверт,**კონვერტ** *დ დ* (კონვერტი; კონვერტეჼ) კონვერტი
kʼopʼ,კოპ,j j,J,GE,n,,,კოპი,lump (from blow on head),шишка,**კოპ** *ჲ ჲ* იხ. ფუშ
kʼopʼlaɁŏ,კოპლაჸო̆,v,J,GE,n,,,"კოპალა (ხევსურების, ფშაველების, თუშების სალოცავი ხატი)","Kopala (Khevsur, Pshav, Tush pagan god)","одно из божеств у хевсух, пшавов и тушин","**კოპლაჸო̆** *ვ* კოპალა (ხევსურების, ფშავლების, თუშების სალოცავი ხატი)"
kʼor,კორ,b,B,,n,,,ნახშირი,charcoal,уголь,**კორ** *ბ* ნახშირი
kʼorbakʼbujnĭ,კორბაკბუჲნი̆,,,,,,,,,,"**კორბაკბუჲნი̆** მიმღ. მენახშირე, ნახშირის გამომწველი"
kʼorkʼotʼ,კორკოტ,d d,D,GE,n,,,კორკოტი,"porridge of pounded wheat, milk and melted butter",каша из толченой пшеницы,**კორკოტ** *დ დ* კორკოტი
kʼortʼar,კორტარ,,,,vi,,[mo]bezrdeba,"მობეზრება ([მო]ბეზრდება), მოწყენა","bore, be bored","надоесть, надоедать","**კორტარ** გრდუვ. მობეზრება ([მო]ბეზრდება), მოწყენა"
kʼortʼ-d-ar,კორტ-დ-არ,,,,,,[ga]abezrebs,,,,"**კორტ-დ-არ** გრდმ. გაბეზრება ([გა]აბეზრებს), მობეზრება (მოაბეზრებს)"
kʼortʼnad-d-ar,კორტნად-დ-არ,,,GE,vt,,,კორტნა,nibble,"глодать, отщипывать",**კორტნად-დ-არ** გრდმ. კორტნა
kʼortʼujnĭ,კორტუჲნი̆,,,,,,,,,,"**კორტუჲნი̆** მიმღ. მომაბეზრებელი, მოსაწყენი"
kʼorčxnad-d-alar,კორჩხნად-დ-ალარ,,,GE,vi,,ikʼrunčxeba,კრუნჩხვა (იკრუნჩხება),"writhe, crumple. squirm",корчиться,**კორჩხნად-დ-ალარ** გრდუვ. კრუნჩხვა (იკრუნჩხება)
kʼorʒ,კორძ,j j,J,GE,n,,kʼorʒi; kʼorʒeⁿ,კორძი; ჯირკვალი,"bunion, callus, burr; gland","нарост, железка","**კორძ** *ჲ ჲ* (კორძი; კორძეჼ) კორძი, ჯირკვალი"
kʼos,კოს,d d,D,,n,,kʼosairč; kʼoseⁿ,"კოში, ხის დიდი ჯამი",big wooden bowl,большая деревянная миска,"**კოს** *დ დ* (კოსაირჩ; კოსეჼ) კოში, ხის დიდი ჯამი"
kʼotʼerč,კოტერჩ,,,,n,,,,,,**კოტერჩ** მრ. იხ. კუჲტი̆
kʼotʼor,კოტორ,j j,J,,n,,kʼotʼri; kʼotʼreⁿ,ქადა,fried khachapuri,"када, пирог",**კოტორ** *ჲ ჲ* (კოტრი; კოტრეჼ)ქადა
kʼopŏ,კოფო̆,d d,D,GE,n,,,კოფო,coachman's seat,козлы,**კოფო̆** *დ დ* კოფო
kʼoğŏ,კოღო̆,j j,J,GE,n,,kʼoğuj; kʼoğujⁿ,კოღო,mosquito,комар,**კოღო̆** *ჲ ჲ* (კოღუჲ; კოღუჲჼ) კოღო
kʼoškʼ,კოშკ,,D,GE,n,,kʼoškʼi; kʼoškʼeⁿ,კოშკი,tower,"терем, башня",**კოშკ** დ დ (კოშკი; კოშკეჼ)კოშკი
kʼoc,კოც,d d,,,,,kʼocni,,,,**კოც** *დ დ*(კოცნი) თვალი *(ქსოვისას) (ექსპ.)*
kʼoc tasbalar,კოც თასბალარ,,,,,,ekspʼ.,,,,**კოც თასბალარ** თვალის ჩავარდნა ქსოვსას *(ექსპ.)*
kʼocʼol1,კოწოლ1,j j,J,,n,,kʼocʼli; kʼocʼleⁿ,ნაწნავი,"braid, plait",коса (волос),**კოწოლ1** *ჲ ჲ* (კოწლი; კოწლეჼ)ნაწნავი
kʼocʼol2,კოწოლ2,j j,J,,n,,kʼocʼli,მყესი,tendon,сухожилие,**კოწოლ2** *ჲ ჲ* (კოწლი)მყესი
kʼočʼ,კოჭ,b d,B,GE,n,,kʼočʼi; kʼočʼeⁿ,კოჭი (სათამაშო ძვალი); კოჭი (სახლისა); კოჭი (საკერავი ძაფისა),"knucklebone, die (in game); rafter, joist, plank; spool","альчик; балка, стропило; катушка",**კოჭ** *ბ დ* (კოჭი; კოჭეჼ) 1. კოჭი (სათამაშო ძვალი) 2. კოჭი (სახლისა) 3. კოჭი (საკერავი ძაფისა)
kʼoxa,კოხა,,,,,,kali,,,,**კოხა** ქართველი (ქალი) (შიფნ.)
kʼoxiv (kʼaci),კოხივ (კაცი),v b,,,,,kʼaci,,,,**კოხივ (კაცი)** *ვ ბ* (კუჲხი̆; კუჲხვაჲჼ)ქართველი
kʼravel,კრაველ,,,,,,alir.,,,,**კრაველ** ბატკნის მატყლი *(ალირ.)*
kʼrazaⁿ,კრაზაჼ,d d,D,GE,n,,kʼrazni; kʼrazneⁿ,"კრაზანა, თავცეცხლა (მცენ.)",St. John's wort,зверобой (раст.),"**კრაზაჼ**  *დ დ* (კრაზნი; კრაზნეჼ) კრაზანა, თავცეცხლა (მცენ.)"
kʼramitʼ,კრამიტ,b d,B,GE,n,,kʼrejmtʼi; kʼrejmtʼeⁿ,კრამიტი,roof tile,черепица,**კრამიტ** *ბ დ* (კრეჲმტი; კრეჲმტეჼ) კრამიტი
kʼrampʼul,კრამპულ,j j,J,,n,,kʼrampʼli; kʼrampʼleⁿ,ეშვი,"canine tooth, fang, tusk",клык,**კრამპულ** *ჲ ჲ* (კრამპლი; კრამპლეჼ) ეშვი
kʼraotʼ,კრაოტ,b d,B,RU,n,,kʼraotʼi; kʼraotʼeⁿ,საწოლი,bed,кровать,**კრაოტ** *ბ დ* (კრაოტი; კრაოტეჼ) საწოლი
kʼrajčʼnebad-d-ar,კრაჲჭნებად-დ-არ,,,GE,vt,,akʼračʼunebs,კრაჭუნი (აკრაჭუნებს),gnash,скрежетать (зубами),**კრაჲჭნებად-დ-არ** გრდმ. კრაჭუნი (აკრაჭუნებს)
kʼrixal,კრიხალ,j j,J,GE,n,,,"კრიახი, ხრიოკი (ადგილი)","stony, rocky, barren place",неровное каменистое место,"**კრიხალ** *ჲ ჲ* კრიახი, ხრიოკი (ადგილი)"
kʼročʼ,კროჭ,b d,B,GE,n,,,კროჭი (კოლოფი),"casket, box, chest",шкатулка,**კროჭ** *ბ დ* კროჭი (კოლოფი)
"kʼrutʼ, kʼrutʼeğ, ʕedağar","კრუტ, კრუტეღ, ჵედაღარ",,,,,,,,,,"**კრუტ, კრუტეღ, ჵედაღარ** გრდუვ. კრუხად ჯდომა, კრუხვა **კრუტეღ ხაჸდარ გრდმ.** *კრუხად დასმა*"
kʼrux,კრუხ,d d,D,GE,n,,kʼruxi; kʼruxeⁿ,კრუხი,broody hen,наседка,**კრუხ** *დ დ* (კრუხი; კრუხეჼ) კრუხი იხ. კრუტ
kʼruxkʼrux: kʼruxkʼurxdar,კრუხკრუხ: კრუხკურხდარ,,,,,,kʼruxunebs,,,,**კრუხკრუხ: კრუხკურხდარ** გრდმ. კრუხუნი (კრუხუნებს)
kʼubŏ,კუბო̆,b d,B,GE,n,,kʼubuj; kʼubujⁿ,კუბო,coffin,гроб,**კუბო̆** *ბ დ* (კუბუჲ; კუბუჲჼ)კუბო
kʼudaɁŏ,კუდაჸო̆,,,GE,n,,,კუდა,"tail-less sheep, short-tailed sheep",бесхвостый или с коротким хвостом,**კუდაჸო̆** კუდა
kʼuv,კუვ,j j,J,GE,n,,kʼuji; kʼuveⁿ,კუ,"tortoise, turtle",черепаха,**კუვ** *ჲ ჲ* (კუჲი; კუვეჼ)კუ
kʼuvz,კუვზ,v b,M,,n,,kʼuvzeⁿ,ციცხვი,"ladle, large wooden spoon",разливательная ложка,**კუვზ** *ვ ბ* (კუვზეჼ) ციცხვი
kʼut,კუთ,d d,D,GE,n,,kʼuti; kʼuteⁿ,კუნთი; რბილი ხორცი,muscle; soft meat,мускулы; мякоть,**კუთ** *დ დ* (კუთი; კუთეჼ) 1. კუნთი 2. რბილი ხორცი
kʼutnebad-d-ar,კუთნებად-დ-არ,,,,,,"akʼutvnebs, ikʼutvnebs",,,,"**კუთნებად-დ-არ** გრდმ. მიკუთვნება (აკუთვნებს, იკუთვნებს)"
"kʼuj-d-alar, kʼuv-d-alar","კუჲ-დ-ალარ, კუვ-დ-ალარ",,,,,,[ga]tetrdeba,,,,"**კუჲ-დ-ალარ, კუვ-დ-ალარ** გრდუვ. გათეთრება ([გა]თეთრდება), გაჭაღარავება"
"kʼuj-d-ar, kʼuv-d-ar","კუჲ-დ-არ, კუვ-დ-არ",,,,,,gaatetrebs,,,,"**კუჲ-დ-არ, კუვ-დ-არ** გრდმ. გათეთრება (გაათეთრებს)"
kʼujzeⁿ,კუჲზეჼ,,,GE,a,,,კუზიანი,hunchbacked,горбатый,**კუჲზეჼ** კუზიანი
kʼujmšĭ,კუჲმში̆,b d,B,GE,n,,kʼomšuj; kʼujmšiⁿ,კომში,quince,айва,**კუჲმში̆** *ბ დ* (კომშუჲ; კუჲმშიჼ) კომში
kʼujⁿ,კუჲჼ,,,,,,,,,,**კუჲჼ** თეთრი
kʼujna,კუჲნა,d d,,,,,,,,,**კუჲნა** *დ დ* 1. სითეთრე 2. რძის ნაწარმი
kʼujndalušbʕarkʼ,კუჲნდალუშბჵარკ,,,,,,alir.,,,,**კუჲნდალუშბჵარკ** ლიბრი *(ალირ.)*
"kʼujnkʼlaɁŏ, kʼonkʼil","კუჲნკლაჸო̆, კონკილ",d d,,,,,,,,,"**კუჲნკლაჸო̆, კონკილ** *დ დ* კონკილა"
kʼujžraleⁿ,კუჲჟრალეჼ,,,GE,a,,,კოჟრებიანი,"callous, with callus",мозолистый,**კუჲჟრალეჼ** კოჟრებიანი
kʼujtʼĭ,კუჲტი̆,d d,D,,n,,kʼotʼerč; kʼotʼiⁿ,კატა,cat,кошка,**კუჲტი̆** *დ დ* (კოტერჩ; კოტიჼ) კატა **კოტიჼ ბადერ** *დ დ* კატის კნუტი
kʼujxeš,კუჲხეშ,,,,,,,,,,**კუჲხეშ** ზმნს. ქართულად იხ. კოხივ
kʼujxob,კუჲხობ,j,,,,,,,,,**კუჲხობ** *ჲ* ქართველობა
kʼujxĭ,კუჲხი̆,,M/F,,n,,,ქართულად,in Georgian,по грузински,**კუჲხი̆** მრ. იხ. კოხივ
kʼukʼuxŏ,კუკუხო̆,j j,J,GE,n,,,კუკუხო (თეძოს ძვლების თავი),head of thigh-bone,головная часть бедренной кости,**კუკუხო̆** *ჲ ჲ* კუკუხო (თეძოს ძვლების თავი)
kʼunel,კუნელ,j j,J,GE,n,,kʼunleⁿ,კუნელი,hawthorn,боярышник (раст.),**კუნელ** *ჲ ჲ* (კუნლეჼ) კუნელი
kʼuntʼar: kʼuntʼar xaɁar,კუნტარ: კუნტარ ხაჸარ,,,,,,daikʼuntʼeba,,,,**კუნტარ: კუნტარ ხაჸარ** დაკუნტება (დაიკუნტება)
kʼunʒ,კუნძ,j j,J,GE,n,,kʼanʒbi; kʼunʒeⁿ,კუნძი,"tree stump, block, ",пень,**კუნძ** *ჲ ჲ* (კანძბი; კუნძეჼ) კუნძი
kʼuncʼux,კუნწუხ,j j,J,GE,n,,,"კუნწუხი, თხემი, მწვერვალი","top, summit, peak, crown",вершина,"**კუნწუხ** *ჲ ჲ* კუნწუხი, თხემი, მწვერვალი"
kʼupʼr,კუპრ,j j,J,GE,n,,kʼupʼreⁿ,კუპრი,"tar, pitch",деготь,**კუპრ** *ჲ ჲ* (კუპრეჼ)კუპრი
kʼužr,კუჟრ,j j,J,GE,n,,kʼužri; kʼužreⁿ,"ნუჟრი, კოჟრი, კორძი","knot, gnarl, burr",наплыв (на дереве),"**კუჟრ** *ჲ ჲ* (კუჟრი; კუჟრეჼ) ნუჟრი, კოჟრი, კორძი"
kʼur,კურ,b d,B,,n,,kʼurajlč/kʼurelč,"კვამლი, ბოლი",smoke,дым,"**კურ** *ბ დ* (კურაჲლჩ/კურელჩ) 1. კვამლი, ბოლი **კურ ბოღარ** გრდმ. შებოლვა 2. კომლი 3. ნისლი, ჯანღი"
kʼuraleⁿ,კურალეჼ,,,,,,,,,,"**კურალეჼ**  ნისლიანი, ჯანღიანი"
kʼurbungal,კურბუნგალ,b d,B,,n,,,"ბოლმტვერი, კორიანტელი",dust storm,поднявшаяся густая пыль,"**კურბუნგალ** *ბ დ* ბოლმტვერი, კორიანტელი"
kʼurtxad-d-ar,კურთხად-დ-არ,,,GE,vt,,akʼurtxebs,კურთხევა (აკურთხებს),bless,благословлять,**კურთხად-დ-არ** გრდმ. კურთხევა (აკურთხებს)
kʼurixujla,კურიხუჲლა,d,,,,,,,,,"**კურიხუჲლა** *დ* საკვამლე, საკვამური"
kʼurkʼl lakjar,კურკლ ლაქჲარ,,,,,,curclis daqʼra,,,,"**კურკლ ლაქჲარ** დაცურცვლა (ცურცლის დაყრა), მოკურკვლა"
kʼurkʼl,კურკლ,j j,J,GE,n,,,"კურკლი, ცურცლი",droppings,"помет (овечий, заячий и др.)","**კურკლ** *ჲ ჲ* კურკლი, ცურცლი"
kʼurkʼum,კურკუმ,b d,B,,n,,,"პატარა, მრგვალი ქვა",pebble,маленький круглый камень,"**კურკუმ** *ბ დ* პატარა, მრგვალი ქვა"
kʼurkʼŏ,კურკო̆,j j,J,,n,,kʼurkʼuj; kʼurkʼujⁿ,რკო,acorn,желудь,**კურკო̆** *ჲ ჲ* (კურკუჲ; კურკუჲჼ) რკო
kʼurtʼul,კურტულ,,,,,,ekspʼ.,,,,**კურტულ** ტახტზე დასაფენი ნაქსოვი რამ *(ექსპ.)*
kʼurtʼum,კურტუმ,j j,J,GE,n,,,კურტუმი,bird's rump,гузка,**კურტუმ** *ჲ ჲ* კურტუმი
kʼurcʼiⁿ,კურწიჼ,,,,,,cecxli,,,,**კურწიჼ** 1. უკვამლო (ცეცხლი)*;* 2. უნისლო
kʼutʼal,კუტალ,j j,J,GE,n,,,"ჭინჭილა, კუტალი",small wine pitcher,кувшинчик,"**კუტალ** *ჲ ჲ* ჭინჭილა, კუტალი"
kʼutʼlamp,კუტლამფ,d d,D,,n,,kʼutʼlampi; kʼutʼlampeⁿ,ჭრაქი,oil lamp,коптилка,**კუტლამფ** *დ დ* (კუტლამფი; კუტლამფეჼ) ჭრაქი
kʼučʼ,კუჭ,b d,B,,n,,,"გორაკის თავი, მთის წვერი; გროვა","hill top, mountain top; heap, pile",вершина горы; куча,"**კუჭ** *ბ დ* 1. გორაკის თავი, მთის 2. გროვა"
kʼučʼbadla,კუჭბადლა,j j,J,,n,,kʼučʼbadli; kʼučʼbadleⁿ,"სანაგვე, ნაგვის დასაყრელი ადგილი; საპირფარეშო",garbage dump; toilet,"свалочное масто, туалет","**კუჭბადლა** *ჲ ჲ* (კუჭბადლი; კუჭბადლეჼ) სანაგვე, ნაგვის დასაყრელი ადგილი; საპირფარეშო"
kʼʕavar,კჵავარ,d d,,,,,,,,,**კჵავარ** *დ დ* კოჭლი ცხვარი
kʼʕav-d-alar,კჵავ-დ-ალარ,,,,,,"[da]kʼočʼldeba, kʼočʼlobs",,,,"**კჵავ-დ-ალარ** გრდუვ. დაკოჭლება ([და]კოჭლდება, კოჭლობს)"
kʼʕav-d-ar,კჵავ-დ-არ,,,,,,[da]akʼočʼlebs,,,,**კჵავ-დ-არ** გრდმ. დაკოჭლება ([და]აკოჭლებს)
kʼʕaveⁿ,კჵავეჼ,,,,a,,,კოჭლი,lame,хромой,**კჵავეჼ** კოჭლი
kʼʕakʼ,კჵაკ,b j,Bj,,n,,kʼʕakʼi; kʼʕakʼeⁿ,"ქუსლი (ფეხის, კარის)",heel,"пятка (ноги, дверей)","**კჵაკ** *ბ ჲ* (კჵაკი; კჵაკეჼ) ქუსლი (ფეხისა, კარისა) **კჵაკ ჰ’აბბარ** გრდმ. ქუსლის კვრა, გაქუსვლა"
kʼʕakʼam,კჵაკამ,b d,B,,n,,,აბედი,tinder,трут,**კჵაკამ** *ბ დ* აბედი
kʼʕakʼħercʼila,კჵაკჰ’ერწილა,d d,,,,,,,,,"**კჵაკჰ’ერწილა** *დ დ* კარის ქუსლის (ფეხის, კარის) საბრუნავი ადგილი"
kʼʕokʼ,კჵოკ,b d,B,,n,,kʼʕokʼuj; kʼʕokʼujⁿ,ორმო; ჩაჭუტული (ლოყაზე),"pit, hole ",яма; ямочка,**კჵოკ** *ბ დ* (კჵოკუჲ; კჵოკუჲჼ) 1. ორმო 2. ჩაჭუტული (ლოყაზე)
kʼʕokʼar-d-ar,კჵოკარ-დ-არ,,,,,,[ča]ağrmavebs,,,,**კჵოკარ-დ-არ** გრდმ. ჩაღრმავება ([ჩა]აღრმავებს)
kʼʕokʼrol,კჵოკროლ,j j,,,,,,,,,**კჵოკროლ** *ჲ ჲ* სიღრმე
kʼʕokʼruⁿ,კჵოკრუჼ,,,,,,,,,,**კჵოკრუჼ**  ღრმა
kʼʕujkʼrna,კჵუჲკრნა,d d,,,,,,,,,**კჵუჲკრნა** *დ დ* სიღრმე
kʼʕokʼruš,კჵოკრუშ,,,,,,,,,,**კჵოკრუშ** *ზმნს. ღრმად*
ma,მა,,,,,,,,,,"**მა**  უარყოფითი ნაწილაკი, იხმარება ზმნასთან და აღნიშნავს, რომ ესა თუ ის მოქმედება არ უნდა შესრულდეს, ნუ"
"ma, magram","მა, მაგრამ",,,,,,,,,,"**მა, მაგრამ** კავშ. მაგრამ; კი"
"maašĕ, maš","მააშე̆, მაშ",b d,,,,,mašeⁿ,,,,"**მააშე̆, მაშ** *ბ დ* (მაშეჼ) შალი (მატყლის ძაფის ნაქსოვი) **მაშ ბოწარ** გრდმ. შალის ძაფის აბმა ყდაზე, დაქსელვა, შალის ქსოვის დაწყება"
maacnĕ,მააცნე̆,d d,D,GE,n,,,"მაცნე, ელჩი, მოციქული","messenger, ambassador, herald","посланник, посол","**მააცნე̆** *დ დ* მაცნე, ელჩი, მოციქული"
maax,მაახ,d,B,,n,,maaxi; maaxeⁿ,ნემსი,needle,"иголка, игла",**მაახ** ბ *დ* (მაახი; მაახეჼ) ნემსი **მახ ბარ** გრდმ. ნემსის გაკეთება
maaxliⁿ,მაახლიჼ,,,,,,,,,,**მაახლიჼ** პურადი
maaǯ,მააჯ,j j,J,GE,n,,maaǯi; maaǯeⁿ,მაჯა,wrist,запястье,**მააჯ** *ჲ ჲ* (მააჯი; მააჯეჼ) მაჯა
maaqcʼin,მააჴწინ,,,,,,,,,,"**მააჴწინ**უპურო, უპუროდ"
magalit,მაგალით,j j,J,GE,n,,magaliti; magaliteⁿ,მაგალითი,example,пример,**მაგალით** *ჲ ჲ* (მაგალითი; მაგალითეჼ) მაგალითი
"magram, magrgrani","მაგრამ, მაგრგრანი",,,,,,,,,,"**მაგრამ, მაგრგრანი** იხ. მა"
mad,მად,j j,J,GE,n,,,მადა,"hunger, appetite",аппетит,**მად** *ჲ ჲ* მადა
"madajna, madina","მადაჲნა, მადინა",j j,,,,,,,,,"**მადაჲნა, მადინა** *ჲ ჲ* მადანი, საბადო"
madel,მადელ,b,,GE,adv,,,მადლი,"mercifully, thankfully, good","добро, благо",**მადელ** *ბ* მადლი
madel bar,მადელ ბარ,,,,,,,,,,**მადელ ბარ** *გრდმ. მადლის ქმნა*
madlajnĭ,მადლაჲნი̆,,,,,,,,,,"**მადლაჲნი̆**  მიმღ. რიგიანი, ფარსაგი, ხეირიანი"
madlob,მადლობ,j,,,,,,,,,**მადლობ** *ჲ* მადლობა
"maval, mavol","მავალ, მავოლ",d d,,,,,,,,,"**მავალ, მავოლ** *დ დ* საყმაწვილო"
mavtul,მავთულ,d d,D,GE,n,,majvtli; majvtleⁿ,მავთული,wire,проволка,**მავთულ** *დ დ* (მაჲვთლი; მაჲვთლეჼ)მავთული
mazr,მაზრ,j j,,,,,,,,,**მაზრ** *ჲ ჲ* მაზრა
matar,მათარ,d d,D,GE,n,,matri; matrajⁿ,მათარა,"flask, water bag",кожаная фляжка,**მათარ** *დ დ* (მათრი; მათრაჲჼ) მათარა
mattiš,მათთიშ,,,,n,,,,,,**მათთიშ** მრ. იხ. მოთთ
matx,მათხ,b d,B,,n,,matxiⁿ,მზე,sun,солнце,**მათხ** *ბ დ* (მათხიჼ) მზე
matxar-d-alar,მათხარ-დ-ალარ,,,,vi,,[da]čʼkʼneba,"[და]ჭკნობა ([და]ჭკნება); გახუნება (გახუნდება), ფერის წასვლა","wilt, wither, fade, discolour","увянуть, увядать; (вы)менять",**მათხარ-დ-ალარ** გრდუვ. 1. [და]ჭკნობა ([და]ჭკნება)2. გახუნება (გახუნდება) ფერის წასვლა
"matxar-d-alinŏ, matxar-d-ajlnŏ","მათხარ-დ-ალინო̆, მათხარ-დ-აჲლნო̆",,,,,,,,,,"**მათხარ-დ-ალინო̆, მათხარ-დ-აჲლნო̆** მიმღ 1. დამჭკნარი 2 გახუნებული"
matxar-d-ar,მათხარ-დ-არ,,,,vt,,[da]ačʼkʼnobs,[და]ჭკნობა ([და]აჭკნობს); [გა]ხუნება ([გა]ახუნებს),"make wither, make fade, discolour","заставить (за)вянуть; заставить полинять, выцвести",**მათხარ-დ-არ** გრდმ. 1. [და]ჭკნობა ([და]აჭკნობს) 2. [გა]ხუნება ([გა]ახუნებს)
matxbaɬujla,მათხბალ’უჲლა,d,,,,,,,,,"**მათხბალ’უჲლა** *დ* მზის ამოსვლა, მზის ამოსვლის დრო; აღმოსავლეთი"
matxbucʼujla,მათხბუწუჲლა,d,,,,,,,,,"**მათხბუწუჲლა** *დ* მზის ჩასვლა, მზის ჩსვლის დრო; დასავლეთი"
"matxejvħĕ, matxivħ","მათხეჲვჰ’ე̆, მათხივჰ’",j d,,,,,,,,,"**მათხეჲვჰ’ე̆, მათხივჰ’** ზმნს. მზისკენ, მზეში, სინათლისკენ **მათხეჼ შურ** *ჲ დ* რძიანა (მზის რძე) თავსაწყვეტელა **მათხიჼ ქვეყანა** ჲ ჲ მზის ქვეყანა, სამყარო"
matxcʼiⁿ,მათხწიჼ,,,,,,,,,,"**მათხწიჼ**  უმზეო, უმზეოდ"
mais,მაის,b d,B,GE,n,,majseⁿ,მაისი,May,май,**მაის**  *ბ დ* (მაჲსეჼ) მაისი
majger,მაჲგერ,d,D,GE,,n,,,,,**მაჲგერ** *დ* 1. სამაგიერო 2. თანდ. მაგიერ
majzŭ,მაჲზუ̆,j j,J,,n,,,სწორი ნაწლავი,rectum,прямая кишка,**მაჲზუ̆** *ჲ ჲ* სწორი ნაწლავი
majtxa,მაჲთხა,,,,,,,,,,"**მაჲთხა** ჲ სამზეო, ქვეყანა,მსოფლიო"
majmlecʼin,მაჲმლეწინ,,,,,,,,,,**მაჲმლეწინ**უმამულო
majmuⁿ,მაჲმუჼ,d d,D,GE,n,,mejmuni; majm[u]neⁿ,მაიმუნი,"monkey, ape",обезьяна,**მაჲმუჼ** *დ დ* (მეჲმუნი; მაჲმ[უ]ნეჼ) მაიმუნი
"majmĭ, dadešŏ","მაჲმი̆, დადეშო̆",j d,,,,,dadjažar; dadjašeⁿ,,,,"**მაჲმი̆, დადეშო̆** *ჲ დ* (დადჲაჟარ; დადჲაშეჼ) მამიდა"
majrvašŏ,მაჲრვაშო̆,v b,M,,n,,majrvažar; marvašeⁿ,მაზლი,brother-in-law. husband's brother,деверь,**მაჲრვაშო̆** *ვ ბ* (მაჲრვაჟარ; მარვაშეჼ) მაზლი
majrğuj,მაჲრღუჲ,d,0d,,n,,,"ქმრისეულნი, ქმრის ოჯახი",husband's family,семья мужа (для замужней женщины),"**მაჲრღუჲ** *დ* ქმრისეულნი, ქმრის ოჯახი"
majrɬa,მაჲრლ’ა,j,,,,,,,,,"**მაჲრლ’ა** *ჲ* ცხვირპირი, პირისახე **მაჲრლ’ა დ-ოლ’არ** გრდუვ. ჩახუტება (ჩაეხუტება), მოხვევა **მაჲრლ’ა დ-ოლლარ** *- გრდმ. ჩახუტება (ჩაიხუტებს)*"
majrjašŏ,მაჲრჲაშო̆,j d,F,,n,,majrjažar; majrjašeⁿ,მული,sister-in-law. husband's sister,золовка,**მაჲრჲაშო̆** *ჲ დ* (მაჲრჲაჟარ; მაჲრჲაშეჼ) მული
majš-majtxa,მაჲშ-მაჲთხა,j,,,,,,,,,"**მაჲშ-მაჲთხა** *ჲ* სინათლე-მზე, დღისით-მზისით"
"majčŭ, mejčŭ","მაჲჩუ̆, მეჲჩუ̆",d d,,,,,,,,,"**მაჲჩუ̆, მეჲჩუ̆** *დ დ* მაჩვი"
majx-d-alar,მაჲხ-დ-ალარ,,,,,,[še]pasdeba,,,,"**მაჲხ-დ-ალარ** გრდუვ. შეფასება ([შე]ფასდება), დაფასება; შევაჭრება"
majx-d-ar,მაჲხ-დ-არ,,,,,,[še]apasebs,,,,"**მაჲხ-დ-არ** გრდმ. შეფასება ([შე]აფასებს); დაფასება, ფასის დადება"
majxeⁿ,მაჲხეჼ,,,,,,,,,,**მაჲხეჼ** ქარიანი
majxcʼiⁿ,მაჲხწიჼ,,,,,,,,,,"**მაჲხწიჼ** უფასო, მუქთად"
majqĭ,მაჲჴი̆,j j,J,,n,,maquj; maqoⁿ,პური,bread,хлеб,**მაჲჴი̆** *ჲ ჲ* (მაჴუჲ; მაჴოჼ) პური
majqjattujnĭ,მაჲჴჲათთუჲნი̆,,,,ptcp,,,"პურის მცხობელი, ხაბაზი","baking bread, baker",пекущий хлеб,"**მაჲჴჲათთუჲნი̆** მიმღ. პურის მცხობელი, ხაბაზი"
makʼal,მაკალ,,,,,,alir.,,,,"**მაკალ** ფუტურო, ფუღურო *(ალირ.)*"
makʼar,მაკარ,,,,vi,,šeuʒlia,შეძლება (შეუძლია),be able to,"мочь, иметь возможность, быть в состянии",**მაკარ** გრდუვ. 1. შეძლება (შეუძლია) 2. რთული ფუძის ან შესიტყვების შემადგენელი ნაწილი; აწარმოებს პოტენციალისის შინაარსის მქონე გრდუვ. ზმნას
makʼartʼaⁿ,მაკარტაჼ,d d,D,GE,n,,makʼartʼni; makʼartʼneⁿ,მაკრატელი,scissors,ножницы,**მაკარტაჼ**  *დ დ* (მაკარტნი; მაკარტნეჼ) მაკრატელი
makʼarcʼiⁿ,მაკარწიჼ,,,,,,,,,,"**მაკარწიჼ**  უღონო, უილაჯო"
makʼarxitʼenŏ,მაკარხიტენო̆,,,,,,,,,,"**მაკარხიტენო̆** მიმღ. ილაჯგაწყვეტილი, ქანცგაწყვეტილი"
makʼ-d-alar,მაკ-დ-ალარ,,,,,,peri daekʼargeba,,,,"**მაკ-დ-ალარ**  გრდუვ. ფერის დაკარგვა (ფერი დაეკარგება), გაფითრება; გახუნება"
makʼ-d-ar1,მაკ-დ-არ1,,,,,,šeiʒlebs,,,,**მაკ-დ-არ1**გრდმ. შეძლება (შეიძლებს)
makʼ-d-ar2,მაკ-დ-არ2,,,,,,pers daukʼargavs,,,,"**მაკ-დ-არ2** გრდმ. ფერის დაკარგვა (ფერს დაუკარგავს), გაფითრება, გახუნება"
"makʼ-d-omakʼar, makʼo-d-makʼar","მაკ-დ-ომაკარ, მაკო-დ-მაკარ",,,,,,šeʒlebs,,,,"**მაკ-დ-ომაკარ, მაკო-დ-მაკარ** გრდუვ. შეძლება (შეძლებს)"
makʼ-d-ujla,მაკ-დ-უჲლა,d,,,,,,,,,"**მაკ-დ-უჲლა** *დ* შეძლების უნარი, სახსარი"
makʼe,მაკე,,,,,,šipn.,,,,**მაკე** ყვითელი *(შიფნ.)*
makʼeⁿ,მაკეჼ,,,,a,,,"ფერმკრთალი, ფერწასული; გახუნებული","pale, faded, discoloured","бледный, бесцветный, выгоревший","**მაკეჼ** ფერმკრთალი, ფერწასული; გახუნებული"
makʼeš,მაკეშ,,,,,,,,,,"**მაკეშ** ღონიერი, ძლიერი, შემძლე; შეძლებული; იხ. მაკარ"
makʼešstʼakʼ,მაკეშსტაკ,,,,,,alir.,,,,"**მაკეშსტაკ** ბუმბერაზი, გოლიათი *(ალირ.)*"
makʼinĭ,მაკინი̆,,,,,,,,,,"**მაკინი̆** მიმღ. შემძლე, ღონიერი"
makʼx-d-itar,მაკხ-დ-ითარ,,,,,,,,,,"**მაკხ-დ-ითარ** გრდმ. დასხმევინება, დაღვრევინება"
"malamŏ, malam","მალამო̆, მალამ",d,,,,,,,,,"**მალამო̆, მალამ** *დ* მალამო"
mal-d-alar,მალ-დ-ალარ,,,,,,[ga]tbeba,,,,**მალ-დ-ალარ** გრდუვ. 1. გათბობა ([გა]თბება)2. დაღლა ([და]იღლება)
mal-d-alinŏ,მალ-დ-ალინო̆,,,,,,,,,,**მალ-დ-ალინო̆** მიმღ. დაღლილი
mal-d-ar,მალ-დ-არ,,,,,,[ga]atbobs,,,,"**მალ-დ-არ** გრდმ. 1. შეთბობა, გათბობა ([გა]ათბობს)2. დაღლა ([და]ღლის)"
maliⁿ,მალიჼ,,,,a,,,"ნელთბილი, თბილი; ზარმაცი, ზანტი, დუნე","warm; lazy, listless","теплый; ленивый, вялый","**მალიჼ** 1. ნელთბილი, თბილი 2. გადატ. ზარმაცი, ზანტი, დუნე **მალიშ** ზმნს. ბოშად, დუნედ, მოფონებით"
malol,მალოლ,j,,,,,,,,,**მალოლ** *ჲ* სიზარმაცე
"malol jetʼar, jotʼar","მალოლ ჲეტარ, ჲოტარ",,,,,,gazarmacdeba,,,,"**მალოლ ჲეტარ, ჲოტარ** გრდუვ. გაზარმაცება (გაზარმაცდება)"
mam,მამ,,,,pro neg,,,"ნურაფერი, ნურა",nothing.PROH,"ничто, ничего","**მამ** უარყ. ნაცვ. ნურაფერი, ნურა"
mam,მამ,,,,pro neg,,ekspʼ.,"ნურაფერი, ნურა",nothing.PROH,"ничто, ничего",**მამ** ცური *(ექსპ.)*
mamena,მამენა,,,,pro neg,,,ნურავინ,nobody.PROH,никто,"**მამენა** უარყ. ნაცვალს. სხვა ბრუნვებში ენაცვლება მაჰ’ან ფუძე ნურავინ იხ. მა, მენა"
mamxobel,მამხობელ,b d,B,GE,n,,,მახობელი,Syrian scabious,"махобели, сирийская головчатка (раст.)","**მამხობელ** *ბ დ* მახობელი, ერთწლოვანი სარეველა ბალახი"
manat,მანათ,b d,B,GE,n,,manteⁿ,მანეთი,manat,рубль,**მანათ** *ბ დ* (მანთეჼ) მანეთი
mandil,მანდილ,d d,D,GE,n,,majndli; majndleⁿ,მანდილი,headscarf,головной платок,**მანდილ** *დ დ* (მაჲნდლი; მაჲნდლეჼ)მანდილი
mankʼ,მანკ,j,J,GE,n,,mankʼeⁿ,"მანკი, ზადი","fault, defect, flaw",порок (болезнь),"**მანკ** *ჲ* (მანკეჼ) მანკი, ზადი"
manʒil,მანძილ,j j,J,GE,n,,,მანძილი,"distance, way",расстояние,**მანძილ** *ჲ ჲ* მანძილი
mažar,მაჟარ,j j,J,GE,n,,majžri; majžreⁿ,მაჟარი,flintlock gun,ружьё (старинное),**მაჟარ** *ჲ ჲ* (მაჲჟრი; მაჲჟრეჼ)მაჟარი (ძველებური თოფი)
maž-d-alar,მაჟ-დ-ალარ,,,,,,[da]rbildeba,,,,"**მაჟ-დ-ალარ** გრდუვ. დარბილება ([და]რბილდება); მოშვება, მოდუნება; დასუსტება **დეღეხ მაჟ-დ-ალარ** - კუჭში გახსნა (კუჭში გაიხსნება)"
maždar,მაჟდარ,b,B,,n,,,მჭადის ფქვილი; მჭადი,"corn flour, corn bread","кукурузная мука, кукурузная лепешка, вареная кукурузная мука",**მაჟდარ** *ბ* მჭადის ფქვილი; მჭადი
maž-d-ar,მაჟ-დ-არ,,,,,,[mo]ušvebs,,,,"**მაჟ-დ-არ** გრდმ. მოშვება ([მო]უშვებს), დარბილება ([და]არბილებს) **დეღე[ჰ’] მაჟ-დ-არ** გრდმ. კუჭში გახსნა (კუჭში გახსნის)"
mažuⁿ,მაჟუჼ,,,,a,,,რბილი,soft,мягкий; мягкий человек,**მაჟუჼ**  რბილი
mar,მარ,v b,M,,n,,mari; mariⁿ,ქმარი,husband,муж,"**მარ** *ვ ბ* (მარი; მარიჼ) ქმარი **მარ ვიჲეჼ (ოჴუს)** გრდმ. ქმარი შეირთო (მან), გათხოვდა. იხ. **მარ ვარ, მარან ჲალ’არ** გრდმ. ქმრისთვის მიცემა, გათხოვება, **მარან ჴაჸენო̆** მიმღ. ქმრისთვის მომწიფებული, გასათხოვარი, **მარან ლუჲნი̆** მიმღ. ქმარს მისაცემი, გასათხოვარი. **მარაგო̆ ღუჲნი̆** - მიმღ. ქმართან წასასვლელი, გასათხოვარი"
marag,მარაგ,j,J,GE,n,,,მარაგი,"supplies, stock",запас,**მარაგ** *ჲ* მარაგი
maraⁿ,მარაჼ,,,,,,"gamoxatʼavs siamovnebas, gakʼvirvebas, natʼvras",,,,"**მარაჼ**  მარაჼ...მოჸ როგორი, რანაირი, რა (გამოხატავს სიამოვნებას, გაკვირვებას, ნატვრას) იხ. მოჸ"
maraⁿ,მარაჼ,j j,,,,,marni; marneⁿ,,,,"**მარაჼ** *ჲ ჲ* (მარნი; მარნეჼ) მარანი, საკუჭნაო"
mar-bader,მარ-ბადერ,d,,,,,,,,,**მარ-ბადერ** *დ* იხ. მარ-ბადრი
marbadraleⁿ,მარბადრალეჼ,,,,,,,,,,**მარბადრალეჼ**  ქმარშვილიანი
mar-badri,მარ-ბადრი,d,,,,,,,,,**მარ-ბადრი** *დ* მრ. ქმარშვილი
marga,მარგა,,,,,,čʼrelašv.,,,,**მარგა** მით უმეტეს *(ჭრელაშვ.)*
margbitalaɁ,მარგბითალაჸ,,,,adv,,,"განგებ, განზრახ","on purpose, deliberately","нарочно, намеренно","**მარგბითალაჸ** ზმნს. განგებ, განზრახ"
margil,მარგილ,b d,B,GE,n,,majrgli; majrgleⁿ,მარგილი,sharpened stake (for fence),кол (для забора),**მარგილ** *ბ დ* (მაჲრგლი; მაჲრგლეჼ) მარგილი
marglitʼ,მარგლიტ,b d,B,GE,n,,margalitʼi; marg[a]litʼeⁿ,მარგალიტი,pearl,жемчуг,**მარგლიტ** *ბ დ* (მარგალიტი; მარგ[ა]ლიტეჼ) მარგალიტი
marglod-d-ar,მარგლოდ-დ-არ,,,GE,vt,,,მარგვლა,"weed, hoe",полоть,**მარგლოდ-დ-არ** გრდმ. მარგვლა; სრ. გამარგლოდ-დ-არ
mard,მარდ,b j,Bj,,n,,mardi; mardeⁿ,წიხლი,kick,"лягание, брыкание",**მარდ** *ბ ჲ* (მარდი; მარდეჼ) წიხლი
"mard lastʼbar, mard lestʼbar","მარდ ლასტბარ, მარდ ლესტბარ",,,,,,"dacʼixlavs, cʼixlavs",,,,"**მარდ ლასტბარ, მარდ ლესტბარ** *გრდმ.* წიხლის გაქნევა, ქნევა,**მარდი ლეხკარ** *გრდმ.* წიხლების ყრა**მარდახ დ-აჴარ, დ-ახარ** *გრდმ.* წიხლქვეშ გაგდება, დაწიხვლა (დაწიხლავს, წიხლავს)**მარდ ბიშბარ** *გრდმ.* წიხლის გარტყმა**მარდ თელ’არ** *გრდმ.* წიხლის ცემა, წიხლვა"
mardad,მარდად,v b,,,,,mardadi; mardadeⁿ,,,,**მარდად** *ვ ბ* (მარდადი; მარდადეჼ) მამამთილი
mardlakʼ,მარდლაკ,,,,,,,,,,**მარდლაკ** მწიხლავი
marvar,მარვარ,,,,,,,,,,"**მარვარ** გრდმ. ქმრის შერთვა, გათხოვება იხ. მარ"
martuš,მართუშ,d d,D,,n,,,ბლითისმაგვარი მრგვალი პური,"round bread, bagel",хлеб вроде бублика,**მართუშ** *დ დ* ბლითისმაგვარი მრგვალი პური
marliⁿ,მარლიჼ,,,,,,,,,,**მარლიჼ** ქმრიანი
marmarilŏ,მარმარილო̆,b d,B,GE,n,,,მარმარილო,marble,мармор,**მარმარილო̆** *ბ დ* მარმრილო
marol,მაროლ,,,,,,šipn.,,,,"**მაროლ** სიმამაცე, ვაჟკაცობა *(შიფნ.)*"
martʼ,მარტ,b d,B,GE,n,,,მარტი,March,март,**მარტ** *ბ დ* მარტი
mar-pstʼu,მარ-ფსტუ,d,,,,,mar-pstʼujnčoⁿ,,,,**მარ-ფსტუ** *დ* (მარ-ფსტუჲნჩოჼ) ცოლ-ქმარი
marğaɁŏ,მარღაჸო̆,,,GE,n,,,"მარღი, მარღი ცხენის მეტსახელი","albino-eyed, horse's nickname",белоглазый (о лошади),"**მარღაჸო̆** მარღი, მარღი ცხენის მეტსახელი"
marš,მარშ,,,,adv,,,"მშვიდად, მშვიდობიანად, მშვიდობით","peacefully, calmly","мирно, спокойно, благополучно","**მარშ** მშვიდად, მშვიდობიანად, მშვიდობით"
maršiⁿ,მარშიჼ,,,,,,,,,,"**მარშიჼ** სამშვიდობო, მშვიდობისა, მშვიდობიანი"
maršix-d-aloħ,მარშიხ-დ-ალოჰ’,,,,,,maršix-d-alujšĭ,,,,**მარშიხ-დ-ალოჰ’** (მარშიხ-დ-ალუჲში̆) - გამარჯობა! *(ექსპ.)*
maršol aɬar,მარშოლ ალ’არ,,,,,,salams etʼqʼvis,,,,"**მარშოლ ალ’არ** *გრდმ.* სალმის თქმა (სალამს ეტყვის), მისალმება (მიესალმება)**მარშოლ ხეტტარ** *გრდმ.* სალმის მიცემა (სალამს აძლევს, ესალმება), მოკითხვა**მარშოლ ჴებლარ** *გრდმ.* გამომშვიდობება, გამოთხოვება, გამოსალმება; მოკითხვის შეთვლა, მოკითხვა"
maršol,მარშოლ,j,J,,n,,,"მშვიდობა, კეთილდღეობა","peace, quiet, wellbeing","спокойствие, благополучие, мир","**მარშოლ** *ჲ* მშვიდობა, კეთილდღეობა"
marcar,მარცარ,,,,vt,,gatʼusavs,გატუსვა (გატუსავს),"singe, scorch",опалить,**მარცარ** გრდმ. გატუსვა (გატუსავს)უსრ. მერცარ
marcinŏ,მარცინო̆,,,,,,,,,,**მარცინო̆** მიმღ. გატუსული
marcʼiⁿ,მარწიჼ,,,,,,,,,,**მარწიჼ** უქმრო[დ]
marcʼol,მარწოლ,j,,,,,,,,,**მარწოლ** *ჲ* უქმრობა
marcʼqʼŏ,მარწყო̆,b d,B,GE,n,,marcʼqʼuj; marcʼqʼujⁿ,მარწყვი,strawberry,"земляника, клубника",**მარწყო̆** *ბ დ* (მარწყუჲ; მარწყუჲჼ) მარწყვი
"marxdar, marxŏ dar","მარხდარ, მარხო̆ დარ",,,,,,marxulobs,,,,"**მარხდარ, მარხო̆ დარ** *გრდმ. მარხულობა (მარხულობს)* **მარხდასტდალარ, მარხო̆ დასტდალარ** *გრდუვ. გახსნილება (გახსნილდება), მარხვის გახსნა* **მარხდასტარ, მარხო̆ დასტარ** *გრდმ.* გასნილება (გაიხსნილებს) მარხვის გახსნა **მარხდეჴინო̆, მარხო̆ დეჴინო̆**  *მიმღ.* ნამარხულევი, მარხვაგადახდილი**მარხდოლ’არ მარხო̆ დოლ’არ** *გრდუვ.* დამარხვება (დამარხვდება), მარხვის დაწყება, დადგომა**მარხდოჟარ, მარხო̆ დოჟარ** *გრდმ.* მარხვის დაწყება (მარხვას დაიწყებს), დამარხვება"
marxil,მარხილ,b d,B,GE,n,,majrxli; majrxleⁿ,მარხილი,"sledge, sleigh",сани,**მარხილ** *ბ დ* (მაჲრხლი; მაჲრხლეჼ) მარხილი
marxoš,მარხოშ,,,GE,a,,ğvino,მარახოში (ღვინო),sourish (wine),кисловатый (о вине),**მარხოშ** მარახოში (ღვინო)
marxŏ,მარხო̆,d d,,GE,n,,marxuj; marxujⁿ,მარხვა,"Lent, fast",пост,**მარხო̆** *დ დ* (მარხუჲ; მარხუჲჼ) მარხვა
marɬbaki,მარლ’ბაქი,j,,,,,,,,,"**მარლ’ბაქი** *ჲ* სახე, ცხვირ-პირი **მარლ’ბაქი ლაჴჴჲიენო̆** მიმღ. ცხვირაწეული, ამაყი, ყოყლოჩინა **მარლ’ბაქი ჩუ ჴოხკჲარ** გრდმ. ცხვირპირის ჩამოშვება, მობუზვა, აბუზვა"
marɬŏ,მარლ’ო̆,b d,B,,n,,marɬuj; marɬujⁿ,ცხვირი,nose,нос,**მარლ’ო̆** *ბ დ* (მარლ’უჲ; მარლ’უჲჼ) ცხვირი
masal,მასალ,j j,J,GE,n,,masleⁿ,მასალა,material,материал,**მასალ** *ჲ ჲ* (მასლეჼ) მასალა
mastxlob,მასთხლობ,d,,,,,,,,,**მასთხლობ** *დ* მტრობა **მასთხლობდარ** გრდმ. მტრობა (მტრობს)
mastxov,მასთხოვ,v b d d,M,,n,,mastxuj; mastxoveⁿ,მტერი,enemy,враг,**მასთხოვ** *ვ ბ დ დ* (მასთხუჲ; მასთხოვეჼ)მტერი
mastxovajğ qettenŏ,მასთხოვაჲღ ჴეთთენო̆,,,,,,,,,,"**მასთხოვაჲღ ჴეთთენო̆** *მიმღ.* მტრად გამხდარი, გადამტერებული"
"mastxovajğ, mastxoveğ ottar, qettar","მასთხოვაჲღ, მასთხოვეღ ოთთარ, ჴეთთარ",,,,,,,,,,"**მასთხოვაჲღ, მასთხოვეღ ოთთარ, ჴეთთარ** *გრდუვ.* მტრად დადგომა, გადამტერება, მტრობა"
mastxujliⁿ,მასთხუჲლიჼ,,,,,,,,,,**მასთხუჲლიჼ** მტრიანი
mastxujğeⁿ,მასთხუჲღეჼ,,,,,,,,,,"**მასთხუჲღეჼ** მტრული, მტრისებური"
masor,მასორ,d d,D,,n,,masajrč; masriⁿ,"ფსიტი, არჩვი",Alpine chamois,серна,"**მასორ** *დ დ* (მასაჲრჩ; მასრიჼ) ფსიტი, არჩვი"
maspʼinʒel,მასპინძელ,v b; j d; d d,M/F,GE,n,,maspʼinʒli; maspʼinʒleⁿ,მასპინძელი,host,хозяин (в отношении гостей),**მასპინძელ** *ვ ბ; ჲ დ; დ დ* (მასპინძლი; მასპინძლეჼ) მასპინძელი
masr,მასრ,d d,D,GE,n,,masri; masreⁿ,"მასრა, ვაზნა",cartridge,гильза,"**მასრ** *დ დ* (მასრი; მასრეჼ) მასრა, ვაზნა"
matʼ-d-alar,მატ-დ-ალარ,,,,,,damcʼipdeba,,,,"**მატ-დ-ალარ** გრდუვ. დამწიფება (დამწიფდება), შემოსვლა"
"matʼ-d-alinŏ, madtʼ-d-ajlnŏ","მატ-დ-ალინო̆, მადტ-დ-აჲლნო̆",,,,,,,,,,"**მატ-დ-ალინო̆, მადტ-დ-აჲლნო̆** მიმღ. დამწიფებული"
matʼ-d-ar,მატ-დ-არ,,,,,,[da]amcʼipebs,,,,**მატ-დ-არ** გრდმ. დამწიფება ([და]ამწიფებს)
matʼeⁿ,მატეჼ,,,,a,,,მწიფე,ripe,"спелый, зрелый (плод)",**მატეჼ** მწიფე
matʼkʼaɁ-d-alar,მატკაჸ-დ-ალარ,,,,,,mcired [da]mcʼipdeba,,,,"**მატკაჸ-დ-ალარ** გრდუვ. მცირედ დამწიფება (მცირედ [და]მწიფდება), სიმწიფეში შესვლა"
matʼkʼaɁ-d-alinŏ,მატკაჸ-დ-ალინო̆,,,,,,,,,,"**მატკაჸ-დ-ალინო̆** მიმღ. მცირედ დამწიფებული, შემწიფებული"
matʼlajnĭ,მატლაჲნი̆,,,,,,,,,,"**მატლაჲნი̆** მიმღ. ის, რაც მწიფდება, დასამწიფებელი"
matʼol,მატოლ,j,,,,,,,,,**მატოლ** *ჲ* სიმწიფე
matʼr,მატრ,d d,D,,n,,matʼreⁿ,სადილი,"lunch, dinner",обед,**მატრ** *დ დ* (მატრეჼ) სადილი
matʼrakʼvec,მატრაკვეც,,,GE,n,,,მატრაკვეცა,upstart,выскочка,**მატრაკვეც** მატრაკვეცა
"matʼrenajnŏ, matʼreⁿ","მატრენაჲნო̆, მატრეჼ",,,,,,,,,,"**მატრენაჲნო̆, მატრეჼ** *სადილისათვის, სადილად*"
matʼtʼiš,მატტიშ,,,,,,,,,,**მატტიშ** მრ. იხ. მოტტ
matʼtʼliⁿ,მატტლიჼ,,,,,,,,,,"**მატტლიჼ** ენაწყლიანი, ენიანი"
matʼtʼcʼiⁿ,მატტწიჼ,,,,,,,,,,"**მატტწიჼ**  უენო, უტყვი"
mapraš,მაფრაშ,d d,D,GE,n,,,მაფრაშა,big sack for carrying clothes etc.,большой ковровый мешок (для постельных принадлежностей и др.),**მაფრაშ** *დ დ* მაფრაშა
mak ħetʼar,მაქ ჰ’ეტარ,,,,,,mivardeba,,,,"**მაქ ჰ’ეტარ** გრდუვ. ზედ მივარდნა (მივარდება), მირბენა, შეტევა"
mak ħečʼujnĭ,მაქ ჰ’ეჭუჲნი̆,,,,,,,,,,"**მაქ ჰ’ეჭუჲნი̆** მიმღ. მეთვალყურე, ყურის მგდებელი, მომვლელი"
mak gu-d-aɬar,მაქ გუ-დ-ალ’არ,,,,,,cʼaacʼqʼdeba,,,,"**მაქ გუ-დ-ალ’არ** *გრდუვ.* წაწყდომა (წააწყდება), ზედ გამოჩენა (უნებლიედ), *ზედ მისვლა*"
mak d-exkʼar,მაქ დ-ეხკარ,,,,,,miabams,,,,"**მაქ დ-ეხკარ** *გრდმ.* ზედ მიბმა (მიაბამს), შემოკვრა, შემორტყმა (ქამრისა)"
mak d-illar,მაქ დ-ილლარ,,,,,,daadebs,,,,**მაქ დ-ილლარ** *გრდმ.* ზედ დადება (დაადებს) დატვირთვა
mak d-ocʼar,მაქ დ-ოწარ,,,,,,gamoabams,,,,"**მაქ დ-ოწარ** *გრდმ.* [ზედ] გამობმა (გამოაბამს), [ზედ] მიბმა"
mak,მაქ,,,,,,miadgeba,,,,"**მაქ** ზმნისართი, იხმარება წინსართის მნიშვნელობითაც ზევით, ზედ **მაქ-დ-ახარ** გრდუვ. მიდგომა (მიადგება), ზედ მისვლა **მაქბჵარ-დ-ახარ** *გრდუვ.* შესწრობა (შეესწრება), ზედ შეხვედრა"
=mak,=მაქ,,,,,,,,,,**=მაქ** თანდ. მიცემით ბრუნვასთან და რთულ თანდებულებში - ზე
mak lattinĭ,მაქ ლათთინი̆,,,,,,,,,,"**მაქ ლათთინი̆** *მიმღ.* სუფრის მეთვალყურე, წესრიგის დამცველი, ზედ მდგომი"
mak xaɁar,მაქ ხაჸარ,,,,,,daaǯdeba,,,,"**მაქ ხაჸარ** *გრდუვ.* ზედ დაჯდომა (დააჯდება), შეჯდომა"
"mak ħarč-d-ar, mak ħerč-d-ar","მაქ ჰ’არჩ-დ-არ, მაქ ჰ’ერჩ-დ-არ",,,,,,[da]axvevs,,,,"**მაქ ჰ’არჩ-დ-არ, მაქ ჰ’ერჩ-დ-არ** *გრდმ.* [ზედ] დახვევა ([და]ახვევს), შემოხვევა"
mak ħačʼar,მაქ ჰ’აჭარ,,,,,,daxedavs,,,,**მაქ ჰ’აჭარ** *გრდუვ.* დახედვა (დახედავს)
mak ħetxar,მაქ ჰ’ეთხარ,,,,,,mieseva,,,,"**მაქ ჰ’ეთხარ** გრდუვ. მისევა (მიესევა), შეტევა, [ზედ] მიცვივნა (მტერზე დასაცემად)"
mak ħerčar,მაქ ჰ’ერჩარ,,,,,,zed exveva,,,,**მაქ ჰ’ერჩარ** გრდუვ. ზედ მოხვევა (ზედ ეხვევა)
mak qetar,მაქ ჴეთარ,,,,,,daexema,,,,"**მაქ ჴეთარ** გრდუვ. ზედ დაცემა (დაეხემა), მიხდომა, ზედ კვეთება"
mak qett-d-ar,მაქ ჴეთთ-დ-არ,,,,,,daakʼrobs,,,,"**მაქ ჴეთთ-დ-არ** გრდმ. ზედ დაკრობა (დააკრობს), მიწებება, დაწებება"
mak qottar,მაქ ჴოთთარ,,,,,,daasxams,,,,"**მაქ ჴოთთარ** *გრდმ.* ზედ დასხმა (დაასხამს), გადასხმა"
mak qocʼar,მაქ ჴოწარ,,,,,,ahkʼidebs,,,,"**მაქ ჴოწარ** გრდმ. ზედ აკიდება (აჰკიდებს), დაკიდება"
"mak ʕop-d-ar, mak ʕep-d-ar","მაქ ჵოფ-დ-არ, მაქ ჵეფ-დ-არ",,,,,,[ga]daaparebs,,,,"**მაქ ჵოფ-დ-არ, მაქ ჵეფ-დ-არ** გრდმ. [ზედ] გადაფარება ([გა]დააფარებს), წამოხურვა"
maka[ħ]-d-aɬar,მაქა[ჰ’]-დ-ალ’არ,,,,,,miscems,,,,"**მაქა[ჰ’]-დ-ალ’არ** გრდმ. დამატებით მიცემა (მისცემს), დამატება, დასართვა"
makaħ-d-otʼar,მაქაჰ’-დ-ოტარ,,,,,,gadmova,,,,**მაქაჰ’-დ-ოტარ** გრდუვ. 1. გადმოსვლა (გადმოვა)2. დაჩაგვრა (დაჩაგრავს)
makda[ħ] d-otʼar,მაქდა[ჰ’] დ-ოტარ,,,,,,gadaabiǯebs,,,,"**მაქდა[ჰ’] დ-ოტარ** გრდუვ. ზედ გადაბიჯება (გადააბიჯებს), გადასვლა"
makdareⁿ,მაქდარეჼ,,,,,,,,,,"**მაქდარეჼ**  ზევითა, ზემოთა, ზემო; შდრ. მაქრეჼ"
makdaħ,მაქდაჰ’,,,,,,,,,,**მაქდაჰ’** ზმნს. ზემოთ
makdaħ d-axar,მაქდაჰ’ დ-ახარ,,,,,,gadauvlis,,,,**მაქდაჰ’ დ-ახარ** გრდუვ. ზედ გადავლა (გადაუვლის)
makeqqar,მაქეჴჴარ,,,,,,moaxtʼeba,,,,"**მაქეჴჴარ** *გრდუვ.* ზე ახტომა, შეხტომა, მოხტომა (მოახტება)"
"maklat-d-ar, maklet-d-ar","მაქლათ-დ-არ, მაქლეთ-დ-არ",,,,,,[da]akʼrobs,,,,"**მაქლათ-დ-არ, მაქლეთ-დ-არ** *გრდმ.* ზედ დაკრობა ([და]აკრობს), ზედ დაკერება"
maklattar,მაქლათთარ,,,,,,tavze adgas,,,,"**მაქლათთარ** *1) გრდუვ.* ზედ დგომა, თავს დგომა (თავზე ადგას), წესრიგის დაცვა *2) დ დ* ზედამდეგი, წესრიგის დამცველი (სუფრაზე)"
maklatʼ-d-ar,მაქლატ-დ-არ,,,,,,daamatʼebs,,,,"**მაქლატ-დ-არ** *გრდმ. ზედ დამატება (დაამატებს), მიმატება*"
maklak-d-ar,მაქლაქ-დ-არ,,,,,,daagdebs,,,,"**მაქლაქ-დ-არ** *გრდმ.* ზედ დაგდება (დააგდებს), წახურვა, წაფარება"
makottar,მაქოთთარ,,,,,,tavze daadgeba,,,,"**მაქოთთარ** *გრდუვ.* 1)თავზე დადგომა (თავზე დაადგება)2)თავზე წადგომა, მიგნება"
makott-d-ar,მაქოთთ-დ-არ,,,,,,daadgams,,,,"**მაქოთთ-დ-არ** *გრდმ.* ზედ დადგმა (დაადგამს), შედგმა;დაშენება"
makollar,მაქოლლარ,,,,,,aagebs,,,,"**მაქოლლარ** *გრდმ.* ზე[დ] აგება (ააგებს), წამოგება, ჩაცმა"
makreⁿ,მაქრეჼ,,,,,,,,,,"**მაქრეჼ**  1. ზედა, ზევითა"
makren mak,მაქრენ მაქ,,,,,,,,,,"**მაქრენ მაქ** ზმნს. ზერელედ; აგდებით, ზევიდან"
makren čʼar,მაქრენ ჭარ,d d,,,,,,,,,"**მაქრენ ჭარ** *დ დ* 1.ზედა კანი, პირი (საბნისა), საპირე 2. ზმნს. ზევიდან"
makren juħ,მაქრენ ჲუჰ’,j j,,,,,,,,,"**მაქრენ ჲუჰ’** *ჲ ჲ* ზედაპირი, პირი (ქსოვილისა)"
makrena[ħŏ],მაქრენა[ჰ’ო̆],,,,,,kvevit,,,,**მაქრენა[ჰ’ო̆]** ზმნს. ზევიდან (ქვევით)
makreⁿ mak daɁar,მაქრეჼ მაქ დაჸარ,,,,,,amotʼivtʼivdeba,,,,**მაქრეჼ მაქ დაჸარ** *გრდუვ. ამოტივტივება (ამოტივტივდება)*
makreⁿ mak qeħar,მაქრეჼ მაქ ჴეჰ’არ,,,,,,amoagdebs,,,,"**მაქრეჼ მაქ ჴეჰ’არ** *გდრმ. ზედაპირზე ამოგდება (ამოაგდებს), ამოტივტივება*"
makğujla,მაქღუჲლა,d d,,,,,,,,,"**მაქღუჲლა** *დ დ* ზედ მისასვლელი, მისავალი"
makx,მაქხ,,,,,,,,,,"**მაქხ** ზმნს. ზევით, ზემოთ"
makx xecar,მაქხ ხეცარ,,,,,,aušvebs,,,,"**მაქხ ხეცარ** გრდმ. 1) აშვება (აუშვებს), დაუბმელად გაშვება 2. აშვება (თავის ნებაზე)"
makqoxkʼcʼiⁿ,მაქჴოხკწიჼ,,,,,,"cxenebi, bargi",,,,"**მაქჴოხკწიჼ** აუკიდებელი (ცხენები, ბარგი); აუკიდებლად"
mağaɁŏ,მაღაჸო̆,j,J,GE,n,,,მაღაო,strangles (Streptococcus equi),болезнь горла лошади,**მაღაჸო̆** *ჲ* მაღაო
mağzia,მაღზია,j j,J,GE,n,,mağziiš,მაღაზია,shop,магазин,**მაღზია** *ჲ ჲ* (მაღზიიშ)მაღაზია
mağujrĭ,მაღუჲრი̆,,,,n,,,,,,**მაღუჲრი̆** მრ. იხ. მუღ
"maqʼ, maqʼŏ","მაყ, მაყო̆",,,,,,tavs [da]anebebs,,,,"**მაყ, მაყო̆** ბ 1. თავისუფალი 2. რთული ფუძის ან შესიტყვების შემადგენელი ნაწილი **მაყ ბალ’არ, მაყ თელ’არ** თავის დანებება (თავს [და]ანებებს), მიტოვება, დატოვება;"
maqʼal,მაყალ,b d,B,GE,n,,,მაყალი,"open coal-fire, brazier",мангал,**მაყალ** *ბ დ* მაყალი
maqʼbaɬinŏ,მაყბალ’ინო̆,,,,,,,,,,"**მაყბალ’ინო̆** მიმღ. თავდანებებული, მიტოვებული"
maqʼvlilo,მაყვლილო,j j,,,,,,,,,**მაყვლილო** *ჲ ჲ* მაყვლიანი (ადგილი)
maqʼol1,მაყოლ1,,,,,,,,,,**მაყოლ1**ჲ* თავისუფლება
maqʼol2,მაყოლ2,b d,B,GE,n,,maqʼleⁿ,მაყვალი,"blackberry, bramble",ежевика,**მაყოლ2**  *ბ დ* (მაყლეჼ) მაყვალი
maqʼoħ-d-ajnĭ,მაყოჰ’-დ-აჲნი̆,,,,,,,,,,**მაყოჰ’-დ-აჲნი̆** თავისუფალი
maqʼšola,მაყშოლა,d d,,,,,,,,,**მაყშოლა** *დ დ* ხალვათობა
maš,მაშ,b d,,,,,maši; mašeⁿ,,,,**მაშ** *ბ დ* (მაში; მაშეჼ) მაშა
maša,მაშა,j j,,,,,mašajⁿ,,,,"**მაშა** *ჲ ჲ* (მაშაჲჼ) სინათლე **მაშა ჲარ** გრდმ. განათება ([გა]ანათებს), მინათება (მიანათებს), ამონათება მათხოვ **მაშა ჲაშ** [თვალ]ნათლივ**მაშა ჲუჲნი̆** მანათობელი, გამნათებელი **მაშა ეთთჲარ** გრდუვ. სინათლის მოფენა, განათება **მაშა ხილ’არ** გრდუვ. გათენება (გათენდება)*;* **მაშა ხილ’ნო**გათენებული**მაშა ჴასარ** *გრდმ.* განთიადის დადგომა**მაშა ჴაჲსნო** *მიმღ. გარიჟრაჟი* **მაშა ჴაჩწიჼ** სინათლის მოუღწევლად, უთენია**მაშა ჴალლარ** *გრდმ.* სამხრის ჭამა, სამხრობა (ისამხრებს)"
mašalla,მაშალლა,,,Arab.,interj,,,შეძახილი ქეიფის დროს,"(feast call, yell)",восклицание во время кутежа,**მაშალლა** შეძახილი ქეიფის დროს
mašacʼol,მაშაწოლ,j d,,,,,,,,,**მაშაწოლ** *ჲ დ*  უსინათლობა
"mašajren, mašaj[v]reⁿ,","მაშაჲრენ, მაშაჲ[ვ]რეჼ,",,,,,,,,,,"**მაშაჲრენ, მაშაჲ[ვ]რეჼ,** **მაშერეჼ** სინათლიანი, ნათელი"
mašivraħ,მაშივრაჰ’,,,,,,,,,,"**მაშივრაჰ’** ზმნს. ნათლად, ცხადად, აშკარად"
macaⁿ,მაცაჼ,,,,pro interrog,,,როდის,when,когда,**მაცაჼ** კითხვ. ზმნს. როდის
macax,მაცახ,,,,,,,,,,"**მაცახ** ზმნს. ოდესღაც **მაცახდოლიჼ** რა დროიდან, როდიდან"
mac-d-alar,მაც-დ-ალარ,,,,,,mošivdeba,,,,**მაც-დ-ალარ** გრდუვ. მოშივება (მოშივდება) დამშევა
"mac-d-alinŏ, mac-d-ajlnŏ","მაც-დ-ალინო̆, მაც-დ-აჲლნო̆",,,,,,,,,,"**მაც-დ-ალინო̆, მაც-დ-აჲლნო̆** მიმღ. დამშეული, მშიერი"
mac-d-ar,მაც-დ-არ,,,,,,daamševs,,,,"**მაც-დ-არ** გრდმ. დამშევა (დაამშევს), მომშევა"
maciⁿ,მაციჼ,,,,a,,,მშიერი,hungry,голодный,**მაციჼ** მშიერი
maclomciⁿ,მაცლომციჼ,,,,,,,,,,**მაცლომციჼ**  ზმნს. როდემდის
macluⁿ,მაცლუჼ,,,,,,,,,,"**მაცლუჼ** როდინდელი, რა დროისა"
macme,მაცმე,,,,,,,,,,**მაცმე** რელატ. ნაცვ. როდესაც
"macmečʼ, macnečʼ","მაცმეჭ, მაცნეჭ",,,,,,,,,,"**მაცმეჭ, მაცნეჭ** როდესაც კი, სწორედ მაშინ, როდესაც, მაშინვე"
macne,მაცნე,,,,,,,,,,**მაცნე** რელატ. ნაცვ. იხ. მაცმე
macol,მაცოლ,j,,,,,,,,,"**მაცოლ** *ჲ* შიმშილი **მაცოლ ჲახარ** გდრმ. შიმშილის ატანა, შიმშილობა (შიმშილობს)"
macʼ,მაწ,b d,B,,n,,macʼi; macʼeⁿ,ტილი,louse,вошь,**მაწ** *ბ დ* (მაწი; მაწეჼ) ტილი
macʼar-d-ar,მაწარ-დ-არ,,,,,,daatʼkʼbobs,,,,"**მაწარ-დ-არ** გრდმ. დატკბობა (დაატკბობს), გატკბილება"
macʼriⁿ,მაწრიჼ,,,,a,,,ტკბილი,sweet,сладкий,**მაწრიჼ** ტკბილი
macʼrol,მაწროლ,j j,,,,,,,,,"**მაწროლ** *ჲ ჲ* 1. სიტკბო, ტკბილეულობა, ტკბილეული 2. სიტკბოება"
macʼrŏ,მაწრო̆,d d,D,,n,,,შრატი,whey,сыворотка,**მაწრო̆** *დ დ* შრატი
macʼqʼ,მაწყ,,,,adv,,,"ხან, ზოგჯერ",sometimes,иногда,"**მაწყ** ზმნს. ხან, ზოგჯერ"
macʼqʼ-macʼqʼ,მაწყ-მაწყ,,,,adv,,,ხანდახან,"sometimes, now and then","иногда, временами",**მაწყ-მაწყ** ზმნს. ხანდახან
mačʼ,მაჭ,j j,J,,n,,mačʼi; mačʼeⁿ,ულვაში,moustache,усы,**მაჭ** *ჲ ჲ* (მაჭი; მაჭეჼ) ულვაში **მაჭ ჲალ’არ** *გრდუვ.* ულვაშის ამოსვლა; დავაჟკაცება
mačʼar,მაჭარ,d d,D,GE,n,,,"ღვინო, მაჭარი",fizzy new wine,"вино, молодое вино","**მაჭარ** *დ დ* ღვინო, მაჭარი"
mačʼbakareⁿ,მაჭბაქარეჼ,,,,,,,,,,**მაჭბაქარეჼ** წვერულვაშიანი
mačʼbaki,მაჭბაქი,,,,,,,,,,"**მაჭბაქი** ჲ მრ. ულვაში და წვერი, წვერ-ულვაში"
mačʼkʼatʼ,მაჭკატ,d d,D,GE,n,,mačʼkʼtʼi; mačʼkʼatʼeⁿ,"მაჭკატი, ბლინი","pancake, flatbread","блин, оладьи","**მაჭკატ** *დ დ* (მაჭკტი; მაჭკატეჼ) მაჭკატი, ბლინი"
mačʼjaɬenŏ,მაჭჲალ’ენო̆,,,,,,,,,,"**მაჭჲალ’ენო̆** მიმღ. ულვაშ-ამოსული, მოწიფული"
max,მახ,b d,B,,n,,maxi; maxiⁿ,ფასი,price,цена,"**მახ** *ბ დ* (მახი; მახიჼ) ფასი*.* **მახ ბილლარ, ბებლარ** გრდმ. ფასის დადება, დაფასება, შეფასება **მახ ლატარ** გრდუვ. ფასის მომატება, გაძვირება (გააძვირებს)"
"maxajtĭ, maxat","მახაჲთი̆, მახათ",d d,,,,,maxti; maxteⁿ,,,,"**მახაჲთი̆, მახათ** *დ დ* (მახთი; მახთეჼ) მახათი"
maxiš,მახიშ,,,,n,,ekspʼ.,,,,**მახიშ** მრ. გადატ. მუცელში დაგროვილი გაზები *(ექსპ.)*
maxiš,მახიშ,,,,n,,,,,,**მახიშ** მრ. იხ. მოხ
maxkʼar,მახკარ,,,,n,,,,,,**მახკარ** მრ. იხ. ჲოჰ’
maxkʼ-d-alar,მახკ-დ-ალარ,,,,vi,,daiğvreba,"დაღვრა (დაიღვრება); დაფანტვა, დავარდნა","be poured, be shed, be spilled; be strewn, be scattered, fall","вылиться, разлиться, высыпаться, рассыпаться","**მახკ-დ-ალარ** გრდუვ. დაღვრა (დაიღვრება); დაფანტვა, დავარდნა"
maxkʼ-d-ar,მახკ-დ-არ,,,,vt,,dağvris,დაღვრა (დაღვრის); დაფანტვა,"pour, spill; scatter, strew","пролить, рассыпать",**მახკ-დ-არ** გრდმ. დაღვრა (დაღვრის); დაფანტვა; უსრ. მეხკ-დ-არ
maxtʼ,მახტ,d,D,GE,n,,,მახტა (წლიური სახელმწიფო ფულადი გადასახადი კომლზე),yearly poll tax,"оброк, подать",**მახტ** *დ* მახტა *(წლიური სახელმწიფო ფულადი გადასახადი კომლზე)*
maɬar,მალ’არ,d d,D,,vi,vt,,,,,"**მალ’არ** 1. გრდმ. შესმა (შესვამს), დალევა 2. *დ დ* სასმელი"
maɬ-d-alar1,მალ’-დ-ალარ1,,,,,,daileva,,,,"**მალ’-დ-ალარ1**გრდუვ. დალევა (დაილევა), შესმა უსრ. მელ’-დ-ალარ1"
maɬ-d-alar2,მალ’-დ-ალარ2,,,,vi,,daetʼakʼeba,"დატაკება (დაეტაკება), დაჯახება, დაძგერება","strike a blow, hit hard","удариться, стукнуться","**მალ’-დ-ალარ2**გრდუვ. დატაკება (დაეტაკება), დაჯახება, დაძგერება; უსრ. მელ’-დ-ალარ2"
maɬ-d-ar1,მალ’-დ-არ1,,,,,,,,,,**მალ’-დ-არ1** გრდმ. დალევინება; უსრ. მელ’-დ-არ1
maɬ-d-ar2,მალ’-დ-არ2,,,,vt,,daatʼakʼebs,"დატაკება (დაატაკებს), ძგერება (აძგერებს), დაჯახება, მოჯახება, ჩაცმა, შეხლა, კვეთება; წამოკვრა","hit, strike, ram, crash with, collide with","(на)толкнуть (о что), вонзить, кольнуть, воткнуть, стукнуть","**მალ’-დ-არ2**გრდმ. დატაკება (დაატაკებს), ძგერება (აძგერებს), დაჯახება, მოჯახება, ჩაცემა, შეხლა, კვეთება; წამოკვრა"
maɬenŏ,მალ’ენო̆,,,,,,,,,,"**მალ’ენო̆** მიმღ. დალეული, ნასვამი, მთვრალი"
maɬrecʼiⁿ,მალ’რეწიჼ,,,,,,,,,,**მალ’რეწიჼ** უსასმლოდ
maɬujnĭ,მალ’უჲნი̆,,,,,,,,,,**მალ’უჲნი̆** მიმღ. 1. დასალევი 2. დამლევი
"maŭd, moŭd","მაუ̆დ, მოუ̆დ",d d,,,,,,,,,"**მაუ̆დ, მოუ̆დ** *დ დ* მაუდი"
maŭqŭ,მაუ̆ჴუ̆,d d,D,,n,,maŭqi; maqniⁿ,სამართებელი,razor,бритва,**მაუ̆ჴუ̆** *დ დ* (მაუ̆ჴი; მაჴნიჼ) სამართებელი
maħ,მაჰ’,b d,B,,n,,,იაბო,gelding,мерин,**მაჰ’** *ბ დ* იაბო
maħiš,მაჰ’იშ,,,,n,,,,,,**მაჰ’იშ** მრ. იხ. მუჰ’
maqacʼ,მაჴაწ,b d,B,,n,,,"კაჟი, ტალი, კვესი; ყოჩაღი, უნარიანი, ენერგიული","flint; good, able, vigorous","кремень; молодец, энергичный","**მაჴაწ** *ბ დ* 1. კაჟი, ტალი, კვესი 2. გადატ. ყოჩაღი, უნარიანი, ენერგიული"
maqiš,მაჴიშ,,,,n,,,,,,**მაჴიშ** მრ. იხ. მოჴ
maqcʼaren,მაჴწარენ,,,,,,,,,,**მაჴწარენ**კაჟიანი
me,მე,,,,conj,,,რომ,"that, (subordinating conjunction)","что, чтобы",**მე** კავშ. რომ
"mebalaxĕ, mobalaxĕ","მებალახე̆, მობალახე̆",v b,,,,,,,,,"**მებალახე̆, მობალახე̆** *ვ ბ* საბალახოს ფასის ამღები"
megobar,მეგობარ,v b; j d; d d,M/F,GE,n,,,მეგობარი,friend,"друг, приятель",**მეგობარ** *ვ ბ; ჲ დ; დ დ* მეგობარი
megobrob,მეგობრობ,d,,,,,"megobrobs, imegobrebs",,,,"**მეგობრობ** *დ* მეგობრობა **მეგობრობ დარ** გრდმ. მეგობრობა (მეგობრობს, იმეგობრებს)"
megrob,მეგრობ,v b j d,,,,,,,,,**მეგრობ** *ვ ბ ჲ დ* მეგრელი *(ექსპ.)*
medavitnĕ,მედავითნე̆,v b,M,GE,n,,medavitni; medavitneⁿ,მედავითნე,psalm-chanter,псаломщик,**მედავითნე̆** *ვ ბ* (მედავითნი; მედავითნეჼ) მედავითნე
mezobel,მეზობელ,v b; j d; d d,M/F,GE,n,,mezobli; mezobleⁿ,მეზობელი,neighbour,сосед,**მეზობელ** *ვ ბ; ჲ დ; დ დ* (მეზობლი; მეზობლეჼ)მეზობელი
melaⁿ,მელაჼ,d d,D,GE,n,,,მელანი,ink,чернила,**მელაჼ** *დ დ* მელანი
memkʼvidrĕ,მემკვიდრე̆,v b ; j d; d d,,,,,memkʼvidri; memkʼvidreⁿ,,,,**მემკვიდრე̆** *ვ ბ ; ჲ დ; დ დ* (მემკვიდრი; მემკვიდრეჼ) მემკვიდრე
meⁿ,მეჼ,,,,pro indef,pro pers,,,,,"**მეჼ**  1. კითხვ. ნაცვ. სხვა ბრუნვებში ენაცვლება 2. ზოგი, ზოგიერთი, რომელიმე"
"mena, mene","მენა, მენე",,,,,,,,,,"**მენა, მენე** მიმართ. ნაცვ. სხვა ბრუნვებში ენაცვლება **ჰ’ანა** ფუძე"
menabdĕ,მენაბდე̆,v b,M,GE,n,,menabdi; menabdeⁿ,მენაბდე,"feltmaker, cloakmaker",выделыватель бурок,**მენაბდე̆** *ვ ბ* (მენაბდი; მენაბდეჼ) მენაბდე
menax,მენახ,,,,,,,,,,**მენახ** სხვა ბრუნვებში ენაცვლება **ჰ’ანახ** ფუძე ვიღაცა
menaxirĕ,მენახირე̆,v b,M,GE,n,,menaxiri; menaxireⁿ,მენახირე,cattle herder,пастух рогатого скога,**მენახირე̆** *ვ ბ* (მენახირი; მენახირეჼ) მენახირე
mendal,მენდალ,d d,D,GE,n,,mendli; mendleⁿ,მედალი,medal,медаль,**მენდალ** *დ დ* (მენდლი; მენდლეჼ) მედალი
menux,მენუხ,,,,,,,,,,**მენუხ** რომელი კითხვ. ნაცვ. *ე*
merkaⁿ,მერქაჼ,j j,J,GE,n,,,მერქანი,"timber, hardwood",древесина,**მერქაჼ** *ჲ ჲ* მერქანი
mercar,მერცარ,,,,vt,,susxavs,"ტუსვა; სუსხვა (სუსხავს), ქერცლავს","singe, scorche, burn, wither","опаливать; шелушить, жечь (о морозе, крапиве...)","**მერცარ** გრდმ. 1. ტუსვა 2. სუსხვა (სუსხავს), ქერცლავს"
mercxlaɁŏ,მერცხლაჸო̆,d d,D,GE,n,,mercxlaɁuj; mercxlaɁujⁿ,მერცხალი,swallow,"ласточка, касатка",**მერცხლაჸო̆** *დ დ* (მერცხლაჸუჲ; მერცხლაჸუჲჼ) მერცხალი
mesar,მესარ,j j,,,,,mesri; mesreⁿ,,,,**მესარ** *ჲ ჲ* (მესრი; მესრეჼ) მესერი
metʼbad-d-alar,მეტბად-დ-ალარ,,,GE,vi,,emetʼeba,გამეტება (ემეტება),,не жалеть,**მეტბად-დ-ალარ** გრდუვ. გამეტება (ემეტება)
metʼbad-d-ar,მეტბად-დ-არ,,,GE,vt,,imetʼebs,გამეტება (იმეტებს),,"не жалеть, не щадить",**მეტბად-დ-არ** გრდმ. გამეტება (იმეტებს)
meurmĕ,მეურმე̆,v b,M,GE,n,,meurmi; meurmeⁿ,მეურმე,cart driver,аробщик,**მეურმე̆** *ვ ბ* (მეურმი; მეურმეჼ) მეურმე
mepĕ,მეფე̆,v b,M,GE,n,,mepi; mepeⁿ,მეფე,"king, tsar",царь,**მეფე̆** *ვ ბ* (მეფი; მეფეჼ) მეფე
mekatmĕ,მექათმე̆,,M/F,GE,n,,mekatmi; mekatmeⁿ,მექათმე,poultry farmer,"разводящий кур, ухаживающий за курами, торгующий курами",**მექათმე̆** ვ ბ; ჲ დ; დ (მექათმი; მექათმეჼ) მექათმე
meqʼar,მეყარ,,,,vi,,,დარჩენა,"stay, be left",оставаться,**მეყარ** გრდუვ. დარჩენა სრ. დ-ისარ
meqʼ-d-ar,მეყ-დ-არ,,,,,,tʼovebs,,,,**მეყ-დ-არ** გრდმ. დატოვება (ტოვებს)სრ. დ-ითარ
meqʼoruğĕ,მეყორუღე̆,v b,M,GE,n,,meqʼoruği; meqʼoruğeⁿ,"ყარაული, მეყორუღე",guard,"караульный, арендатор пастбища, покоса","**მეყორუღე̆** *ვ ბ* (მეყორუღი; მეყორუღეჼ) ყარაული, მეყორუღე"
mešurnĕ,მეშურნე̆,,,GE,n,,,"მეშურნე, შურიანი","jealous, envious",завистливый,"**მეშურნე̆** მეშურნე, შურიანი"
"mečit, mečet","მეჩით, მეჩეთ",d d,,,,,,,,,"**მეჩით, მეჩეთ** *დ დ* მეჩეთი"
mex,მეხ,j j,J,GE,n,,,მეხი,thunder,гром,**მეხ** *ჲ ჲ* მეხი
mexkʼ-d-ar,მეხკ-დ-არ,,,,vt,,ğvris,"ღვრა (ღვრის), ქცევა სხმა; სხურება, პკურება; ბნევა, ფანტვა","pour, spill; sprinkle, spray; scatter, strew","лить, проливать, разбрасывать, ссыпать (зерна), сорить","**მეხკ-დ-არ** ღვრა (ღვრის), ქცევა სხმა; სხურება, პკურება, ბნევა, ფანტვა; სრ. მახკ-დ-არ"
mexrĕ,მეხრე̆,v b,M,GE,n,,mexri; mexreⁿ,მეხრე,ox herder,"пастух, погонщик волов...",**მეხრე̆** *ვ ბ* (მეხრი; მეხრეჼ) მეხრე
mexqetinŏ,მეხჴეთინო̆,,,,,,,,,,"**მეხჴეთინო̆** მიმღ. ნამეხარი, მეხდაცემული"
meǯvarĕ,მეჯვარე̆,v b,M,GE,n,,meǯvari; meǯvareⁿ,მეჯვარე,groom’s best man; bride’s matron of honour,шафер,**მეჯვარე̆** *ვ ბ* (მეჯვარი; მეჯვარეჼ) მეჯვარე
meǯogĕ,მეჯოგე̆,v b,M,GE,n,,meǯogi; meǯogeⁿ,მეჯოგე,cattle-drover,табунщик,**მეჯოგე̆** *ვ ბ* (მეჯოგი; მეჯოგეჼ) მეჯოგე
meɬ,მელ’,,,,,,,,,,**მელ’** კითხვ. ნაცვ. რამდენი
meɬ[e],მელ’[ე],,,,,,,,,,**მელ’[ე]** რელატ. ნაცვ. რამდენიც
meɬar,მელ’არ,,,,vt,,,სმა,drink,пить,**მელ’არ** გრდმ. სმა სრ. მალ’არ
meɬ-d-alar1,მელ’-დ-ალარ1,,,,,,ismeva,,,,**მელ’-დ-ალარ1** გრდუვ. სმა (ისმევა) სრ. მალ’-დ-ალარ1
meɬ-d-alar2,მელ’-დ-ალარ2,,,,vi,,[da]etʼakʼeba,"დატაკება ([და]ეტაკება), დაჯახება","strike a blow, hit hard","ударяться, стукаться","**მელ’-დ-ალარ2** გრდუვ. დატაკება ([და]ეტაკება), დაჯახება სრ. მალ’-დ-ა-ლარ2"
meɬ-d-ar1,მელ’-დ-არ1,,,,,,,,,,**მელ’-დ-არ1**გრდმ. სმევა სრ. მალ’-დ-არ1
meɬ-d-ar2,მელ’-დ-არ2,,,,vt,,atʼakʼebs,"ტაკება (ატაკებს), ძგერება, ჯახება, რჭობა","hit, strike, ram, crash with, collide with","толкать, вонзать, колоть","**მელ’-დ-არ2** გრდმ. ტაკება (ატაკებს), ძგერება, ჯახება, რჭობა; სრ. მალ’-დ-არ2"
meɬe de dağŏ,მელ’ე დე დაღო̆,,,,,,,,,,**მელ’ე დე დაღო̆** ყოველდღე
meɬenŏ,მელ’ენო̆,,,,,,,,,,"**მელ’ენო̆** მიმღ. ნასვამი, დალეული, ნაღვინევი"
"meɬeɁ, meɬ","მელ’ეჸ, მელ’",,,,,,,,,,"**მელ’ეჸ, მელ’** უფრო, რამდენად უფრო"
meɬmi,მელ’მი,,,,,,kadagiʒ.,,,,**მელ’მი** რამდენიმე *(ქადაგიძ.)*
meɬrikʼ,მელ’რიკ,,,,,,,,,,**მელ’რიკ** მსმელი
meɬujnĭ,მელ’უჲნი̆,,,,,,,,,,**მელ’უჲნი̆** მიმღ. მსმელი
mejdan,მეჲდან,,,,,,mejdani; mejdneⁿ,,,,**მეჲდან**ჲ ჲ* (მეჲდანი; მეჲდნეჼ) მოედანი
mejtʼčar,მეჲტჩარ,,,GE,n,,,მეტიჩარა,upstart,выскача,**მეჲტჩარ** მეტიჩარა
meq,მეჴ,b d,B,,n,,meqi; meqeⁿ,ტახტი,"couch, ottoman benc",тахта,**მეჴ** *ბ დ* (მეჴი; მეჴეჼ) ტახტი
mzitav,მზითავ,j j,J,GE,n,,,მზითევი,dowry,приданое,**მზითავ** *ჲ ჲ* მზითევი
"mtivlov, mtiul","მთივლოვ, მთიულ",v b,,,,,mtivlobi; mtivloveⁿ,,,,"**მთივლოვ, მთიულ** *ვ ბ* (მთივლობი; მთივლოვეჼ) მთიული"
mizi,მიზი,b,B,GE,n,,mizijⁿ,მიზეზი,reason,причина,"**მიზი** *ბ* (მიზიჲჼ)მიზეზი **მიზი ლეჰ’არ** გრდმ. მიზეზობა, ჭირვეულობა (მიზეზის დაბრალება),"
mizicʼiⁿ,მიზიწიჼ,,,,,,,,,,"**მიზიწიჼ** უმიზეზო, უმიზეზოდ"
mil-d-ar,მილ-დ-არ,,,,vt,,šescivdeba,შეცივება (შეცივდება),cool down,зябнуть,**მილ-დ-არ** გრდმ. შეცივება (შესცივდება)
mil-d-orikʼ,მილ-დ-ორიკ,,,,,,,,,,**მილ-დ-ორიკ** მცივანა
milvaⁿ,მილვაჼ,j j,J,GE,n,,,მილიონი,million,миллион,**მილვაჼ** *ჲ ჲ* მილიონი
milocad-d-ar,მილოცად-დ-არ,,,GE,vt,,,მილოცვა,wish sb,поздравить,**მილოცად-დ-არ** გრდმ. მილოცვა
miminŏ,მიმინო̆,d d,D,GE,n,,miminuj; miminujⁿ,მიმინო,hawk,сокол,**მიმინო̆** *დ დ* (მიმინუჲ; მიმინუჲჼ) მიმინო
"minam, manam","მინამ, მანამ",,,,,,,,,,"**მინამ, მანამ** ზმნს. სანამ"
mirtmad-d-ar,მირთმად-დ-არ,,,GE,vt,,miartmevs,მირთმევა (მიართმევს),"give, proffer","подавать, преподнести",**მირთმად-დ-არ** მირთმევა (მიართმევს)
miroⁿ,მიროჼ,,D,GE,n,,,მირონი,myrrh,миро,**მიროჼ**  მირონი
misxal,მისხალ,d d,D,GE,n,,,მისხალი,"dram, (4.25 grams)",золотник,**მისხალ** *დ დ* მისხალი
mitʼkʼal,მიტკალ,d d,D,GE,n,,mitʼkʼleⁿ,მიტკალი,calico,миткаль,**მიტკალ** *დ დ* (მიტკლეჼ) მიტკალი
mikarod-d-alar,მიქაროდ-დ-ალარ,,,GE,vi,,,მიქარვა,talk foolishly,"болтать (вздор, глупости)",**მიქაროდ-დ-ალარ** გრდუვ. მიქარვა
"mič, miča","მიჩ, მიჩა",,,,,,,,,,"**მიჩ, მიჩა** კითხვ. ზმნს. სად, საით **მიჩე[ჰ’], მიჩა[ჰ’]** *სად?*"
mičreⁿ,მიჩრეჼ,,,,pro interrog,,,საიდან; სადაური,whence,откуда; откуда (родом),**მიჩრეჼ** კითხვ. ნაცვ. 1. საიდან 2. სადაური
mičxmaɁ,მიჩხმაჸ,,,,,,,,,,**მიჩხმაჸ** ზმნს. ყველგან
mičħe,მიჩჰ’ე,,,,conj,,,სადაც,where.REL,где,**მიჩჰ’ე** კავშ. სადაც
mičħe-mičħe,მიჩჰ’ე-მიჩჰ’ე,,,,,,,,,,**მიჩჰ’ე-მიჩჰ’ე** ზმნს. 1. სადმე 2. სადაცაა
micʼerad-d-ar,მიწერად-დ-არ,,,GE,vt,,,მიწერა,write to,написать,**მიწერად-დ-არ** გრდმ. მიწერა
mičʼritʼaⁿ,მიჭრიტაჼ,d d,D,GE,n,,mičʼritʼni,"მიჭვრიტანა, სარკე",mirror,зеркало,"**მიჭრიტაჼ** *დ დ* (მიჭრიტნი) მიჭვრიტანა, სარკე"
mičʼqʼletʼad-d-ar,მიჭყლეტად-დ-არ,,,GE,vt,,,მიჭყლეტა,squash,раздавить,**მიჭყლეტად-დ-არ** გრდმ. მიჭყლეტა
mixakʼ,მიხაკ,d d,D,GE,n,,mixkʼeⁿ,მიხაკი,clove,гвоздика,**მიხაკ** *დ დ* (მიხკეჼ) მიხაკი
miǯⁿ,მიჯჼ,d d,,,,,miǯni; miǯneⁿ,,,,**მიჯჼ** *დ დ* (მიჯნი; მიჯნეჼ) მიჯნა
mkʼvidr,მკვიდრ,,,GE,a,,mkʼvidri; mkʼvidreⁿ,"მკვიდრი, მაგარი; მკვიდრი, ბინადარი","solid, strong; inhabitant","прочный, твердый; коренной (житель)","**მკვიდრ** (მკვიდრი; მკვიდრეჼ) 1. მკვიდრი, მაგარი 2. მკვიდრი, ბინადარი"
mnatĕ,მნათე̆,v b,M,GE,n,,mnati; mnateⁿ,მნათე,bellringer,свечник,**მნათე̆** *ვ ბ* (მნათი; მნათეჼ) მნათე
moangarišĕ,მოანგარიშე̆,v b; j d,,,,,moajngreši; moajngrešiⁿ,,,,**მოანგარიშე̆** *ვ ბ; ჲ დ* (მოაჲნგრეში; მოაჲნგრეშიჼ) მოანგარიშე
moaxlĕ,მოახლე̆,j d,F,GE,n,,moaxli; moaxleⁿ,მოახლე,servant,служанка,**მოახლე̆** *ჲ დ* (მოახლი; მოახლეჼ) მოახლე
moaǯir,მოაჯირ,j j,J,GE,n,,moaǯ[i]ri; moaǯreⁿ,მოაჯირი,railing,"решетка, перила (от балкона)",**მოაჯირ** *ჲ ჲ* (მოაჯ[ი]რი; მოაჯრეჼ) მოაჯირი
mogeb,მოგებ,j j,J,GE,n,,,მოგება,"profit, winnings",прибыль,**მოგებ** *ჲ ჲ* მოგება
mogerbad-d-ar,მოგერბად-დ-არ,,,GE,vt,,,მოგერიება,"repulse, fend off","отразить, отпарировать",**მოგერბად-დ-არ** გრდმ. მოგერიება
mogv,მოგვ,d d,D,,n,,,"მოქნილი, დამზადებული ტყავი",tanned hide,обувная кожа,"**მოგვ** *დ დ* მოქნილი, დამზადებული ტყავი"
mogverd,მოგვერდ,j,J,GE,n,,,მოგვერდი,thigh throw (in wrestling),прием борьбы,**მოგვერდ** *ჲ* მოგვერდი
mogluvbad-d-ar,მოგლუვბად-დ-არ,,,GE,vt,,gamoiglovebs,გამოგლოვება (გამოიგლოვებს),stop mourning,выйти из траура,**მოგლუვბად-დ-არ** გრდმ. გამოგლოვება (გამოიგლოვებს);უსრ. გლუვბად-დ-არ.
modavĕ,მოდავე̆,,,GE,n,,modavi; modaveⁿ,მოდავე,"litigant, claimant, plaintiff","оспариватель, истец",**მოდავე̆** (მოდავი; მოდავეჼ) მოდავე
moenĕ,მოენე̆,,,GE,n,,moeni; moeneⁿ,"მოენე, თარჯიმანი","interpreter, translator",переводчик,"**მოენე̆** (მოენი; მოენეჼ) მოენე, თარჯიმანი"
movrav,მოვრავ,v b,M,GE,n,,mourvi; mourveⁿ,მოურავი,regional governor,управляющий (имением),**მოვრავ** *ვ ბ* (მოურვი; მოურვეჼ) მოურავი
mott,მოთთ,b d,B,,n,,mattiš,ადგილი,place,место,**მოთთ** *ბ დ* (მათთიშ)1. ადგილი 2. ლოგინი **მათთიშ ოტარ** - ლოგინების გაშლა. **მათთახ ეგაარ** გრდუვ. ლოგინად ჩავარდნა.
mottar,მოთთარ,,,,vi,,hgonia,"გონება (ჰგონია), მიჩნევა (მიიჩნევს)","deem, consider, think","казаться, предполагать, думать","**მოთთარ** გრდუვ. გონება (ჰგონია), მიჩნევა"
mottinĭ,მოთთინი̆,,,,,,,,,,"**მოთთინი̆** მიმღ. ის, რაც, ვინც ჰგონიათ"
motoxnad-d-ar,მოთოხნად-დ-არ,,,GE,vt,,,მოთოხნა,hoe,омотыжить землю,**მოთოხნად-დ-არ** გრდმ. მოთოხნა
motutkad-d-ar,მოთუთქად-დ-არ,,,GE,vt,,mduğareši an nacartʼutʼaši gavleba,მოთუთქვა (მდუღარეში ან ნაცარტუტაში გავლება),scald (with lye or by boiling),"выварить, отварить, обдать (кипятком, либо щелоком)",**მოთუთქად-დ-არ** გრდმ. მოთუთქვა (მდუღარეში ან ნაცარტუტაში გავლება)
moiǯrĕ,მოიჯრე̆,v b,M,GE,n,,moiǯri; moiǯreⁿ,"მოიჯარე, მოიჯარადრე","tenant, buyer","арендатор, откупщик","**მოიჯრე̆** *ვ ბ* (მოიჯრი; მოიჯრეჼ) მოიჯარე, მოიჯარადრე"
mokʼalod-d-ar,მოკალოდ-დ-არ,,,GE,vt,,,მოკალვა,tin,вылудить,**მოკალოდ-დ-არ** გრდმ. მოკალვა; უსრ. კალოდ-დ-არ.
mokʼecad-d-alar,მოკეცად-დ-ალარ,,,GE,vi,,,"მიკეცვა, მორთხმით დაჯდომა","curl up, sit cross-legged","свернуться, сесть поджавши ноги, согнувши ноги","**მოკეცად-დ-ალარ** გრდუვ. მოკეცვა, მორთხმით დაჯდომა"
mokʼver,მოკვერ,d d,D,GE,n,,mokʼvri; mokʼvreⁿ,"ბოკვერი, ბელი",bear-cub,медвежонок,"**მოკვერ** *დ დ* (მოკვრი; მოკვრეჼ)ბოკვერი, ბელი"
mokʼrivĕ,მოკრივე̆,v b,M,GE,n,,mokʼrivi; mokʼriveⁿ,მოკრივე,boxer,кулачный боец,**მოკრივე̆** *ვ ბ* (მოკრივი; მოკრივეჼ)მოკრივე
moleɁ,მოლეჸ,,,,,,kadagiʒ.,,,,**მოლეჸ** დაუდევრად *(ქადაგიძ.)*
moll,მოლლ,v b,M,GE,n,,molli; molleⁿ,მოლა,Mollah,мулла,**მოლლ** *ვ ბ* (მოლლი; მოლლეჼ) მოლა
molun  kʼ,მოლუნ  კ,,,,,,,,,,"**მოლუნ  კ**ითხვ. ნაცვ. როგორი, რანაირი"
mometʼĕ,მომეტე̆,,,GE,n,,,თავგამომეტებული; მეწინავე,"selfless, brave; front, foremost, vanguard","храбрец, передовой",**მომეტე̆** თავგამომეტებული; მეწინავე
monastʼra,მონასტრა,j j,J,GE,n,,monastʼrajšĭ; monastʼreⁿ,მონასტერი,monastery,монастырь,**მონასტრა** *ჲ ჲ* (მონასტრაჲში̆; მონასტრეჼ)მონასტერი
mondav,მონდავ,j d,,,,,mondvi; mondveⁿ,,,,"**მონდავ** *ჲ დ* (მონდვი; მონდვეჼ) რძალი, მაზლის ცოლი *(ექსპ.)*"
mor,მორ,j j,J,GE,n,,mori; moreⁿ,მორი,log,бревно,**მორ** *ჲ ჲ* (მორი; მორეჼ)მორი
morad-d-ar,მორად-დ-არ,,,GE,vt,,,[და]მორვა,cut into round block,"тесать, округлять брева",**მორად-დ-არ** გრდმ. [და]მორვა*;* სრ. დამორად-დ-დარ
morg,მორგ,j j,J,GE,n,,morgi; morgeⁿ,მორგვი,"hub, wheel center",ступища,**მორგ** *ჲ ჲ* (მორგი; მორგეჼ) მორგვი
moridbad-d-alar,მორიდბად-დ-ალარ,,,GE,vi,,moerideba,მორიდება (მოერიდება); გვერდის ავლა,,"отстраниться, избежать, уклониться, стесняться",**მორიდბად-დ-ალარ** გრდუვ. მორიდება (მოერიდება); გვერდის ავლა; უსრ. რიდბად-დ-ალარ
mors-d-alar,მორს-დ-ალარ,,,,vi,,moisrveba,მოსრვა (მოისრვება),,уничтожиться,**მორს-დ-ალარ** გრდუვ. მოსრვა (მოისრვება)
mors-d-ar,მორს-დ-არ,,,GE,vt,,mosravs,მოსრვა (მოსრავს),,уничтожить,**მორს-დ-არ** გრდმ. მოსრვა (მოსრავს)
morcʼqʼad-d-ar,მორწყად-დ-არ,,,GE,vt,,morcʼqʼavs,მორწყვა (მორწყავს),"water, irrigate",поливать,**მორწყად-დ-არ** გრდმ. მორწყვა (მორწყავს)
morɬ,მორლ’,b,,,:,,,მოხვევა (მოეხვევა),,обнять,**მორლ’** *ბ* **მორლ’ ბარ** გრდმ. მოხვევა (მოეხვევა)
mosaval,მოსავალ,j j,J,GE,n,,mosavleⁿ,მოსავალი,harvest,урожай,**მოსავალ** *ჲ ჲ* (მოსავლეჼ) მოსავალი
mosamsaxur,მოსამსახურ,v b; j d; d d,M/F,GE,n,,mosamsaŭxri; mosamsaŭxreⁿ,მსახური; მოსამსახურე,"servant, worker, employee","слуга, прислуга, служащий",**მოსამსახურ** *ვ ბ; ჲ დ; დ დ* (მოსამსაუ̆ხრი; მოსამსაუ̆ხრეჼ)მსახური; მოსამსახურე
mosar-d-alar,მოსარ-დ-ალარ,,,,,,gacuddeba,,,,"**მოსარ-დ-ალარ** გრდუვ. გაცუდება (გაცუდდება), გაავება"
mosar-d-ar,მოსარ-დ-არ,,,,,,[ga]acudebs,,,,"**მოსარ-დ-არ** გრდმ. გაცუდება ([გა]აცუდებს), ცუდად გამოყვანა"
moslecʼiⁿ,მოსლეწიჼ,,,,,,,,,,**მოსლეწიჼ**  უბოროტო
"mosol, mossol","მოსოლ, მოსსოლ",j j,,,,,,,,,"**მოსოლ, მოსსოლ** *ჲ ჲ* სიავე, სიცუდე, სიბოროტე, ცუდი საქმე **მოსოლ ლეჸინი̆** მიმღ. ცუდის მდომელი, ცუდის მსურველი, ავის მდომელი; იხ. მუჲსსნა"
mossiⁿ,მოსსიჼ,,,,a,,,"ცუდი, ბოროტი, ავი","bad, evil","дурной, злой","**მოსსიჼ**  ცუდი, ბოროტი, ავი"
mossičŏ dʕeɁ-pħaton (stʼakʼ),მოსსიჩო̆ დჵეჸ-ფჰ’ათონ (სტაკ),,,,,,stʼakʼ,,,,"**მოსსიჩო̆ დჵეჸ-ფჰ’ათონ (სტაკ)** ანჩხლი, ავი (ცუდი) გულ-ღვიძლის კაცი"
mossiŭx,მოსსიუ̆ხ,,,,,,,,,,"**მოსსიუ̆ხ** უარესი, ძალიან ცუდი, უარესი"
mosur,მოსურ,,,,,,šipn.,,,,"**მოსურ** სტუმრიანობა, წვეულება *(შიფნ.)*"
motʼtʼ,მოტტ,b d,B,,n,,matʼtʼiš; matʼtʼiⁿ,ენა,tongue; language,язык,**მოტტ** *ბ დ* (მატტიშ; მატტიჼ)ენა
"motʼtʼaqar, motʼtʼħeqar","მოტტაჴარ, მოტტჰ’ეჴარ",,,,,,enas ukʼidebs,,,,"**მოტტაჴარ, მოტტჰ’ეჴარ** *ენის [მო]სმა, [მო]სვლეპა, [მო]ლოკვა;* **მოტტ ჴებლბარ** *გრდმ. მოტტ ჴებლბალარ გრდუვ.* **მოტტ ებლბარ** *გრდმ.* ენის მოკიდება (ენას უკიდებს), ენის ბორძიკით ლაპარაკი;**მატტახ ჴიბლ-დ-ისარ** *გრდუვ. ენის ბორძიკი;* **მოტტ ჴიბლბისუშ**ბორძიკით; **მოტტ ბაჰ’არ, მოტტ ჴეჰ’არ** *გრდმ. ენის მიტანა (ენას მიუტანს, ენა მიაქვს), დასმენა, [და]ბეზღება;* **მოტტჴეჰ’უჲნი̆** *მიმღ.* ენატანია, ენის მიმტანი, დამბეზღებელი, ჯაშუში;**მოტტ ჴილლარ** *გრდუვ.* ენის დაბმა, ენის ჩავარდნა, დამუნჯება;**მოტტ ლაქბარ, მოტტ ლექბარ** გრდმ. ენის გადმოგდება; **შარეჼ მოტტ ბალლო̆** (ოჴუჲგო[ჰ’]) ენაწყლიანი; **მოტტ ლალბარ, მოტტ ლელბარ** გრდმ. 1) ენის მოვლება, მოლოკვა 2) ენის მიტანა, ჭორაობა*"
motʼtʼbačkʼriⁿ,მოტტბაჩკრიჼ,,,,,,,,,,**მოტტბაჩკრიჼ** ენაჩლუნგი
motʼtʼbaxxen,მოტტბახხენ,,,,,,,,,,**მოტტბახხენ**ენაგრძელი
motʼtʼkʼatʼeⁿ,მოტტკატეჼ,,,,,,,,,,**მოტტკატეჼ** ენამოქნილი
motʼtʼmossiⁿ,მოტტმოსსიჼ,,,,,,,,,,"**მოტტმოსსიჼ** ავი, ცუდენიანი"
motʼurtʼlad-d-ar,მოტურტლად-დ-არ,,,GE,vt,,,მოტურტვლა,cover in dirt,"обмарать, выпачкать",**მოტურტლად-დ-არ** გრდმ. მოტურტვლა უსრ. ტურტლად-დ-არ
motʼurtʼlad-d-ijenŏ,მოტურტლად-დ-იჲენო̆,,,,,,,,,,**მოტურტლად-დ-იჲენო̆** მიმღ. მოტურტლული
mopicrad-d-ar,მოფიცრად-დ-არ,,,GE,vt,,mopicravs,"მოფიცვრა (მოფიცრავს), შემოღობვა","board up, fence round","обложить, огородить досками",**მოფიცრად-დ-არ** გრდმ. მოფიცვრა (მოფიცრავს) შემოღობვა; უსრ. ფიცრად-დ-არ
mopxekʼad-d-ar,მოფხეკად-დ-არ,,,GE,vt,,mopxekʼavs,მოფხეკა (მოფხეკავს),"scrape off, scrape clean, brush off",соскрести,**მოფხეკად-დ-არ** გრდმ. მოფხეკა (მოფხეკავს)*;* უსრ. ფხეკად-დ-არ
moqʼrob,მოყრობ,d,D,GE,n,,,მოყრობა,"friendly relations, affinity",родство,**მოყრობ** *დ* მოყვრობა **მოყრობ დარ** გრდმ. მოყვრად გახდომა
mošxamad-d-ar,მოშხამად-დ-არ,,,GE,vt,,dašxamavs,დაშხამვა (დაშხამავს),poison,отравить,**მოშხამად-დ-არ** გრდმ. დაშხამვა (დაშხამავს)უსრ. შხამად-დარ
mocdenad-d-alar,მოცდენად-დ-ალარ,,,GE,vi,,mocdeba,მოცდენა (მოცდება),"be idle, waste time",потерять (зря) время,**მოცდენად-დ-ალარ** გრდუვ. ცდენა (მოცდება)
mocdenad-d-ar,მოცდენად-დ-არ,,,GE,vt,,moacdens,მოცდენა (მოაცდენს),"waste, fail to make use of",заставить (зря) потерять время,**მოცდენად-დ-არ** გრდმ. მოცდენა (მოაცდენს)
moʒğor,მოძღორ,v b,,,,,moʒğri; moʒğreⁿ,,,,"**მოძღორ** *ვ ბ* (მოძღრი; მოძღრეჼ)მღვდელი, მოძღვარი"
mocʼ,მოწ,d,D,,n,,macʼiⁿ,თაფლი,honey,мед,**მოწ** *დ* (მაწიჼ) თაფლი
mocʼamlod-d-ar,მოწამლოდ-დ-არ,,,GE,vt,,mocʼamlavs,მოწამვლა (მოწამლავს); შეწამლავს,poison; spray with chemical,"отравить, спрыснуть купоросом",**მოწამლოდ-დ-არ** გრდმ. მოწამვლა (მოწამლავს); შეწამლავს; უსრ. წამლოდ-დ-არ
mocʼerad-d-ar,მოწერად-დ-არ,,,GE,vt,,"moscʼers, moacʼers","მოწერა (მოსწერს, მოაწერს)","write to, write on, sign","написать, подписать","**მოწერად-დ-არ** გრდმ. მოწერა (მოსწერს, მოაწერს); უსრ. წერად-დ-არ"
mocʼeradijenŏ,მოწერადიჲენო̆,,,,,,,,,,"**მოწერადიჲენო̆** მიმღ. მოწერილი, ხელმოწერილი"
mocʼeradujnĭ,მოწერადუჲნი̆,,,,,,,,,,**მოწერადუჲნი̆** მიმღ. მოსაწერი
mocʼmad-d-ar,მოწმად-დ-არ,,,,,,amocʼmebs,,,,**მოწმად-დ-არ** გრდმ. დამოწმება (ამოწმებს)
"mocʼmajlin, mocʼmeliⁿ","მოწმაჲლინ, მოწმელიჼ",,,,,,,,,,"**მოწმაჲლინ, მოწმელიჼ** მოწმიანი"
mocʼmob,მოწმობ,d d,,,,,mocʼmobeⁿ,,,,**მოწმობ** *დ დ* (მოწმობეჼ) მოწმობა
mocʼmĕ,მოწმე̆,v b; j d; d d,M/F,GE,n,,mocʼmi; mocʼmeⁿ,მოწმე,witness,свидетель,**მოწმე̆** *ვ ბ; ჲ დ; დ დ* (მოწმი; მოწმეჼ) მოწმე
mox,მოხ,b d,B,,n,,maxiš,ქარი,wind,ветер,**მოხ** *ბ დ* (მახიშ) ქარი
moxerxad-d-ar,მოხერხად-დ-არ,,,GE,vt,,moxerxavs,მოხერხვა (მოხერხავს),saw off,"отпилить, спилить",**მოხერხად-დ-არ** გრდმ. მოხერხვა (მოხერხავს)
moxkʼ1,მოხკ1,b,,,,,,,,,"**მოხკ1** *ბ* მიწა, დედამიწა **მოხკ ბეკბარ** *გრდმ. მიწის ძვრა (მიწა იძვრება)*"
moxkʼ2,მოხკ2,b d,,,,,maxkʼiⁿ,,,,"**მოხკ2** *ბ დ* (მახკიჼ) ფილი, როდინი"
moxkʼ-gorč,მოხკ-გორჩ,d d,,,,,,,,,"**მოხკ-გორჩ** *დ დ* ავანდასტი, ფილთაქვა"
moxmarbad-d-ar,მოხმარბად-დ-არ,,,GE,vt,,moixmarebs,მოხმარება (მოიხმარებს),"let help, use, employ","заставить помочь, использовать",**მოხმარბად-დ-არ** გრდმ. მოხმარება (მოიხმარებს)*;* უსრ. ხმარბად-დ-არ
moǯamagir,მოჯამაგირ,v b; j d,M/F,GE,n,,mǯamajgreⁿ,მოჯამაგირე,hired labourer,"батрак, наемник",**მოჯამაგირ** *ვ ბ; ჲ დ* (მჯამაჲგრეჼ) მოჯამაგირე
moħ,მოჰ’,,,,pro interrog,,,"როგორ, რანაირად, რაგვარად","how, (interrogative pronoun)","как, каким образом","**მოჰ’** კითხვ.ზმნს. როგორ, რანაირად, რაგვარად"
moħe,მოჰ’ე,,,,,,,,,,"**მოჰ’ე** მიმართ. ზმნს. როგორც, რანაირადაც, რაგვარადაც"
moħe-moħe,მოჰ’ე-მოჰ’ე,,,,,,,,,,**მოჰ’ე-მოჰ’ე** ზმნს. იხ. მოჰ’მე
"moħecŏ, moħajcĭ","მოჰ’ეცო̆, მოჰ’აჲცი̆",,,,,,,,,,"**მოჰ’ეცო̆, მოჰ’აჲცი̆** როგორ არა, დიაღ"
"moħme, moħmi","მოჰ’მე, მოჰ’მი",,,,,,,,,,"**მოჰ’მე, მოჰ’მი** ზმნს. როგორმე"
moħqoħeleɁ,მოჰ’ჴოჰ’ელეჸ,,,,,,,,,,"**მოჰ’ჴოჰ’ელეჸ** როგორც მოხვდება, მიკიბვ-მოკიბვით, დაუდევრად"
"mojckul, mocikul","მოჲცქულ, მოციქულ",v b; d d,,,,,mocikli; mocikleⁿ/mojckuleⁿ,,,,"**მოჲცქულ, მოციქულ** *ვ ბ; დ დ* (მოციქლი; მოციქლეჼ/მოჲცქულეჼ)მოციქული, მაშვალი"
moq,მოჴ,b d,B,,n,,maqiš; maqiⁿ,"სიმღერა, ლექსი","song, poem","песня, стих","**მოჴ** *ბ დ* (მაჴიშ; მაჴიჼ) სიმღერა, ლექსი"
moqbar,მოჴბარ,,,,,,mğeris,,,,"**მოჴბარ** გრდმ. მღერა (მღერის); **მაჴიშ დარ** სიმღერების ქმნა; **მოჴ ალ’არ, მოჴ ლევბარ** სიმღერის თქმა; **მოჴ კერბადბარ, მაჴიშ კერბად-დ-არ** გრდმ. სიმღერის, ლექსის (სიმღერების, ლექსების) შეთხზვა, გამოგონება*;* **მოჴ კერბადუჲნი̆** მიმღ. სიმღერის, ლექსის მთხზველი, მოლექსე;**მაჴნ დ-ოხარ** გრდუვ. სიმღერის დაგუგუნება (სიმღერით ჩაქცევა)"
moqelĕ,მოჴელე̆,v b; j d,M/F,GE,n,,moqeli; moqeleⁿ,"მოხელე, მოსამსახურე","clerk, employee, official","чиновник, служащий","**მოჴელე̆** *ვ ბ; ჲ დ* (მოჴელი; მოჴელეჼ) მოხელე, მოსამსახურე"
moqerqbad-d-ar,მოჴერჴბად-დ-არ,,,GE,vt,,,მოხერხება,be good at sth,"смочь, суметь",**მოჴერჴბად-დ-არ** გრდმ. მოხერხება
moɁ,მოჸ,,,,adv,,,"მაინც, ისე უბრალოდ; დაახლოებით","still, just, just like that; more or less","просто, просто так, по краиной мере","**მოჸ** მაინც, ისე, უბრალოდ; დაახლოვებით იხ. მარაჼ"
mrevl,მრევლ,j j,J,GE,n,,mrevleⁿ,მრევლი,parish,приход (одной церкви),**მრევლ** *ჲ ჲ* (მრევლეჼ) მრევლი
msaŭx[v]rbad-d-ar,მსაუ̆ხ[ვ]რბად-დ-არ,,,,,,msaxurobs,,,,**მსაუ̆ხ[ვ]რბად-დ-არ** გრდმ. 1. სამსახური (მსახურობს)2.მომსახურება (მოიმსახურებს)
"msaŭxrebadijenŏ, msoŭxrebadijenŏ","მსაუ̆ხრებადიჲენო̆, მსოუ̆ხრებადიჲენო̆",,,,,,,,,,"**მსაუ̆ხრებადიჲენო̆, მსოუ̆ხრებადიჲენო̆** მიმღ. ნამსახურევი 2. მომსახურებული"
mtʼkʼicebad-d-ar,მტკიცებად-დ-არ,,,,,,amtʼkʼicebs,,,,"**მტკიცებად-დ-არ** გრდმ. [და]მტკიცება (ამტკიცებს), რისიმე მტკიცება; სრ. დამტკიცებად-დ-არ"
mutak,მუთაქ,b d,B,GE,n,,mut[a]ki; mut[a]keⁿ,მუთაქა,"bolster, hard pillow","мутака (длинная подушка, набитая шерстью)",**მუთაქ** *ბ დ* (მუთ[ა]ქი; მუთ[ა]ქეჼ) მუთაქა
muⁿ,მუჼ,j,J,GE,n,,muneⁿ,მუნი,"mange, scabies","чесотка, парша",**მუჼ** *ჲ* (მუნეჼ) მუნი
munǯ,მუნჯ,,,GE,a,,munǯeⁿ,მუნჯი,mute,немой,**მუნჯ** (მუნჯეჼ) მუნჯი
murab,მურაბ,d d,D,GE,n,,murbeⁿ,მურაბა,fruit jam,варенье,**მურაბ** *დ დ* (მურბეჼ) მურაბა
murbeleⁿ,მურბელეჼ,,,,,,,,,,**მურბელეჼ** მურაბიანი
murdal,მურდალ,,,GE,a,,,"მურდალი, ბინძური","filthy, dirty","поганый, грязный","**მურდალ** მურდალი, ბინძური; *ზმნს.* ბინძურად"
muriš,მურიშ,b,B,,n,,,მურა,(name for a dark dog),собака с черной мордой,**მურიშ** *ბ* მურა
murqʼaⁿ,მურყაჼ,d d,D,GE,n,,murqʼneⁿ,მურყანი,alder(tree),ольха,**მურყაჼ**  *დ დ* (მურყნეჼ) მურყანი
murqʼnarna,მურყნარნა,d,,,,,,,,,"**მურყნარნა** *დ* მურყიანი, მურყნარი"
murcʼ,მურწ,b d,B,GE,n,,,მურწა,barbel,усач (рыба),**მურწ** *ბ დ* მურწა
murǯ-d-ar,მურჯ-დ-არ,,,,,,amğvrevs,,,,**მურჯ-დ-არ** გრდმ. ამღვრევა (ამღვრევს)
murǯiⁿ,მურჯიჼ,,,,a,,,მღვრიე,"turbid, muddied",мутный,**მურჯიჼ**  მღვრიე
murǯol,მურჯოლ,j,,,,,,,,,**მურჯოლ** *ჲ* სიმღვრივე; *იხ. მუჲრჯოლ*
mustʼar,მუსტარ,d,,,,,,,,,"**მუსტარ** *დ* 1. სიმჟავე 2. მჟავე წვნიანი, მახოხი"
mustʼ-d-alar,მუსტ-დ-ალარ,,,,,,[da]mžavdeba,,,,"**მუსტ-დ-ალარ** გრდუვ. დამჟავება ([და]მჟავდება), დაძმარება"
mustʼ-d-alinŏ,მუსტ-დ-ალინო̆,,,,,,,,,,"**მუსტ-დ-ალინო̆** მიმღ. დამჟავებული, დაჭანგებული"
mustʼ-d-ar,მუსტ-დ-არ,,,,,,[da]amžavebs,,,,"**მუსტ-დ-არ** გრდმ. დამჟავება ([და]ამჟავებს), დაძმარება"
mustʼiⁿ,მუსტიჼ,,,,a,,,მჟავე,sour,кислый,**მუსტიჼ** მჟავე
mustʼinkʼaɁ,მუსტინკაჸ,,,,,,,,,,**მუსტინკაჸ** მომჟავო
mustʼol,მუსტოლ,j,,,,,,,,,**მუსტოლ** *ჲ* სიმჟავე
mutʼoreⁿ,მუტორეჼ,,,,,,,,,,**მუტორეჼ**  ჭუჭყიანი
mutʼorna,მუტორნა,d d,,,,,,,,,"**მუტორნა** *დ დ* ჭუჭყიანობა, სიბინძურე"
mukrbad-d-alar,მუქრბად-დ-ალარ,,,GE,vi,,emukreba,დამუქრება (ემუქრება),threaten,грозиться,**მუქრბად-დ-ალარ** გრდუვ. დამუქრება (ემუქრება); სრ. დამუქრბად-დ-ალარ
mukrbad-d-ar,მუქრბად-დ-არ,,,GE,vt,,ašinebs,"შეშინება (აშინებს), დამუქრება",frighten,угрожать,"**მუქრბად-დ-არ** გრდმ. შეშინება (აშინებს), დამუქრება"
muğ,მუღ,j j,J,,n,,muğ; muğeⁿ,კუდი,tail,хвост,**მუღ** *ჲ ჲ* (მუღ; მუღეჼ) კუდი **მუღ ჩუჲუყჲარ** *გრდმ. კუდის ამოძუება*
muğcʼiⁿ,მუღწიჼ,,,,,,,,,,**მუღწიჼ**  უკუდო
muqʼ,მუყ,b d,B,,n,,muqʼeⁿ,"ტარი, ვადა",handle,"рукоятка (шашки, кинжала)","**მუყ** *ბ დ* (მუყეჼ) ტარი, ვადა"
mušaɁŏ,მუშაჸო̆,d d,D,GE,n,,mušaɁuj; mušaɁujⁿ,მუშა,worker,рабочий,**მუშაჸო̆** *დ დ* (მუშაჸუჲ; მუშაჸუჲჼ) მუშა
mušiğeⁿ,მუშიღეჼ,,,,,,,,,,**მუშიღეჼ** მუშური
muštʼar,მუშტარ,d d,D,GE,n,,muštʼri; muštʼreⁿ,მუშტარი,"buyer, client",покупатель,**მუშტარ** *დ დ* (მუშტრი; მუშტრეჼ)მუშტარი
mucʼukʼ,მუწუკ,d d,D,GE,n,,mucʼkʼi; mucʼkʼeⁿ,მუწუკი,pimple,"прыщ, нарыв",**მუწუკ** *დ დ* (მუწკი; მუწკეჼ) მუწუკი
mux,მუხ,d d,D,GE,n,,muxeⁿ,მუხა,oak,дуб,**მუხ** *დ დ* (მუხეჼ) მუხა
muxarna,მუხარნა,d,,,,,,,,,"**მუხარნა** *დ* მუხნარი, მუხოვანი"
muǯgaⁿ,მუჯგაჼ,j j,J,,n,,muǯgni; muǯgneⁿ,მუჯლუგუნი,"clout, jolt",тумак,"**მუჯგაჼ** *ჲ ჲ* (მუჯგნი; მუჯგნეჼ) მუჯლუგუნი **მუჯგაჼ მალ’ჲარ, მუჯგაჼ თელ’არ** *გრდმ. მუჯლუგუნის [გა]კვრა (მუჯლუგუნს გაჰკრავს)*"
muħ,მუჰ’,b d,B,,n,,maħiš; maħiⁿ,ტვირთი,"load, burden","ноша, поклажа, груз, бремя",**მუჰ’** *ბ დ* (მაჰ’იშ; მაჰ’იჼ) ტვირთი
mujneⁿ,მუჲნეჼ,,,GE,a,,,მუნიანი,"scabious, mangy",чесоточный,**მუჲნეჼ** მუნიანი
mujrel,მუჲრელ,d d,,,,,mujrleⁿ,,,,**მუჲრელ** *დ დ* (მუჲრლეჼ) მორიელი
mujrǯna,მუჲრჯნა,d,D,,n,,,სიმღვრივე,"turbidity, cloudiness",мутность,**მუჲრჯნა** *დ* სიმღვრივე
mujssna,მუჲსსნა,,D,,n,,,სიცუდე,evil,быть плохим,**მუჲსსნა** დ სიცუდე; იხ. მოსსიჼ
mujtʼĭ,მუჲტი̆,b d,B,,n,,,"ჭუჭყი, უსუფთაობა, სიმურტლე","dirt, filth","грязь, нечистота","**მუჲტი̆** *ბ დ* ჭუჭყი, უსუფთაობა; **მუტოხ, მუტრახ დ-ავარ** გრდუვ. ამოსვრა, ამოგანგვლა; იხ. მუტორეჼ"
mujğlĭ,მუჲღლი̆,j j,J,,n,,mujğleⁿ,საძუე,horse's tail strap,подхвостник (ремень у седла для лошади),**მუჲღლი̆** *ჲ ჲ* (მუჲღლეჼ) საძუე
mujš[ĭ,მუჲშ[ი̆,,,,,,,,,,**მუჲშ[ი̆**] ზმნს. ცუდად; იხ. მოსსიჼ
mujšxučʼ,მუჲშხუჭ,,,,,,,,,,"**მუჲშხუჭ** ზმნს. ყველაზე უარესად, მეტისმეტად ცუდად"
mujšĭ ħeb-d-ar,მუჲში̆ ჰ’ებ-დ-არ,,,,,,,,,,**მუჲში̆ ჰ’ებ-დ-არ** გრდმ. ცუდად ხსენება
=mpleⁿ,=მფლეჼ,,,,,,,,,,"**=მფლეჼ**  თანდ. მიც. ან ნათ. ბრუნვ. =ოდენა, ტოლი, ფარდი სიდიდით რისამე რაოდენობისა"
mğebar,მღებარ,v b,M,GE,n,,,მღებავი,"painter, dyer",красильщик,**მღებარ** *ვ ბ* მღებავი
mqʼnobad-d-ar,მყნობად-დ-არ,,,GE,vt,,,მყნობა,"graft, bud, implant",прививать,**მყნობად-დ-არ** გრდმ. მყნობა
mcʼeral,მწერალ,"v b, j d",M/F,GE,n,,mcʼerli; mcʼerleⁿ,მწერალი,writer,"писатель, писарь","**მწერალ** *ვ ბ, ჲ დ* (მწერლი; მწერლეჼ) მწერალი"
mcʼerlob,მწერლობ,j,,,,,,,,,**მწერლობ** *ჲ* მწერლობა
mčʼedel,მჭედელ,v b,M,GE,n,,mčʼedli; mčʼedleⁿ,მჭედელი,smith,кузнец,**მჭედელ** *ვ ბ* (მჭედლი; მჭედლეჼ) მჭედელი
mxec,მხეც,,,,,,,,,,**მხეც** იხ. აჴ
mʕairĭ,მჵაირი̆,b j,,,,,mʕarelč; mʕarniⁿ,,,,"**მჵაირი̆** *ბ ჲ* (მჵარელჩ; მჵარნიჼ) ფრჩხილი, კლანჭი"
mʕal,მჵალ,,,,,,,,,,"**მჵალ** 1. ზიარი, საზიარო, საერთო 2. ზმნს. ზიარად, საზიაროდ"
mʕal-d-ar,მჵალ-დ-არ,,,,,,,,,,"**მჵალ-დ-არ** გრდმ. ზიარად მიცემა, ზიარად აყვანა, სანახევროდ მიცემა"
mʕarɬ,მჵარლ’,,,,adv,,,საკმაოდ,sufficiently,достаточно,**მჵარლ’** საკმაოდ
"mʕaɁaren, mʕaɁoren, mʕalin","მჵაჸარენ, მჵაჸორენ, მჵალინ",,,,,,,,,,"**მჵაჸარენ, მჵაჸორენ, მჵალინ**რქიანი"
mʕaɁlakʼ,მჵაჸლაკ,,,,,,,,,,"**მჵაჸლაკ** მრქენელი, მრჩოლელი"
mʕaɁŏ,მჵაჸო̆,j j,J,,n,,mʕaɁuj; mʕaɁujⁿ,რქა,horn,рог,**მჵაჸო̆** *ჲ ჲ* (მჵაჸუჲ; მჵაჸუჲჼ)რქა
"mʕaɁŏ jaɬar mʕaɁjaɬar, mʕaɁŏ teɬar mʕaɁteɬar","მჵაჸო̆ ჲალ’არ მჵაჸჲალ’არ, მჵაჸო̆ თელ’არ მჵაჸთელ’არ",,,,,,"rkens, urkens",,,,"**მჵაჸო̆ ჲალ’არ მჵაჸჲალ’არ, მჵაჸო̆ თელ’არ მჵაჸთელ’არ** *გრდმ.* რქენა (რქენს, ურქენს)"
naašĕ,ნააშე̆,j j,J,GE,n,,,ნაშე,"silt, silty riverbank","берег реки, вязкий, топкий","**ნააშე̆** *ჲ ჲ* ნაშე *(წმინდა ქვიშა, შლამი)*"
nabad,ნაბად,b d,B,GE,n,,nabdeⁿ,ნაბადი,shepherd's felt cloak,бурка,**ნაბად** *ბ დ* (ნაბდეჼ) ნაბადი
nabdur,ნაბდურ,d d,,,,,,,,,**ნაბდურ** *დ დ* ქეჩა
nabičʼvar,ნაბიჭვარ,d d,D,GE,n,,,ნაბიჭვარი,bastard (child),незаконно-рожденный,**ნაბიჭვარ** *დ დ* ნაბიჭვარი
nabžir,ნაბჟირ,,,,:,,namsxvrevebad akcevs,"ნამსხვრეებად ქცევა (ნამსხვრევებად აქცევს), დამსხვრევა; დამსხვრევა (დაიმსხვრევა), ნამსხვრევებად ქცევა",,"разбить, разбивать вдребезги, раздробить; разбиться в дребезги","**ნაბჟირ** 1. გრდმ. ნაბჟირა დ-აჴარ, ნაბჟირა დ-ახარ ნამსხვრევებად ქცევა (ნამსხვრევებად აქცევს) დამსხვრევა 2. გრდუვ. ნაბჟირა დ-ახარ, ნაბჟირა დ-ალ’არ დამსხვრევა (დაიმსხვრევა) ნამსხვრევებად ქცევა"
nabuk,ნაბუქ,j j,J,GE,n,,,ნაბუქი,snowdrift,сугроб,**ნაბუქ** *ჲ ჲ* ნაბუქი
nagate[ħ],ნაგათე[ჰ’],,,,,,,,,,**ნაგათე[ჰ’]** ზმნს. ხანდახან
nagatt-nagatt,ნაგათთ-ნაგათთ,,,,,,,,,,**ნაგათთ-ნაგათთ** ზმნს. ხანდახან
nageral,ნაგერალ,j j,J,GE,n,,nagerleⁿ,ნაგერალი,self-sown,самосайка,**ნაგერალ** *ჲ ჲ* (ნაგერლეჼ) ნაგერალი
nagolar,ნაგოლარ,j j,,,,,,,,,**ნაგოლარ** *ჲ ჲ* ნაგვალევი; გვალვა
nadujblar,ნადუჲბლარ,j d,F,GE,n,,,ნადობილარი,former adopted sister,названная сестрой,**ნადუჲბლარ** *ჲ დ* ნადობილარი
nav,ნავ,j j,J,GE,n,,navi; naveⁿ,ნავი,"boat, ship",лодка,**ნავ** *ჲ ჲ* (ნავი; ნავეჼ) ნავი
navenqar,ნავენჴარ,j j,J,GE,n,,,ნავენახარი,former vineyard,"место, где раньше был виноградник",**ნავენჴარ** *ჲ ჲ* ნავენახარი
navt,ნავთ,j,J,GE,n,,navteⁿ,ნავთი,"kerosene, mineral oil","керосин, нефть",**ნავთ** *ჲ* (ნავთეჼ) ნავთი
navs,ნავს,,,GE,n,,,ნავსი; ცუღლუტი,"jinx, bad omen; lyer, rogue","способный сглазить, проказник",**ნავს** ნავსი; ცუღლუტი
navseⁿ,ნავსეჼ,,,,,,,,,,**ნავსეჼ** ნავსიანი
nazuk,ნაზუქ,j j,J,GE,n,,nazuki; nazukeⁿ,ნაზუქი,pastry soaked in milk,сдобный хлеб,**ნაზუქ** *ჲ ჲ* (ნაზუქი; ნაზუქეჼ) ნაზუქი
natlob,ნათლობ,d d,D,GE,n,,natlobi; natlobeⁿ,ნათლობა,baptism,крестины,**ნათლობ** *დ დ* (ნათლობი; ნათლობეჼ) ნათლობა
natlul,ნათლულ,v b; j d,M/F,GE,n,,,ნათლული,godchild,"крестник, крестница",**ნათლულ** *ვ ბ; ჲ დ* ნათლული
najdrebad-d-ar,ნაჲდრებად-დ-არ,,,GE,vt,,"inadirebs, anadirebs","ნადირობა (ინადირებს, ანადირებს)","hunt, go hunting; send out hunting","охотиться, заставить охотиться","**ნაჲდრებად-დ-არ** გრდმ. ნადირობა (ინადირებს, ანადირებს)"
najtlded,ნაჲთლდედ,j d,F,GE,n,,,ნათლიდედა,godmother,кума,**ნაჲთლდედ** *ჲ დ* ნათლიდედა
najtlmam,ნაჲთლმამ,v b,M,GE,n,,,ნათლიმამა,godfather,кум,**ნაჲთლმამ** *ვ ბ* ნათლიმამა
"najmseⁿ, namujseⁿ","ნაჲმსეჼ, ნამუჲსეჼ",,,,,,,,,,"**ნაჲმსეჼ, ნამუჲსეჼ** ნამუსიანი"
najcʼlebad-d-ar,ნაჲწლებად-დ-არ,,,GE,vt,,anacʼilebs,განაწილება (ანაწილებს),"assign, alot",делить,**ნაჲწლებად-დ-არ** გრდმ. განაწილება (ანაწილებს)
nakʼ,ნაკ,,,GE,a,,,"ნაკი, ნაკიანი","intercalary, leap (year)",высокосный,"**ნაკ** ნაკი, ნაკიანი"
nakʼap,ნაკაფ,j j,J,GE,n,,,ნაკაფი,"cut branches, clearing, felled trees","вырубленные ветви, вырубка, обрубки",**ნაკაფ** *ჲ ჲ* ნაკაფი
nakʼvet,ნაკვეთ,j j,J,GE,n,,nakʼveti; nakʼveteⁿ,ნაკვეთი,"plot of land, patch of land",участок земли,**ნაკვეთ** *ჲ ჲ* (ნაკვეთი; ნაკვეთეჼ) ნაკვეთი
"nakʼverčxel, nakʼverčxal","ნაკვერჩხელ, ნაკვერჩხალ",j j,,,,,nakʼverčxli; nakʼverčxleⁿ,,,,"**ნაკვერჩხელ, ნაკვერჩხალ** *ჲ ჲ* (ნაკვერჩხლი; ნაკვერჩხლეჼ) ნაკვერჩხალი"
nakʼma[j]zreⁿ,ნაკმა[ჲ]ზრეჼ,,,,,,,,,,**ნაკმა[ჲ]ზრეჼ** ნაკმაზიანი
nakʼmaz,ნაკმაზ,j,J,GE,n,,,"ნაკმაზი, ნაკაზმი","chaff, bran",остаток от очищенной пшеницы,"**ნაკმაზ** *ჲ* ნაკმაზი, ნაკაზმი"
nal,ნალ,d d,D,GE,n,,nali; naleⁿ,ნალი,horseshoe,подкова,**ნალ** *დ დ* (ნალი; ნალეჼ) ნალი
nalband,ნალბანდ,v b,M,GE,n,,,ნალბანდი,blacksmith,кузнец (подковывающий лошадей...),**ნალბანდ** *ვ ბ* ნალბანდი
nal-lusmar,ნალ-ლუსმარ,d d,,,,,,,,,**ნალ-ლუსმარ** *დ დ* ნალ-ლურსმანი
"namgal, mangal","ნამგალ, მანგალ",b d,,,,,namgleⁿ,,,,"**ნამგალ, მანგალ** *ბ დ* (ნამგლეჼ) ნამგალი"
namegobral,ნამეგობრალ,v b; j d,M/F,GE,n,,,ნამეგობრალი,former friend,бывший друг,**ნამეგობრალ** *ვ ბ; ჲ დ* ნამეგობრალი
namus,ნამუს,j,J,GE,n,,najmseⁿ,ნამუსი,"honour, conscience",совесть,**ნამუს** *ჲ* (ნაჲმსეჼ) ნამუსი
namucʼkʼar,ნამუწკარ,d,D,GE,n,,,ნამუწუკარი,"pockmark, scar from pimple","место, где сидел прыш",**ნამუწკარ** *დ* ნამუწუკარი
namujral,ნამუჲრალ,j j,J,,n,,namujrleⁿ,მორევი,whirlpool,водоворот,**ნამუჲრალ** *ჲ ჲ* (ნამუჲრლეჼ) მორევი
namqʼeⁿ,ნამყეჼ,j j,J,GE,n,,namqʼeni; namqʼneⁿ,ნამყენი,"grafted plant, budded plant","привитый, привитое дерево",**ნამყეჼ** *ჲ ჲ* (ნამყენი; ნამყნეჼ) ნამყენი
namǯ,ნამჯ,j j,J,GE,n,,,ნამჯა,"stubble, halm, straw","солома, жниво",**ნამჯ** *ჲ ჲ* ნამჯა
naⁿ,ნაჼ,j d,,,,,nani; naneⁿ ,,,,**ნაჼ**  *ჲ დ* (ნანი; ნანეჼ ) დედა
nanaqʼbistʼar,ნანაყბისტარ,v b; j d; d d,M/F,,n,,,ნაამხანაგარი,"former friend, former (school-/work-)mate",бывший товарищ,**ნანაყბისტარ** *ვ ბ; ჲ დ; დ დ* ნაამხანაგარი
nanax d-adar,ნანახ დ-ადარ,,,,,,ipicebs,,,,**ნანახ დ-ადარ** გრდმ. დედის დაფიცება (იფიცებს) **(ექსპ.)**
nanbadar,ნანბადარ,,,,,,"nanobs, inanebs",,,,"**ნანბადარ** გრდმ. დანანება (ნანობს, ინანებს)"
nan-dad,ნან-დად,d,,,,,,,,,"**ნან-დად** *დ* დედ-მამა, მშობლები"
nanešŏ,ნანეშო̆,j d,,,,,nanjažar; nanjašeⁿ,,,,**ნანეშო̆** *ჲ დ* (ნანჲაჟარ; ნანჲაშეჼ) დეიდა
nanvašŏ,ნანვაშო̆,v b,,,,,nanvažar; nanvašeⁿ,,,,"**ნანვაშო̆** *ვ ბ* (ნანვაჟარ; ნანვაშეჼ) დედის ძმა, ბიძა"
nantʼarkʼ,ნანტარკ,b j,,,,,nantʼarkʼi; nantʼarkʼeⁿ,,,,**ნანტარკ** *ბ ჲ* (ნანტარკი; ნანტარკეჼ) ცერი (დედა თითი)
nancʼiⁿčujx,ნანწიჼჩუჲხ,,,,,,alir.,,,,**ნანწიჼჩუჲხ** უდედოდ დარჩენილი ბატკანი *(ალირ.)*
nanxe,ნანხე,,,,,,šipn.,,,,**ნანხე** დედაბოძი *(შიფნ.)*
naočʼ,ნაოჭ,j j,J,GE,n,,navčʼi; navčʼeⁿ,ნაოჭი,"pleat, fold",сборы (платья),**ნაოჭ** *ჲ ჲ* (ნავჭი; ნავჭეჼ) ნაოჭი
nažtʼar,ნაჟტარ,j j,J,,n,,nažtʼri; nažtʼreⁿ,"ბინა (ადამიანისა, საქონლისა)","shelter, lodging, hut","жилише, квартира, кутан (для скота)","**ნაჟტარ** *ჲ ჲ* (ნაჟტრი; ნაჟტრეჼ) ბინა (ადამიანისა, საქონლისა)"
nažtʼar ħabjar,ნაჟტარ ჰ’აბჲარ,,,,,,,,,,"**ნაჟტარ ჰ’აბჲარ** გრდმ. ბინის დაძვრა, გადატანა, აყრა, აბანაკება"
nažtʼrecʼiⁿ,ნაჟტრეწიჼ,,,,,,,,,,"**ნაჟტრეწიჼ**  უბინაო, უბინაოდ"
nažur,ნაჟურ,j j,J,GE,n,,,ნაჟური,seepage,"просачивающаяся из земли, скалы вода",**ნაჟურ** *ჲ ჲ* ნაჟური
nažğal,ნაჟღალ,,,,,,alir.,,,,"**ნაჟღალ** ზალა, წალა, ჟუჟღი *(ალირ.)*"
nariqʼal,ნარიყალ,j j,J,GE,n,,nariqʼleⁿ,ნარიყი,jetsam,нанос реки,**ნარიყალ** *ჲ ჲ* (ნარიყლეჼ) ნარიყი
narʒlev,ნარძლევ,j d,F,GE,n,,narʒlevi; narʒleveⁿ,ნარძლევი,"former daugher-in-law, former sister-in-law",бывшая невестка,**ნარძლევ** *ჲ დ* (ნარძლევი; ნარძლევეჼ) ნარძლევი
"nasajrĭ, naser","ნასაჲრი̆, ნასერ",,,,,,,,,,"**ნასაჲრი̆, ნასერ** მრ. იხ. ნუს"
nasoplar,ნასოფლარ,,J,GE,n,,nasoplari,ნასოფლარი,"ruined village, deserted village","место, где раньше была деревня",**ნასოფლარ** ჲ ჲ (ნასოფლარი) ნასოფლარი
nastʼ,ნასტ,,,,adv,,,"ძლივს, ძნელად",with difficulty,"еле-еле, с трудом, насилу","**ნასტ** ზმნს. ძლივს, ძნელად"
"nastʼakʼ, nastʼgeɁ","ნასტაკ, ნასტგეჸ",,,,,,,,,,"**ნასტაკ, ნასტგეჸ** ზმნს. ძლივსღა, ძნელადღა"
nasupral,ნასუფრალ,d d,D,GE,n,,nasuprali; nasupraleⁿ,ნასუფრალი,leftovers,остатки (еды),**ნასუფრალ** *დ დ* (ნასუფრალი; ნასუფრალეჼ)ნასუფრალი
natʼlaš,ნატლაშ,j,J,,n,,,ნავალი (უხეში რამისა),"rough path, track, trail",след (грубый),**ნატლაშ** *ჲ* ნავალი (უხეში რამის)
natʼrod-d-alar,ნატროდ-დ-ალარ,,,GE,vi,,"natʼrulobs, enatʼreba","ნატვრა (ნატრულობს, ენატრება)","yearn for, long for, miss",сильно желать,"**ნატროდ-დ-ალარ** გრდუვ. ნატვრა (ნატრულობს, ენატრება)"
natʼrod-d-ar,ნატროდ-დ-არ,,,GE,vt,,"natʼrobs, inatʼrebs","ნატვრა (ნატრობს, ინატრებს)","yearn for, long for, miss","мечтать, желать","**ნატროდ-დ-არ** გრდმ. ნატვრა (ნატრობს, ინატრებს)"
natʼtʼiš,ნატტიშ,,,,n,,,,,,**ნატტიშ** მრ. იხ. ნიტტ
natʼtʼriⁿ naⁿ,ნატტრიჼ ნაჼ,j j,,,,,,,,,"**ნატტრიჼ ნაჼ** *ჲ ჲ* ჭინჭრის დედა, შავბალახა"
natʼusar,ნატუსარ,j,J,GE,n,,,ნატუსარი,"cinder, scorching",гарь,**ნატუსარ** *ჲ* ნატუსალი
natʼqʼajreⁿ,ნატყაჲრეჼ,,,,,,,,,,"**ნატყაჲრეჼ** 1. ჩირქიანი, წირპლიანი 2. ცრემლ[ებ]იანი; იხ. ნოტყ"
natʼqʼajrĭ,ნატყაჲრი̆,j,,,,,,,,,"**ნატყაჲრი̆** *ჲ* ცრემლები; **ნატყრაჼ ცორნი** ცრემლების წვეთები, ცრემლი; იხ. ნოტყ"
naplet,ნაფლეთ,j j,J,GE,n,,napleti; napleteⁿ,ნაფლეთი,"scrap, shred",обрывок,**ნაფლეთ** *ჲ ჲ* (ნაფლეთი; ნაფლეთეჼ) ნაფლეთი
napotʼ,ნაფოტ,b d,B,GE,n,,najptʼi; najptʼeⁿ,ნაფოტი,"splinter, chip",щепка,**ნაფოტ** *ბ დ* (ნაჲფტი; ნაჲფტეჼ)ნაფოტი
napsor,ნაფსორ,j j,J,,n,,napsri; napsreⁿ,"საძირკველი, ფუძე, საფუძველი","foundations, base, basis","фундамент, основа","**ნაფსორ** *ჲ ჲ* (ნაფსრი; ნაფსრეჼ) საძირკველი, ფუძე, საფუძველი"
naptʼaɁŏ,ნაფტაჸო̆,b d,B,GE,n,,naptʼaɁuj; naptʼaɁujⁿ,ნაფოტა,roach,плотва (рыба),**ნაფტაჸო̆** *ბ დ* (ნაფტაჸუჲ; ნაფტაჸუჲჼ) ნაფოტი
"naptʼeğ d-axar, naptʼeğ d-aqar","ნაფტეღ დ-ახარ, ნაფტეღ დ-აჴარ",,,,,,napotʼad akcevs,,,,"**ნაფტეღ დ-ახარ, ნაფტეღ დ-აჴარ** *გრდმ.* ნაფოტად ქცევა (ნაფოტად აქცევს) დანაფოტება"
napuʒar,ნაფუძარ,j j,J,GE,n,,napuʒri; napuʒreⁿ,ნასახლარი,ruined house,"место, где была усадьба, жилье, постройка",**ნაფუძარ** *ჲ ჲ* (ნაფუძრი; ნაფუძრეჼ) ნასახლარი
napxekʼ,ნაფხეკ,j j,J,GE,n,,,ნაფხეკი,scraping,поскребки,**ნაფხეკ** *ჲ ჲ* ნაფხეკი
nakalkar,ნაქალქარ,j j,,,,,nakalkri; nakalakreⁿ,,,,"**ნაქალქარ** *ჲ ჲ* (ნაქალქრი; ნაქალაქრეჼ) ნაქალაქევი, ნაქალაქარი"
nakar,ნაქარ,j j,J,,n,,,ზვავი; ზვავის თოვლი,avalanche,"лавина, снежный обвал","**ნაქარ** *ჲ ჲ* ზვავი, ზვავის თოვლი"
nağd,ნაღდ,,,GE,a,,,ნაღდი,(in) cash,наличный,**ნაღდ** ნაღდი
nağeb,ნაღებ,j j,J,GE,n,,,ნაღები,cream,сливки,"**ნაღებ** *ჲ ჲ* ნაღები **ნაღებ თაჴარ, ნაღებ თეჴარ** გრდმ. ნაღების მოხდა (ნაღებს [მო]ხდის)"
"nağvel, navğel","ნაღველ, ნავღელ",j j,,,,,nağvleⁿ,,,,"**ნაღველ, ნავღელ** *ჲ ჲ* (ნაღვლეჼ) ნაღველი"
"nağvlejšĭ, navğlejšĭ","ნაღვლეჲში̆, ნავღლეჲში̆",,,,,,,,,,"**ნაღვლეჲში̆, ნავღლეჲში̆** ნაღვლიანად"
naqʼ ħačʼ-d-ar,ნაყ ჰ’აჭ-დ-არ,,,,,,miagebebs,,,,**ნაყ ჰ’აჭ-დ-არ** *გრდმ. მიგებება (მიაგებებს)*
naqʼbistʼ,ნაყბისტ,v b; j d; d d,M/F,,n,,naqʼbistʼi; naqʼbistʼeⁿ,ამხანაგი,"friend, comrade",товарищ,**ნაყბისტ** *ვ ბ; ჲ დ; დ დ* (ნაყბისტი; ნაყბისტეჼ) ამხანაგი
naqʼbistʼlob,ნაყბისტლობ,j,,,,,,,,,**ნაყბისტლობ** *ჲ* ამხანაგობა
"naqʼv ottar, naqʼv ettar","ნაყვ ოთთარ, ნაყვ ეთთარ",,,,,,,,,,"**ნაყვ ოთთარ, ნაყვ ეთთარ** *გრდუვ. გზაზე დადგომა, გამგზავრება*"
naqʼiš,ნაყიშ,,,,n,,,,,,**ნაყიშ** მრ. იხ. ნიყ
naqʼmak lattar,ნაყმაქ ლათთარ,,,,,,,,,,"**ნაყმაქ ლათთარ** გრდუვ. გზაზე დგომა, მგზავრობა"
naqʼop,ნაყოფ,j j,J,GE,n,,naqʼopi; naqʼopeⁿ,ნაყოფი,fruit,плод,**ნაყოფ** *ჲ ჲ* (ნაყოფი; ნაყოფეჼ) ნაყოფი
naqʼr,ნაყრ,j,J,GE,n,,naqʼreⁿ,ნაყრი,"bite to eat, mouthful, snack","немного закуски, еды",**ნაყრ** *ჲ* (ნაყრეჼ) ლუკმა
naqʼur,ნაყურ,,,,,,šipn.,,,,**ნაყურ** გზისპირი *(შიფნ.)*
načx,ნაჩხ,j j,J,,n,,načx[n]oⁿ,"ყველი, ყველის კვერი",cheese,"сыр, круг сыра","**ნაჩხ** *ჲ ჲ* (ნაჩხ[ნ]ოჼ) ყველი, ყველის კვერი"
načxatʼ,ნაჩხატ,j j,J,,n,,,შამბი,reed,бурьян,**ნაჩხატ** *ჲ ჲ* შამბი
načxoⁿ geps,ნაჩხოჼ გეფს,b,,,,,,,,,**ნაჩხოჼ გეფს** *ბ* ყველიერი
nacartʼutʼ,ნაცარტუტ,j,J,GE,n,,,ნაცარტუტა,lye,зольный щелок,**ნაცარტუტ** *ჲ* ნაცარტუტა
nacil,ნაცილ,j j,J,GE,n,,,ხიფათი,"misfortune, accident","неприятный случай, беда",**ნაცილ** *ჲ ჲ* ხიფათი
naʒv,ნაძვ,d d,D,GE,n,,,ნაძვი,spruce,ель,**ნაძვ** *დ დ* ნაძვი **ნაძვეჼ ხეჼ** *- ნაძვის ხე*
nacʼretʼ,ნაწრეტ,j j,J,GE,n,,,ნაწრეტი,"squeezed, seeping fluid","просочившаяся жидкость, вода",**ნაწრეტ** *ჲ ჲ* ნაწრეტი
načʼučʼ,ნაჭუჭ,j j,J,GE,n,,načʼučʼi; načʼučʼeⁿ,ნაჭუჭი,shell,скорлупа,**ნაჭუჭ** *ჲ ჲ* (ნაჭუჭი; ნაჭუჭეჼ) ნაჭუჭი
nax,ნახ,d,D,,n,,naxiⁿ,ხალხი,people,народ,**ნახ** *დ* (ნახიჼ) 1. ხალხი 2. ბ მრ. კაცები იხ. ვასერ
naxerx,ნახერხ,j j,J,GE,n,,naxerxeⁿ,დახერხილი (ხე); ნახერხი,sawn timber; sawdust,распиленный; опилки,**ნახერხ** *ჲ ჲ* (ნახერხეჼ) 1. დახერხილი (ხე)2. ნახერხი
naxtujxrikʼ,ნახთუჲხრიკ,d d,D,,n,,naxtujxrikʼi; naxtujxrikʼeⁿ,"ბოლოქანქარა, წყალ-წყალა (ფრინვ.)",white wagtail,трясогузка,"**ნახთუჲხრიკ** *დ დ* (ნახთუჲხრიკი; ნახთუჲხრიკეჼ) ბოლოქანქარა, წყალ-წყალა (ფრინვ.)"
naxir,ნახირ,j j,J,GE,n,,najxreⁿ,ნახირი,herd,стадо крупного рогатого скота,**ნახირ** *ჲ ჲ* (ნაჲხრეჼ) ნახირი
naxiⁿ,ნახიჼ,,,,a,,cudisa,"სხვისი, უცხო","unknown, another's, foreign",чужой,"**ნახიჼ** სხვისი, უცხო; **ნახახ ჲაჲწრიკ** მეძავი ქალი; **ნახახ ვაჲწრიკ** - გარყვნილი კაცი **ნახახ ლეჲვრიკ, ნახახ ლივრიკ** ხალხზე მოლაპარაკე (ცუდისა), მძრახველი, მძაგებელი; **ნახახ დ-აწარ** გრდმ. გარყვნილება (ხალხის დევნა, მიყოლა)"
naǯaq,ნაჯაჴ,j j,J,GE,n,,,ნაჯახი,hatchet,"маленький топор, топорик",**ნაჯაჴ** *ჲ ჲ* ნაჯახი იხ. დიკ
naǯib,ნაჯიბ,b j,Bj,GE,n,,neǯbi; najǯbeⁿ,ნაბიჯი,step,шаг,**ნაჯიბ** *ბ ჲ* (ნეჯბი; ნაჲჯბეჼ) ნაბიჯი
naq,ნაჴ,b d,B,,n,,naqeⁿ,"ხახა, სასა","back of throat, palate","глотка, гортань","**ნაჴ** *ბ დ* (ნაჴეჼ) ხახა, სასა"
ne,ნე,,,,conj,,,,and,,"**ნე** კავშ. იგივეა, რაც ე"
neb,ნებ,j j,J,GE,n,,,ნება,"permission, right","воля, право, свобода",**ნებ** *ჲ ჲ* ნება
nezv,ნეზვ,d d,D,GE,n,,nezvi; nezveⁿ,ნეზვი,breeding sow,свинья (самка),**ნეზვ** *დ დ* (ნეზვი; ნეზვეჼ) ნეზვი
netx-d-ar,ნეთხ-დ-არ,,,,,,,,,,"**ნეთხ-დ-არ** გრდმ. გათხელება, გაბრტყელება"
netxiⁿ,ნეთხიჼ,,,,a,,,თხელი,"thin, sparse, scarce","тонкий жидкий, редкий (плод на дереве), мелкий (о воде)",**ნეთხიჼ**  თხელი
netxiš,ნეთხიშ,,,,,,,,,,"**ნეთხიშ** ზმნს. თხლად, მეჩხერად"
nekʼ,ნეკ,,D,,n,,nekʼi; nekʼeⁿ,დანა,knife,нож,**ნეკ** დ დ (ნეკი; ნეკეჼ) დანა
nekʼer,ნეკერ,,J,GE,n,,,ნეკერი,"new growth, sprouting, sprout","молодые побеги, веточки",**ნეკერ** ჲ ჲ ნეკერი
nelbad-d-ar,ნელბად-დ-არ,,,GE,vt,,inelebs,მონელება (ინელებს),"digest, stomach",переваривать,**ნელბად-დ-არ** გრდმ. მონელება (ინელებს)
nerg,ნერგ,j j,J,GE,n,,nergi; nergeⁿ,ნერგი,sapling,"саженец, рассада",**ნერგ** *ჲ ჲ* (ნერგი; ნერგეჼ) ნერგი
nesv,ნესვ,j j,J,GE,n,,nesuj; nesveⁿ,ნესვი,melon,дыня,**ნესვ** *ჲ ჲ* (ნესუჲ; ნესვეჼ)ნესვი
nepĕ,ნეფე̆,,M,GE,n,,nepi; nepeⁿ,"მეფე; მეფე, ნეფე (ქორწილში)",king; (bride)groom,"царь, король; жених","**ნეფე̆** ვ ბ (ნეფი; ნეფეჼ)1. მეფე 2. მეფე, ნეფე (ქორწილში)"
niav,ნიავ,b d,B,GE,n,,niaveⁿ,ნიავი,breeze,ветерок,**ნიავ** *ბ დ* (ნიავეჼ) ნიავი
nidag,ნიდაგ,,,,,,kadagiʒ.,,,,**ნიდაგ** დიახაც *(ქადაგიძ.)*
nivbad-d-ar,ნივბად-დ-არ,,,GE,vt,,,განიავება,"winnow, air","провеивать (злаки), проветривать (воздух), растрачивать",**ნივბად-დ-არ** გრდმ. განიავება
nivt,ნივთ,j j,J,GE,n,,nivteⁿ,ნივთი,thing,вещь,**ნივთ** *ჲ ჲ* (ნივთეჼ) ნივთი
nimuš,ნიმუშ,j j,J,GE,n,,nim[u]ši; nimšeⁿ,ნიმუში,"pattern, template, model, sample, specimen","образчик, образец, модель",**ნიმუშ** *ჲ ჲ* (ნიმ[უ]ში; ნიმშეჼ) ნიმუში
nitʼtʼ,ნიტტ,b d,B,,n,,natʼtʼaer/natʼtʼer; natʼtʼriⁿ,ჭინჭარი,nettle,крапива,**ნიტტ** *ბ დ* (ნატტაერ/ნატტერ; ნატტრიჼ) ჭინჭარი
nips,ნიფს,,,,adv,,,სწორად,"straight, directly","ровно, правильно",**ნიფს** ზმნს. სწორად
nips-d-ar,ნიფს-დ-არ,,,,,,sakmisa,,,,"**ნიფს-დ-არ** გრდმ. გასწორება, გათანასწორება, გატოლება, მოგვარება (საქმისა)"
nips-d-itar,ნიფს-დ-ითარ,,,,,,,,,,**ნიფს-დ-ითარ** გრდმ. გასწორებინება
nipsiⁿ,ნიფსიჼ,,,,a,,,"სწორი, მართალი","straight, right","прямой, ровный, точный, правильный, честный","**ნიფსიჼ**  სწორი, მართალი"
nipsor,ნიფსორ,,,,,,"asakʼit, simağlit",,,,"**ნიფსორ** ტოლი, თანასწორი (ასაკით, სიმაღლით)"
nipsrin tʼarkʼ,ნიფსრინ ტარკ,,,,,,ekspʼ.,,,,"**ნიფსრინ ტარკ** საჩვენებელი თითი *(ექსპ.),* **ჰ’ეჭბოინ ტარკ** *(შიფნ.)*"
nipsrol,ნიფსროლ,j,,,,,,,,,**ნიფსროლ** *ჲ* ტოლობა
nipsxol,ნიფსხოლ,j j,,,,,,,,,"**ნიფსხოლ** *ჲ ჲ* სისწორე, სიმართლე, ჭეშმარიტება, პატიოსნება"
niqʼ,ნიყ,b d,B,,n,,naqʼiš; naqʼiⁿ,გზა,road,"дорога, путь","**ნიყ** *ბ დ* (ნაყიშ; ნაყიჼ) გზა **ნაყა[ჰ’]** ზმნს. გზაზე; **ნაყვ** ზმნს. გზით, გზაზე; **ნაყ** *ზმნს.* გზაზე *(ცალკე არ იხმარება);* **ნაყრეჼ-ნაყ** ზმნს. გზადაგზა 2. რთული ფუძის ან შესიტყვების შემადგენელი ნაწილი; **ნაყ დ-ახარ** გრდმ. მიგებება, გზაზე გამოსვლა დასახვედრად ნაყ"
niqʼ baxujnĭ,ნიყ ბახუჲნი̆,,,,,,,,,,"**ნიყ ბახუჲნი̆** *მიმღ.* 1) გზის გამყვანი 2) გამყოლი, გზის გამკვალავი"
"niqʼ baqar, niqʼ baxar","ნიყ ბაჴარ, ნიყ ბახარ",,,,,,,,,,"**ნიყ ბაჴარ, ნიყ ბახარ** *გრდმ. გზის გაჭრა, გზის გაკვალვა*"
"niqʼ baqmakʼar, niqʼ baxmakʼar","ნიყ ბაჴმაკარ, ნიყ ბახმაკარ",,,,,,,,,,"**ნიყ ბაჴმაკარ, ნიყ ბახმაკარ** *გრდუვ. გზის გაკვალვის შეძლება*"
niqʼ baqcʼiⁿ,ნიყ ბაჴწიჼ,,,,,,,,,,**ნიყ ბაჴწიჼ** გზაგაუკვლეველი
"niqʼ bexkʼar, niqʼ axkʼar","ნიყ ბეხკარ, ნიყ ახკარ",,,,,,,,,,"**ნიყ ბეხკარ, ნიყ ახკარ** გრდმ. გზის [შე]კვრა"
niqʼ lacar,ნიყ ლაცარ,,,,,,,,,,**ნიყ ლაცარ** *გრდმ.* გზის დაჭერა
niqʼbališ,ნიყბალიშ,,,,,,,,,,"**ნიყბალიშ** გონიერი, საზრანი, გზიანი"
nicʼqʼ,ნიწყ,b,B,,n,,,"ძალა, ღონე, ჯანი","power, strength, force","сила, мощь","**ნიწყ** *ბ* 1. ძალა, ღონე, ჯანი 2. რთული ფუძის ან შესიტყვების შემადგენელი ნაწილი"
"nicʼqʼ baaɬar, nicʼqʼ teɬar","ნიწყ ბაალ’არ, ნიწყ თელ’არ",,,,,,"ʒalas miscems, aʒlevs",,,,"**ნიწყ ბაალ’არ, ნიწყ თელ’არ** გრდმ. ძალის მიცემა (ძალას მისცემს, აძლევს) **ნიწყ ბალ’ბალარ, ნიწყ თელ’ბალარ** გრდუვ. ძალის მიცემა (ძალა მიეცემა, ეძლევა) **ნიწყ ლატარ, ნიწყ ლეტარ** გრდუვ. ძალის მომატება (ძალა [მო]ემატება), გაღონივრება"
nicʼqʼ bavbar,ნიწყ ბავბარ,,,,,,,,,,"**ნიწყ ბავბარ** გრდმ. ძალის დაკარგვა, გამოფიტვა, დაუძლურება"
"nicʼqʼ ħačʼar, ħečʼar","ნიწყ ჰ’აჭარ, ჰ’ეჭარ",,,,,,"ʒala, ǯapa daadgeba, adgia",,,,"**ნიწყ ჰ’აჭარ, ჰ’ეჭარ** *გრდუვ.* ძალის, ჯაფის დადგომა (ძალა, ჯაფა დაადგება, ადგია)"
nicʼqʼar-d-ar,ნიწყარ-დ-არ,,,,,,[ga]ağonivrebs,,,,**ნიწყარ-დ-არ** გრდმ. 1. გაღონივრება ([გა]აღონივრებს) 2. გაძნელება
nicʼqʼbar,ნიწყბარ,,,,,,ʒalas [da]atʼans,,,,"**ნიწყბარ** გრდმ. ძალის დატანება (ძალას [და]ატანს), ძალის ხმარება, მოძალეობა, ძალადობა"
nicʼqʼliⁿ,ნიწყლიჼ,,,,,,,,,,"**ნიწყლიჼ** 1. ძალიანი, ღონიერი, ჯანიანი, ძალოვანი"
nicʼqʼlišĭ,ნიწყლიში̆,,,,,,,,,,"**ნიწყლიში̆** ზმნს. ძლიერად, ღონივრად, ძალიან"
nicʼqʼ-maqʼle,ნიწყ-მაყლე,,,,,,,,,,**ნიწყ-მაყლე** ზმნს. ძლივ-ძლივობით; ძალაუნებურად
nicʼqʼol,ნიწყოლ,j j,,,,,,,,,**ნიწყოლ** *ჲ ჲ* 1. სიმძლავრე 2. ძალდატანება
nicʼqʼoɁ,ნიწყოჸ,,,,,,,,,,"**ნიწყოჸ** ზმნს. 1. ძალად, ძალით 2. განგებ"
nicʼqʼxitʼenŏ,ნიწყხიტენო̆,,,,,,,,,,"**ნიწყხიტენო̆** მიმღ. ძალაგაწყვეტილი, ძალაგამოლეული, ქანცგამოლეული"
ničʼ,ნიჭ,j j,J,GE,n,,ničʼeⁿ,ნიჭი,"gift, talent","способность, дарование, дар",**ნიჭ** *ჲ ჲ* (ნიჭეჼ) ნიჭი
ničʼijer,ნიჭიჲერ,,,,,,,,,,**ნიჭიჲერ** ნიჭიერი
nixr,ნიხრ,j j,J,GE,n,,nixreⁿ,ნიხრი,tarrif,такса,**ნიხრ** *ჲ ჲ* (ნიხრეჼ) ნიხრი
notʼqʼ,ნოტყ,j,J,,n,,natʼqʼraⁿ,"ჩირქი, წირპლი","pus, filth, rheum",гной,"**ნოტყ** *ჲ* (ნატყრაჼ) ჩირქი, წირპლი"
"notʼqʼ jaqar, notʼqʼ jaxar","ნოტყ ჲაჴარ, ნოტყ ჲახარ",,,,,,,,,,"**ნოტყ ჲაჴარ, ნოტყ ჲახარ** გრდმ. ჩირქის გამორწყვა (ჩირქს [გამო]ურწყავს **ნოტყ ჲარ** გრდმ. დაჩირქება"
nokar,ნოქარ,v b ; j d; d d,M/F,GE,n,,nokri; nokreⁿ,ნოქარი,shop worker,продавец,**ნოქარ** *ვ ბ ; ჲ დ; დ დ* (ნოქრი; ნოქრეჼ) ნოქარი
noği,ნოღი,j,,,,,noğeⁿ,,,,**ნოღი** *ჲ* (ნოღეჼ) *მრ.* ღრძილები *(ექსპ. ბერთლ. და სხვ.)*
nugeš,ნუგეშ,j,J,GE,n,,nugšeⁿ,ნუგეში,"consolation, comfort",утешение,**ნუგეშ** *ჲ* (ნუგშეჼ) ნუგეში; **ნუგეშ ჲალ’არ** გრდმ. ნუგეშის მიცემა (ანუგეშებს)
nugzur,ნუგზურ,d d,D,GE,n,,nugzri; nugzreⁿ,მუგუზალი,burning log,головня,**ნუგზურ** *დ დ* (ნუგზრი; ნუგზრეჼ) მუგუზალი
nus,ნუს,j d,F,,n,,"nasajrĭ, naser; nasiⁿ",რძალი,sister-in-law; daughter-in-law,невестка,"**ნუს** *ჲ დ* (ნასაჲრი̆, ნასერ; ნასიჼ) რძალი"
nuslob,ნუსლობ,d,,,,,,,,,**ნუსლობ** *დ* რძლობა
nusx,ნუსხ,j j,J,GE,n,,nusxi; nusxeⁿ,ნუსხა,"list, register, roster","список, реестр",**ნუსხ** *ჲ ჲ* (ნუსხი; ნუსხეჼ) ნუსხა
nuš,ნუშ,j j,J,GE,n,,nušeⁿ,ნუში,almond,мидаль,**ნუშ** *ჲ ჲ* (ნუშეჼ) ნუში
"nʕain-d-ar, nʕen-d-ar","ნჵაინ-დ-არ, ნჵენ-დ-არ",,,,,,[ga]ağebs,,,,"**ნჵაინ-დ-არ, ნჵენ-დ-არ** გრდმ. გაღება ([გა]აღებს)"
nʕaⁿ,ნჵაჼ,b d,,,,,nʕani; nʕaneⁿ,,,,"**ნჵაჼ** *ბ დ* (ნჵანი; ნჵანეჼ) ჭია, მატლი"
"nʕanen, nʕnereⁿ","ნჵანენ, ნჵნერეჼ",,,,,,,,,,"**ნჵანენ, ნჵნერეჼ** ჭიანი, მატლიანი"
"nʕapʼ [ʕ]itʼar, nʕapʼ iatʼjar","ნჵაპ [ჵ]იტარ, ნჵაპ იატჲარ",,,,,,ʒili [ga]uprtxeba,,,,"**ნჵაპ [ჵ]იტარ, ნჵაპ იატჲარ** გრდუვ. ძილის გაფრთხობა (ძილი [გა]უფრთხება)"
nʕapʼ [ʕ]itʼjar,ნჵაპ [ჵ]იტჲარ,,,,,,ʒils gauprtxobs,,,,**ნჵაპ [ჵ]იტჲარ** გრდმ. ძილის გაფრთხობა (ძილს გაუფრთხობს)
nʕapʼ letar,ნჵაპ ლეთარ,,,,,,ʒili ekʼideba,,,,**ნჵაპ ლეთარ** გრდუვ. ძილის მოკიდება (ძილი ეკიდება)
nʕapʼ,ნჵაპ,j,J,,n,,,ძილი,sleep,сон,**ნჵაპ** *ჲ* ძილი
nʕapʼ joɁjar,ნჵაპ ჲოჸჲარ,,,,,,daiʒinebs,,,,"**ნჵაპ ჲოჸჲარ** გრდმ. ძილის მოგვრა, დაძინება (დაიძინებს)"
nʕapʼarv d-aħar,ნჵაპარვ დ-აჰ’არ,,,,,,,,,,"**ნჵაპარვ დ-აჰ’არ** გრდმ. ჩაძინება, ჩათვლემა, ძილის მორევა **ნჵაპარხ დ-უწარ** ძილით გაძღომა, გამოძინება"
nʕapʼarcʼiⁿ,ნჵაპარწიჼ,,,,,,,,,,**ნჵაპარწიჼ** უძილო
nʕapʼarcʼol,ნჵაპარწოლ,j j,,,,,,,,,**ნჵაპარწოლ** *ჲ ჲ* უძილობა
nʕapʼarx letar,ნჵაპარხ ლეთარ,,,,,,ʒils ebrʒvis,,,,**ნჵაპარხ ლეთარ** გრდუვ. ძილთა ბრძოლა (ძილს ებრძვის)
"nʕajn-d-itar, nʕen-d-itar","ნჵაჲნ-დ-ითარ, ნჵენ-დ-ითარ",,,,,,gaağebinebs,,,,"**ნჵაჲნ-დ-ითარ, ნჵენ-დ-ითარ** გრდმ. გაღებინება (გააღებინებს)"
nʕajnĭ,ნჵაჲნი̆,,,,a,,,ღია,open,"открытый, отпертый",**ნჵაჲნი̆** ღია
nʕajɁ nʕajɁ d-aɬar,ნჵაჲჸ ნჵაჲჸ დ-ალ’არ,,,,,,gascems raimes micvalebulis sulis mosaxseneblad,,,,**ნჵაჲჸ ნჵაჲჸ დ-ალ’არ** გრდმ. გაცემა (გასცემს რაიმეს მიცვალებულის სულის მოსახსენებლად)
nʕajɁ d-ekar,ნჵაჲჸ დ-ექარ,,,,,,gamoixmobs,,,,**ნჵაჲჸ დ-ექარ** გრდუვ. გარეთ გამოხმობა (გამოიხმობს)
"nʕajɁ, nʕajɁĭ","ნჵაჲჸ, ნჵაჲჸი̆",,,,,,,,,,"**ნჵაჲჸ, ნჵაჲჸი̆** ზმნისართი და ზმნისწინი, აღნიშნავს მიმართულებას შიგნიდან გარეთ იხ. ნჵაჸი[ჰ’]"
nʕajɁa,ნჵაჲჸა,j j,,,,,,,,,"**ნჵაჲჸა** *ჲ ჲ* გარე მხარე, გარეთა ადგილი, შემოგარენი"
nʕajɁreⁿ,ნჵაჲჸრეჼ,,,,,,,,,,"**ნჵაჲჸრეჼ** 1. გარედან 2. გარეთა, გარეშე, უცხო"
nʕajɁsaⁿ,ნჵაჲჸსაჼ,b d,,,,,,,,,"**ნჵაჲჸსაჼ** *ბ დ* გარეთა კარები, სახლის კარები"
nʕaɁivħ,ნჵაჸივჰ’,,,,,,sait,,,,"**ნჵაჸივჰ’** ზმნს. გარეთ, გარეთა მხარეს, გარეთკენ გარეთ ცივა. **ნჵაჲჸი̆** ზმნს. (საით) გარეთ"
nʕir,ნჵირ,j j,J,,n,,,ფაღარათი,diarrhoea,понос,**ნჵირ** *ჲ ჲ* ფაღარათი
nʕan bar,ნჵან ბარ,,,,,,gaačens matʼls,,,,**ნჵან ბარ** *გრდმ.* მატლის გაჩენა (გააჩენს მატლს)
nʕan botʼar,ნჵან ბოტარ,,,,,,matʼli moedeba,,,,**ნჵან ბოტარ** *გრდუვ.* მატლის მოდება (მატლი მოედება)
nʕajɁ gam-d-ar,ნჵაჲჸ გამ-დ-არ,,,,,,gağunavs garet,,,,**ნჵაჲჸ გამ-დ-არ** *გრმ.* გაღუნვა (გაღუნავს გარეთ)
nʕajɁ d-aaɬar,ნჵაჲჸ დ-აალ’არ,,,,,,gažonavs,,,,"**ნჵაჲჸ დ-აალ’არ** *გრდუვ. 1*) გარეთ გამოსვლა, გაჟონვა (გაჟონავს) *2)* გათხოვება (გათხოვდება)"
nʕajɁ d-atʼar,ნჵაჲჸ დ-ატარ,,,,,,gavardeba,,,,"**ნჵაჲჸ დ-ატარ** *გრდუვ.* გაქცევა, გასვლა, გავარდნა (გავარდება)"
"nʕajɁ d-aqar, nʕajɁ d-axar","ნჵაჲჸ დ-აჴარ, ნჵაჲჸ დ-ახარ",,,,,,"gamoitʼans, gamoakvs",,,,"**ნჵაჲჸ დ-აჴარ, ნჵაჲჸ დ-ახარ** *გრდმ. 1)* გამოტანა (გამოიტანს, გამოაქვს), გამოყვანა 2) გამოსვენება (გამოასვენებს)"
"nʕajɁ d-oɬar, d-eplar","ნჵაჲჸ დ-ოლ’არ, დ-ეფლარ",,,,,,[ga]ʒvreba,,,,"**ნჵაჲჸ დ-ოლ’არ, დ-ეფლარ**გრდუვ. გარეთ გაძრომა ([გა]ძვრება)"
nʕajɁ eqqar,ნჵაჲჸ ეჴჴარ,,,,,,gamoxtʼeba,,,,**ნჵაჲჸ ეჴჴარ** *გრდუვ.* გარეთ გახტომა (გამოხტება)
nʕajɁ lavar,ნჵაჲჸ ლავარ,,,,,,gamoiʒaxebs,,,,"**ნჵაჲჸ ლავარ** გრდუვ. გამოძახება (გამოიძახებს), გამოხმობა (გარეთ)"
nʕajɁ ottar,ნჵაჲჸ ოთთარ,,,,,,gamova,,,,**ნჵაჲჸ ოთთარ** გრდუვ. გარეთ გამოსვლა (გამოვა) გამოდგომა (აივანზე)
nʕajɁ ocʼ-d-ar,ნჵაჲჸ ოწ-დ-არ,,,,,,,,,,"**ნჵაჲჸ ოწ-დ-არ** გრდმ. გარეთ გამოწევა, გამოწევა"
nʕajɁ ħačʼar,ნჵაჲჸ ჰ’აჭარ,,,,,,gamoixedavs,,,,**ნჵაჲჸ ჰ’აჭარ** გრდმ. გამოხედვა (გამოიხედავს)
nʕajɁ ħaqar,ნჵაჲჸ ჰ’აჴარ,,,,,,gamogvis,,,,**ნჵაჲჸ ჰ’აჴარ** გრდმ. გამოგვა (გამოგვის)
nʕajɁ qasar,ნჵაჲჸ ჴასარ,,,,,,,,,,**ნჵაჲჸ ჴასარ** გრდმ. გამოყრა
nʕajɁ qas-d-alar,ნჵაჲჸ ჴას-დ-ალარ,,,,,,gadmovardeba,,,,"**ნჵაჲჸ ჴას-დ-ალარ** გრდუვ. გადმოვარდნა (გადმოვარდება), გარეთ გადმოცვენა"
o,ო,,,,pro dem,,,ის,"he, she, it, that","тот, он",**ო** *მითითებითი და III პირის ნაცვალსახელი სხვა ბრუნვებში ენაცვლება*
ob,ობ,d,,,,,,,,,**ობ** *დ* ფერფლი
ogur,ოგურ,d d,D,GE,n,,oŭgri; oŭgraⁿ,ოგური,cattle reared together,"маленький гурт домашних животных, привыкших вместе пастись",**ოგურ** *დ დ* (ოუ̆გრი; ოუ̆გრაჼ) ოგური *(ერთმანეთს შეჩვეული საქონელი)*
otʼ-d-alar,ოტ-დ-ალარ,,,,vi,,gaišleba,"გაშლა (გაიშლება), მოფენა","be spread out, be laid",разостлаться,"**ოტ-დ-ალარ** გრდუვ. გაშლა (გაიშლება), მოფენა; უსრ. ეტ-დ-ალარ"
"oeɁ, vojeɁ 1","ოეჸ, ვოჲეჸ 1",,,,,,,,,,"**ოეჸ, ვოჲეჸ 1**. იგივე, ისევ ის 2. ისევ"
d-ottar,დ-ოთთარ,,,,vt,,čaasxams,ჩასხმა (ჩაასხამს),pour,налить,**დ-ოთთარ** გრდმ. ჩასხმა (ჩაასხამს)*;* უსრ. დ-ეთთარ3
ottar,ოთთარ,,,,vi,,dadgeba,"დადგომა (დადგება), გაჩერება","stand, stop","стать, становиться","**ოთთარ** გრდუვ. დადგომა (დადგება), გაჩერება"
d-ott-d-alar1,დ-ოთთ-დ-ალარ1,,,,,,čaisxmeba,,,,**დ-ოთთ-დ-ალარ1** გრდუვ. ჩასხმა (ჩაისხმება); უსრ. დ-ეთთ-დ-ალარ
d-ott-d-alar2,დ-ოთთ-დ-ალარ2,,,,vi,,ağeldeba,აღელვება (აღელდება),"get rough, agitated",взволноваться,**დ-ოთთ-დ-ალარ2** გრდუვ. აღელვება (აღელდება)უსრ. დ-ეთთ-დ-ალარ
ott-d-ar,ოთთ-დ-არ,,,,vt,,dadgams,"დადგმა (დადგამს), გაჩერება; დაყენება","put, make stand, stop; lodge","поставить, настоять, остановить, нанять, сдать","**ოთთ-დ-არ** გრდმ. დადგმა (დადგამს), გაჩერება, დაყენება"
d-ottitar,დ-ოთთითარ,,,,,,,,,,"**დ-ოთთითარ** გრდმ. დასხმევინება, ჩა[მო]სხმევინება"
ojin,ოჲინ,,,,,,ojini; ojineⁿ,,,,**ოჲინ**ჲ ჲ* (ოჲინი; ოჲინეჼ) ოინი
olar,ოლარ,d d,D,GE,n,,olri; olreⁿ,ოლარი,priest's stole,эпитрахиль,**ოლარ** *დ დ* (ოლრი; ოლრეჼ) ოლარი
d-ol-d-alar,დ-ოლ-დ-ალარ,,,,vi,,daicʼqʼeba,"დაწყება (დაიწყება), შედგომა (შეუდგებს)",begin,"начаться, взяться",**დ-ოლ-დ-ალარ** გრდუვ. დაწყება (დაიწყება) შედგომა (შეუდგება)
d-ol-d-ar,დ-ოლ-დ-არ,,,,,,daicʼqʼebs,,,,**დ-ოლ-დ-არ** გრდმ. დაწყება (დაიწყებს) უსრ. დ-ებლ-დ-არ
d-olix,დ-ოლიხ,,,,vi mot,,,წადი!,"go, get out of here","ступай, иди",**დ-ოლიხ** გრდუვ. წადი
ollar,ოლლარ,,,,vt,,aagebs,"აგება (ააგებს), აცმა, ამოდება; ჩაცმა; ამოხაპვა (ამოხაპავს)","lay, put, skewer, string; ladle out, pour out","нанизать, вздеть; одеть; черпнуть","**ოლლარ** გრდმ. 1. აგება (ააგებს), აცმა, ამოდება 2. ჩაცმა 3. ამოხაპვა (ამოხაპავს)*;* უსრ. ებლარ"
d-ollar,დ-ოლლარ,,,,vt,,čadebs,"ჩადება (ჩადებს); დამარხვა; დადება (კლიტისა), დაკეტვა, შეკვრა","place, put, lay; close, shut, lock","вложить; похоронить; запереть, заложить (двери замком, задвижкой)","**დ-ოლლარ** გრდმ. 1. ჩადება (ჩადებს)2. გადატ. დამარხვა 3. დადება (კლიტისა), დაკეტვა, შეკვრა; უსრ. დ-ებლარ"
oll-d-ar,ოლლ-დ-არ,,,,vt,,cʼamoacvams,"წამოცმა (წამოაცვამს), მოდება","put on, set on, place on",вздеть,"**ოლლ-დ-არ** გრდმ. წამოცმა (წამოაცვამს), მოდება"
olokʼ,ოლოკ,j j,J,,n,,olkʼi; olkʼeⁿ,იდაყვი,elbow,локоть,**ოლოკ** *ჲ ჲ* (ოლკი; ოლკეჼ) იდაყვი
olol,ოლოლ,d d,D,GE,n,,,"ალალი, ოლოლი",(bird of prey sp.),ястребок,"**ოლოლ** *დ დ* ალალი, ოლოლი"
d-olğott-d-alar,დ-ოლღოთთ-დ-ალარ,,,,vi,,dapacurdeba,დაფაცურება (დაფაცურდება),get busy,засуетиться,**დ-ოლღოთთ-დ-ალარ** გრდუვ. დაფაცურება (დაფაცურდება)
d-olğott-d-ar,დ-ოლღოთთ-დ-არ,,,,,,daapacurebs,,,,**დ-ოლღოთთ-დ-არ** გრდმ. დაფაცურება (დააფაცურებს)
onǯar,ონჯარ,j,J,,n,,,"ნაშალი, ნარიყი","jetsam, drift",нанос,"**ონჯარ** *ჲ* ნაშალი, ნარიყი"
d-opʼtʼar,დ-ოპტარ,,,,vt,,čaqʼlapʼavs,ყლაპვა (ჩაყლაპვა),swallow,проглотить,**დ-ოპტარ** გრდმ. ყლაპვა (ჩაყლაპავს)*;* უსრ. დ-ეპტარ
d-ožar1,დ-ოჟარ1,,,,vt,,daalagebs,"დალაგება (დაალაგებს), მილაგება, დაწყობა, ჩაგება","tidy up, arrange, put in order","убрать, разместить","**დ-ოჟარ1**  გრდმ. დალაგება (დაალაგებს), მილაგება, დაწყობა, ჩაგება"
d-ožar2,დ-ოჟარ2,,,,vi,,cʼaikceva,წაქცევა (წაიქცევა),fall down,свалиться,**დ-ოჟარ2** გრდუვ. წაქცევა (წაიქცევა)
d-ožar3,დ-ოჟარ3,,,,vt,,šetʼenis,"შეტენა (შეტენის); შებმა (ხარებისა ურემში); აცმა, აგება (ძაფისა ნემსში), გაყრა (გაუყრის)","push, cram into; yoke up; thread (a needle)","всунуть; впрячь (быков в повозку); вдеть, продеть (нитку в иголку)","**დ-ოჟარ3** გრდმ. 1. შეტენა (შეტენის) 2. შებმა (ხარებისა ურემში) 3. აცმა, აგება (ძაფისა ნემსში), გაყრა (გაუყრის) უსრ. დ-ებ-ჟარ2"
d-oženŏ,დ-ოჟენო̆,,,,,,,,,,**დ-ოჟენო̆** მიმღ. წაქცეული
d-ožinŏ,დ-ოჟინო̆,,,,,,,,,,**დ-ოჟინო̆** მიმღ. შებმული
orgul1,ორგულ1,,J,GE,n,,ujrgli//orguli; ujrgleⁿ,ორაგული,salmon,лосось,**ორგულ1** ჲ ჲ (უჲრგლი//ორგული; უჲრგლეჼ)ორაგული
orgul2,ორგულ2,,,GE,a,,,ორგული,"treacherous, disloyal","вероломный, ненадежный",**ორგულ2** ორგული
orkʼapʼ,ორკაპ,,D,GE,n,,orkʼapʼi; orkʼapʼeⁿ,ორკაპი,forked spear,рогатина,**ორკაპ** დ დ (ორკაპი; ორკაპეჼ) ორკაპი
orkʼul,ორკულ,d d,D,,n,,ujrkʼli; ujrkʼleⁿ,"გორგალი (ძაფისა, კანაფის)","ball (of wool, hemp)","клубок, моток нитки","**ორკულ** *დ დ* (უჲრკლი; უჲრკლეჼ)გორგალი (ძაფისა, კანაფისა)"
os,ოს,,M/F,GE,n,,osi; osaⁿ,ოსი,Ossetian,осетин; осетинка,**ოს** ვ ბ ; ჲ დ (ოსი; ოსაჼ) ოსი
osi[ħ],ოსი[ჰ’],,,,,,,,,,**ოსი[ჰ’]** ზმნს. იქ
osiva,ოსივა,j,,,,,,,,,**ოსივა** *ჲ* იქაურობა
osivħĕ,ოსივჰ’ე̆,,,,,,,,,,"**ოსივჰ’ე̆** ზმნს. იქით, იქითკენ, მიღმა"
osimciⁿ,ოსიმციჼ,,,,,,,,,,"**ოსიმციჼ**  ზმნს. იქამდე, იქამდის"
osmul,ოსმულ,,,,,,šipn.,,,,"**ოსმულ** ოსმალური, თურქული *(შიფნ.)*"
d-ossar,დ-ოსსარ,,,,vi,,,"ჩამოსვლა, ჩასვლა","go down, descend",спуститься,"**დ-ოსსარ** გრდუვ. ჩამოსვლა, ჩასვლა"
d-oss-d-alar,დ-ოსს-დ-ალარ,,,,,,uneburad,,,,**დ-ოსს-დ-ალარ** გრდუვ. ჩამოსვლა (უნებურად)
d-oss-d-ar,დ-ოსს-დ-არ,,,,,,,,,,"**დ-ოსს-დ-არ** გრდმ. დასმა, ჩამოსმა, ჩამოყვანა"
ostʼatʼ,ოსტატ,v b; d d,M/F,GE,n,,ostʼatʼi; ostʼtʼeⁿ,ოსტატი,"artisan, craftsman",мастер,**ოსტატ** *ვ ბ; დ დ* (ოსტატი; ოსტტეჼ) ოსტატი
otʼar,ოტარ,,,,vt,,gašlis,"გაშლა (გაშლის), დაგება, დაფენა","spread out, lay","постлать, развесить","**ოტარ** გრდმ. გაშლა (გაშლის), დაგება, დაფენა; უსრ. ეტარ2"
d-otʼar1,დ-ოტარ1,,,,,,midis,,,,**დ-ოტარ1** გრდუვ. წასვლა (მიდის);სრ. დ-ახარ
d-otʼar2,დ-ოტარ2,,,,,,"gadadis, gadava",,,,"**დ-ოტარ2** გრდუვ. გადასვლა (გადადის, გადავა), გადაბოტება, გადაბიჯება; **ბაქახ, ბაქხიჼ დ-ოტარ** პირის გატეხა (პირიდან გადასვლა); **კიკლიმაქ დ-ოტარ** გრდუვ. ამოტრიალება (ამოტრიალდება) გადატრიალება"
d-otʼ-d-ar1,დ-ოტ-დ-არ1,,,,,,miakvs,,,,**დ-ოტ-დ-არ1** გრდმ. წაღება (მიაქვს)*;* სრ. დ-აჰ’არ1
d-otʼ-dar2,დ-ოტ-დარ2,,,,,,,,,,**დ-ოტ-დარ2** გრდმ. გადაყვანა; *უსრ. დ-ეტ-დ-არ*
d-otʼujnĭ,დ-ოტუჲნი̆,,,,,,,,,,"**დ-ოტუჲნი̆** მიმღ. მიმავალი, მიმდინარე"
"opop, upup","ოფოფ, უფუფ",b d,,,,,oppi; oppeⁿ,,,,"**ოფოფ, უფუფ** *ბ დ* (ოფფი; ოფფეჼ) ოფოფი"
d-opsar,დ-ოფსარ,,,,vi,,gaibereba,გაბერვა (გაიბერება),inflate,вздуться,**დ-ოფსარ** გრდუვ. გაბერვა (გაიბერება)*;* უსრ. დ-ეფსარ
d-ops-d-ar,დ-ოფს-დ-არ,,,,,,gaberavs,,,,**დ-ოფს-დ-არ** გრდმ. გაბერვა (გაბერავს) უსრ. დ-ეფ-ს-დარ
d-opsenŏ,დ-ოფსენო̆,,,,,,,,,,**დ-ოფსენო̆** მიმღ. გაბერილი
d-opšar,დ-ოფშარ,,,,vi,,daipxvneba,"დაფხვნა (დაიფხვნება), დამსხვრევა",be crumbled,"крошиться, раздробиться, разбиться в дребезги","**დ-ოფშარ** გრდუვ. დაფხვნა (დაიფხვნება), დამსხვრევა; უსრ. დ-ე-ფშარ"
d-opš-d-ar,დ-ოფშ-დ-არ,,,,,,dapxvnis,,,,"**დ-ოფშ-დ-არ** გრდმ. დაფხვნა (დაფხვნის), დამსხვრევა; სრ. დ-ეფშ-დ-არ"
d-opcar,დ-ოფცარ,,,,vt,,,დაწვნა; მოქსოვა,"plait, weave, knit","сплести, связать, выткать",**დ-ოფცარ** გრდმ. დაწვნა; მოქსოვა; უსრ. დ-ეფცარ
d-opxar,დ-ოფხარ,,,,vt,,čaicvams,ჩაცმა (ჩაიცვამს),"put on, wear",одеть,**დ-ოფხარ** გრდმ. ჩაცმა (ჩაიცვამს)*;* უსრ. დ-ეფხარ
d-opx-d-alar1,დ-ოფხ-დ-ალარ1,,,,vi,,gacxeldeba,"გაცხელება (გაცხელდება), გათბობა","be heated, get warm","согреться, раскалиться","**დ-ოფხ-დ-ალარ1** გრდუვ. გაცხელება (გაცხელდება), გათბობა; უსრ. დ-ეფხ-დ-ალარ"
d-opx-d-alar2,დ-ოფხ-დ-ალარ2,,,,,,čaicvams,,,,**დ-ოფხ-დ-ალარ2** გრდუვ. ჩაცმა (ჩაიცვამს)*;* უსრ. დ-ეეფხ-დ-ალარ
d-opx-d-ar1,დ-ოფხ-დ-არ1,,,,,,gaacxelebs,,,,**დ-ოფხ-დ-არ1** გრდმ. გაცხელება (გააცხელებს)*;* უსრ. დ-ეფხ-დ-არ
d-opx-d-ar2,დ-ოფხ-დ-არ2,,,,,,čaacmevs,,,,"**დ-ოფხ-დ-არ2** გრდმ. ჩაცმა (ჩააცმევს), მორთვა, მოკაზმვა; უსრ. დ-ეეფხ-დ-არ"
d-opx-dijenŏ1,დ-ოფხ-დიჲენო̆1,,,,,,,,,,**დ-ოფხ-დიჲენო̆1** მიმღ. გახურებული
d-opx-dijenŏ2,დ-ოფხ-დიჲენო̆2,,,,,,,,,,**დ-ოფხ-დიჲენო̆2** მიმღ. ჩაცმული
okromkʼerd,ოქრომკერდ,j j,,,,,,,,,"**ოქრომკერდ** *ჲ ჲ* ოქრომკედი, ოქროქსოვილი"
okrŏ,ოქრო̆,d d,D,GE,n,,okroⁿ,ოქრო,gold,золото,**ოქრო̆** *დ დ* (ოქროჼ) ოქრო
oğond,ოღონდ,,,GE,conj,,,ოღონდ,however,"лишь, только бы",**ოღონდ** კავშ. ოღონდ
oštʼikʼ,ოშტიკ,,,,adv,,,"ისე; მუქთად, უფასოდ","so, thus; for free","просто так, даром, безвозмездно","**ოშტიკ** ზმნს. ისე; მუქთად, უფასოდ"
oštʼiɁ,ოშტიჸ,,,,adv,,,ისევ[ე],"again, still","опять, также, таким же образом",**ოშტიჸ** ზმნს. ისევ[ე]
"oštʼun, oštʼruⁿ","ოშტუნ, ოშტრუჼ",,,,,,,,,,"**ოშტუნ, ოშტრუჼ** ისეთი"
očxar,ოჩხარ,j j,J,GE,n,,,ოჩხარი,fund-raising (meal) for host in straits,сбор в пользу неимущего,**ოჩხარ** *ჲ ჲ* ოჩხარი
ocbad-d-alar,ოცბად-დ-ალარ,,,GE,vi,,ukʼvirs,"გაკვირვება (უკვირს), გაოცება; მოლანდება; ოცნება (იოცნებებს)","be surprised, be astonished; hallucinate; daydream","поражаться, привидеться, мерещиться; мечтать","**ოცბად-დ-ალარ** გრდუვ. 1. გაკვირვება (უკვირს), გაოცება; მოლანდება 2. ოცნება (იოცნებებს)"
ocʼar,ოწარ,,,,vt,,gacʼevs,"გაწევა (გაწევს); მოწევა (თამბაქოსი), აწევა","raise, lift, move, drag; smoke","потянуть, поднять, закурить","**ოწარ** გრდმ. 1. გაწევა (გაწევს), მოწევა (თამბაქოსი), აწევა 2. აწონვა უსრ. ებწარ"
d-ocʼar,დ-ოწარ,,,,vt,,miabams,"მიბმა (მიაბამს), გამობმა; გაყოლება","tie, tether, bind; enclose","взять что-нибудь с собой, послать с кем нибудь","**დ-ოწარ** გრდმ. 1. მიბმა (მიაბამს), გამობმა 2. გადატ. გაყოლება"
d-ocʼ-d-alar,დ-ოწ-დ-ალარ,,,,,,miebmeba,,,,**დ-ოწ-დ-ალარ** გრდუვ. 1. მიბმა (მიებმება) 2. გადატ. ადევნება
ocʼ-d-alar,ოწ-დ-ალარ,,,,,,gaicʼevs,,,,**ოწ-დ-ალარ** გრდუვ. 1. გაწევა (გაიწევს) 2. აწონვა (იწონს)
ocʼ-d-ar,ოწ-დ-არ,,,,,,gacʼevs,,,,"**ოწ-დ-არ** გრდმ. გაწევა (გაწევს), ა[მო]წევა, გაჭიმვა; უსრ. ებწ-დ-არ"
ocʼqocʼ-d-alar,ოწჴოწ-დ-ალარ,,,,,,gaipʼrančʼeba,,,,**ოწჴოწ-დ-ალარ** გრდუვ. 1. გაზმორება 2. გაპრანჭვა (გაიპრანჭება) უსრ. ეპწჴებწ-დ-არ
ocʼqocʼ-d-ar,ოწჴოწ-დ-არ,,,,vt,,,"გაწევ-გამოწევა, გაჭიმ-გამოჭიმვა",stretch sth/sb out in all directions,потянуть туда-сюда,"**ოწჴოწ-დ-არ** გრდმ. გაწევ-გამოწევა, გაჭიმ-გამოჭიმვა; უსრ. ეპწჴეპწ-დ-არ"
d-oxar,დ-ოხარ,,,,vi,,daingreva,დანგრევა (დაინგრევა); გაცვეთა (გაცვდება),"collapse, be destroyed; be worn out",разрушаться; уступиться,**დ-ოხარ** გრდუვ. 1. დანგრევა (დაინგრევა)2. გაცვეთა (გაცვდება)*;* უსრ. დ-ეხარ
d-ox-d-ar,დ-ოხ-დ-არ,,,,,,dašlis,,,,"**დ-ოხ-დ-არ** გრდმ. 1. დაშლა (დაშლის), დაქცევა, დანგრევა 2. წაშლა, გაცვეთა*;* უსრ. დ-ეხ-დ-არ"
d-ox-d-ijenŏ,დ-ოხ-დ-იჲენო̆,,,,,,,,,,"**დ-ოხ-დ-იჲენო̆** მიმღ. 1. დაშლილი, დანგრეული 2. გაცვეთილი"
d-ox-d-opšenŏ,დ-ოხ-დ-ოფშენო̆,,,,,,,,,,"**დ-ოხ-დ-ოფშენო̆** მიმღ. მინგრეულ-მონგრეული, დამტვრეული, დამსხვრეული; დაგლეჯილ-ჩამოფხრეწილი"
oxkʼar,ოხკარ,,,,v,,l,,,,"**ოხკარ** მრ. იგივეა, რაც ოლ(ლ)არ"
d-oxkʼar1,დ-ოხკარ1,,,,vt,,,,pl,,**დ-ოხკარ1** გრდმ. მრ. ჩაწყობა; იხ. დ-ოლლარ
d-oxkʼar2,დ-ოხკარ2,,,,vt,,gaqʼidis,"გაყიდვა (გაყიდის), მიყიდვა",sell,продать,**დ-ოხკარ2**გრდმ. გაყიდვა (გაყიდის) მიყიდვა; უსრ. დ-ეხკარ2
oxkʼ-d-ar,ოხკ-დ-არ,,,,,,l,,,,"**ოხკ-დ-არ** მრ. იგივეა, რაც ოლ(ლ)-დ-არ; ეხკ-დ-არ"
d-oxkʼinŏ,დ-ოხკინო̆,,,,,,,,,,**დ-ოხკინო̆** მიმღ. გაყიდული
oxtʼ oxtʼ[a]j d-aɁar,ოხტ ოხტ[ა]ჲ დ-აჸარ,,,,,,,,,,**ოხტ ოხტ[ა]ჲ დ-აჸარ** გრდუვ. ოხტში მოსვლა
oǯax,ოჯახ,j j,J,GE,n,,oǯxi; oǯxeⁿ,ოჯახი,family,семья,**ოჯახ** *ჲ ჲ* (ოჯხი; ოჯხეჼ) ოჯახი
d-oɬar,დ-ოლ’არ,,,,vi,,šeʒvreba,"შეძრომა (შეძვრება), გაძრომა","climb, squeeze into",влезть,"**დ-ოლ’არ** გრდუვ. შეძრომა (შეძვრება), გაძრომა; უსრ. დ-ეფლარ"
d-oɬenŏ,დ-ოლ’ენო̆,,,,,,,,,,**დ-ოლ’ენო̆** მიმღ. 1. შემძვრალი 2. ჩახედული
d-oɬujla,დ-ოლ’უჲლა,d,,,,,,,,,**დ-ოლ’უჲლა** *დ* შესაძრომი
"oq (ouq, uq)","ოჴ (ოუჴ, უჴ)",,,,,,"ouq, uq",,,,"**ოჴ (ოუჴ, უჴ)** იხმარება მსაზღვრელად სახელობითის გარდა ყველა ბრუნვაში ო მითითებითი ნაცვ. მაგივრად იხ. ო"
"oqujndalla, oqindalla","ოჴუჲნდალლა, ოჴინდალლა",,,,,,kadagiʒ.,,,,"**ოჴუჲნდალლა, ოჴინდალლა** იმიტომ, იმისთვის *(ქადაგიძ.)*"
oɁ,ოჸ,b d,B,,n,,oɁni; oɁnaⁿ,მარცვალი,"grain, seed, kernel",зерно,**ოჸ** *ბ დ* (ოჸნი; ოჸნაჼ)მარცვალი
d-oɁ-d-ar,დ-ოჸ-დ-არ,,,,vt,,moiqʼvans,მოყვანა (მოიყვანს),bring,"приводить, разводить",**დ-ოჸ-დ-არ** გრდმ. მოყვანა (მოიყვანს)
d-oɁ-d-itar,დ-ოჸ-დ-ითარ,,,,,,,,,,**დ-ოჸ-დ-ითარ** გრდმ. მოყვანინება
pʼalŏ,პალო̆,,,,,,,,,,**პალო̆** ზმნს. მეხუთე დღეს
pʼalŏ,პალო̆,j,,,,,,,,,**პალო̆** *ჲ* დღეიდან მეხუთე დღე
pʼan[a]švid,პან[ა]შვიდ,j j,,,,,pʼan[a]švidi; pʼan[a]švideⁿ,,,,**პან[ა]შვიდ** *ჲ ჲ* (პან[ა]შვიდი; პან[ა]შვიდეჼ) პანაშვიდი
pʼantʼ,პანტ,b d,B,,n,,pʼantʼi; pʼantʼeⁿ,მაჟალო,crab apple,кислица (дикое яблоко),**პანტ** *ბ დ* (პანტი; პანტეჼ) მაჟალო
pʼanğur,პანღურ,b d,B,GE,n,,pʼajnğri; pʼajnğreⁿ,პანღური,kick,пинок,**პანღურ** *ბ დ* (პაჲნღრი; პაჲნღრეჼ)პანღური
pʼarakʼlis,პარაკლის,d d,D,GE,n,,pʼarakʼlisi; pʼarakʼliseⁿ,პარაკლისი,prayer of thanksgiving,молебен,**პარაკლის** *დ დ* (პარაკლისი; პარაკლისეჼ) პარაკლისი
pʼaraskʼ,პარასკ,d d,D,GE,n,,pʼaraskʼineⁿ,პარასკევი,Friday,пятница,**პარასკ** *დ დ* (პარასკინეჼ) პარასკევი
pʼasux,პასუხ,b d,B,GE,n,,pʼajsxi; pʼajsxeⁿ,პასუხი,answer,ответ,**პასუხ** *ბ დ* (პაჲსხი; პაჲსხეჼ)პასუხი
pʼatʼiv,პატივ,j j,J,GE,n,,pʼajtʼveⁿ,"პატივი, პატივისცემა",respect,уважение,"**პატივ** *ჲ ჲ* (პაჲტვეჼ) პატივი, პატივისცემა"
pʼatʼiv jeblar,პატივ ჲებლარ,,,,,,pʼatʼivs scems,,,,"**პატივ ჲებლარ** გრდმ. პატივისცემა (პატივს სცემს), პატივის დადება"
pʼatʼiosaⁿ,პატიოსაჼ,,,GE,a,,,პატიოსანი,"honourable, decent, upright","честный, почтенный, порядочный",**პატიოსაჼ** პატიოსანი
pʼatʼrukʼ,პატრუკ,d d,D,GE,n,,pʼajtʼrkʼi; pʼajtʼrkʼeⁿ,პატრუქი,"wick, fuse",фитиль,**პატრუკ** *დ დ* (პაჲტრკი; პაჲტრკეჼ) პატრუქი
pʼaj,პაჲ,b d,B,,n,,,"კოცნა, ამბორი",kiss,поцелуй,"**პაჲ** *ბ დ* კოცნა, ამბორი **პაჲნოგო̆ წრაჴდითარ** გრდმ. პროშტნა; **პაჲნოხ (პაჲერჩახ) დ-აჴარ** გრდმ. გადაკოცნა (გადაკოცნის, დაკოცნის)"
"pʼajpʼroz, pʼajpʼruz","პაჲპროზ, პაჲპრუზ",d d,,,,,"pʼajpʼrozi, pʼajpʼruzi; pʼajpʼrozeⁿ",,,,"**პაჲპროზ, პაჲპრუზ** *დ დ* (პაჲპროზი, პაჲპრუზი; პაჲპროზეჼ) პაპიროსი"
pʼajtʼebad-d-alar,პაჲტებად-დ-ალარ,,,GE,vi,,epʼatʼieba,პატიება (ეპატიება),be forgiven,проститься (проститься кому нибудь),**პაჲტებად-დ-ალარ** გრდუვ. პატიება (ეპატიება)
pʼajtʼebad-d-ar,პაჲტებად-დ-არ,,,GE,vt,,apʼatʼiebs,პატიება (აპატიებს),forgive,"простить, извинить",**პაჲტებად-დ-არ** გრდმ. პატიება (აპატიებს)
pʼentʼod-d-ar,პენტოდ-დ-არ,,,GE,vt,,,პენტვა; ცემა,"scutch (wool, cotton); beat","взбивать (прутиками щерсть, вату); бить",**პენტოდ-დ-არ** გრდმ. პენტვა 2. გადატ. ცემა
pʼepʼel,პეპელ,d d,D,GE,n,,pʼepʼli; pʼepʼleⁿ,პეპელა; ღილი,butterfly; button,бабочка; пуговица,**პეპელ** *დ დ* (პეპლი; პეპლეჼ)1. პეპელა 2. ღილი 3. გარმონის კლავიში *(ექსპ.)* **დაუ̆ყაჼ პეპელ** *დ დ* ფარვანა
pʼepʼlad-d-ar,პეპლად-დ-არ,,,GE,vt,,,,,,**პეპლად-დ-არ** გრდმ. იხ. ფუშკად-დ-არ
pʼer,პერ,b,B,GE,n,,pʼereⁿ,"პერი, ქაფი",foam,"пена, накипь","**პერ** *ბ* (პერეჼ) პერი, ქაფი **პერ თაჴარ** გრდმ. ქაფის მოხდა **პერ ლაქბარ, პერ ლექბარ** გრდმ. ქაფის [მო]გდება (ქაფს [მო]იგდებს), აქაფება ([ა]ქაფდება)"
pʼejnca,პეჲნცა,,J,GE,n,,pʼejncajšĭ; pʼejncajⁿ,პენსია,pension,пенсия,**პეჲნცა** ჲ ჲ (პეჲნცაჲში̆; პეჲნცაჲჼ)პენსია
pʼilpʼil,პილპილ,d,D,GE,n,,pʼilpʼileⁿ,პილპილი,(ground) pepper,перец,**პილპილ** *დ* (პილპილეჼ) პილპილი
pʼir,პირ,b d,B,,n,,pʼiri; pʼireⁿ,"ფარა (ცხვრისა, თხისა)",flock (of sheep or goat),"стадо (овец, коз)","**პირ** *ბ დ* (პირი; პირეჼ) ფარა (ცხვრისა, თხისა)"
pʼirianat,პირიანათ,,,GE,adv,,,პირიანად,"as agreed, reasonably, agreeably (making a deal)","сходно, выгодно (совершить сделку...)",**პირიანათ** ზმნს. პირიანად
pʼirisper,პირისფერ,,,GE,a,,,პირისფერი,rose-coloured,телесного цвета,**პირისფერ** პირისფერი
"pʼirsaxoc, pʼirsaqoc","პირსახოც, პირსაჴოც",d d,,,,,pʼirsaqoci; pʼirsaqoceⁿ,,,,"**პირსახოც, პირსაჴოც** *დ დ* (პირსაჴოცი; პირსაჴოცეჼ) პირსახოცი"
pʼirkuš,პირქუშ,,,GE,a,,,პირქუში,"frowning, grim",угрюмый,**პირქუშ** პირქუში
pʼitʼal,პიტალ,,,GE,a,,kʼlde,"პიტალო (კლდე); შეურეველი, წმინდა (ლითონი...)",abrupt (cliff); pure (metal),"крутая, острая (скала); чистый, без примеси (металл...)","**პიტალ** 1. პიტალო (კლდე)2. შეურეველი, წმინდა (ლითონი)"
"pʼitʼn, pʼitʼnaɁŏ","პიტნ, პიტნაჸო̆",d d,,,,,pʼitʼneⁿ,,,,"**პიტნ, პიტნაჸო̆** *დ დ* (პიტნეჼ) პიტნა"
pʼlaⁿ,პლაჼ,,D,RU,n,,,"შარა, მწკრივი","main road; row, line file","улица, ряд","**პლაჼ**  შარა, მწკრივი"
"pʼodnos, pʼodnoc","პოდნოს, პოდნოც",d d,,,,,pʼodnoci; pʼodnoceⁿ,,,,"**პოდნოს, პოდნოც** *დ დ* (პოდნოცი; პოდნოცეჼ) ლანგარი"
"pʼolica, pʼolicia","პოლიცა, პოლიცია",j j,,,,,pʼolicieⁿ,,,,"**პოლიცა, პოლიცია** *ჲ ჲ* (პოლიციეჼ) პოლიცია"
pʼoxil,პოხილ,d,D,GE,n,,,"ცხვრის ქონი, პოხიერი",sheep fat,бараний жир,"**პოხილ** *დ* ცხვრის ქონი, პოხიერი"
pʼras,პრას,d d,D,GE,n,,pʼrasi; pʼraseⁿ,პრასა,leek,лук порей,**პრას** *დ დ* (პრასი; პრასეჼ) პრასა
pʼrkʼe,პრკე,j,,,,,,,,,**პრკე** *ჲ* პრკე
pʼropʼkʼ,პროპკ,j j,J,RU,n,,pʼrobkʼi; pʼrobkʼeⁿ,საცობი,"stopper, cork; traffic jam",пробка,**პროპკ** *ჲ ჲ* (პრობკი; პრობკეჼ)საცობი
pʼrocʼol,პროწოლ,d d,D,GE,n,,pʼrocʼleⁿ,ბროწეულ,pommegranate,гарнат,**პროწოლ** *დ დ* (პროწლეჼ) ბროწეული
pʼʕaⁿ,პჵაჼ,b j,J,,n,,pʼʕani; pʼʕaneⁿ,ფრთა,wing,крыло,**პჵაჼ** *ბ ჲ* (პჵანი; პჵანეჼ) ფრთა
"pʼʕanar, pʼʕanar lelar","პჵანარ, პჵანარ ლელარ",,,,,,,,,,"**პჵანარ, პჵანარ ლელარ** გრდუვ. ფრენა"
pʼʕanareⁿ,პჵანარეჼ,,,,,,,,,,"**პჵანარეჼ** ფრთიანი, ფრთოსანი, ფრინველი"
pʼʕentʼŏ,პჵენტო̆,b j,Bj,,n,,pʼʕentʼer; pʼʕentʼoⁿ,"ნეკნი; გვერდი, წიბო; ფერდი","rib; flank, side",ребро; бок,"**პჵენტო̆** *ბ ჲ* (პჵენტერ; პჵენტოჼ)1. ნეკნი; გვერდი, წიბო 2. ფერდი"
pʼʕerang,პჵერანგ,j j,J,GE,n,,pʼʕerangi; pʼʕerangeⁿ,პერანგი,shirt,рубашка,**პჵერანგ** *ჲ ჲ* (პჵერანგი; პჵერანგეჼ) პერანგი
pʼʕanar lelar,პჵანარ ლელარ,,,,,,,,,,**პჵანარ ლელარ** *ფრენა*
pʼʕaⁿ bebcʼujnĭ,პჵაჼ ბებწუჲნი̆,,,,,,,,,,**პჵაჼ ბებწუჲნი̆**მიმღ. მხარის დამჭერი
pʼʕaⁿ bocʼar,პჵაჼ ბოწარ,,,,,,prtxis šesxma,,,,"**პჵაჼ ბოწარ**გრდმ. მხარის მიცემა, გამხნევება (ფრთხის შესხმა)"
žabŏ,ჟაბო̆,b,B,,n,,žabiⁿ,"ძროხა (ფურები და თითო-ოროლა მოზვერი, ხარი); ფურები, ძროხები",cow; cattle,скот (корова и бычки),"**ჟაბო̆** *ბ* (ჟაბიჼ) კრებ. 1. ძროხა (ფურები და თითო-ოროლა მოზვერი, ხარი) 2. ფურები, ძროხები იხ. იეთთ"
"žagnŏ, žagⁿ","ჟაგნო̆, ჟაგჼ",d d,,,,,žagnuj; žagnoⁿ,,,,"**ჟაგნო̆, ჟაგჼ** *დ დ* (ჟაგნუჲ; ჟაგნოჼ) წიგნი, წერილი **ჟაგნ ჴეთინი̆ -** მიმღ. წიგნის მცოდნე"
žang,ჟანგ,,D,GE,n,,,ჟანგი,rust,ржавчина,**ჟანგ** დ ჟანგი
"žangen, žongeⁿ","ჟანგენ, ჟონგეჼ",,,,,,,,,,"**ჟანგენ, ჟონგეჼ** ჟანგიანი"
že,ჟე,d,D,,n,,žeⁿ,ცხვარი,sheep,"овцы, бараны",**ჟე** *დ* (ჟეჼ) კრებ. ცხვარი
že-kʼačʼar,ჟე-კაჭარ,,,,,,calkʼe ar ixmareba,,,,**ჟე-კაჭარ** ცხვარ-მატყლი (ცალკე არ იხმარება)
žel[v]reⁿ,ჟელ[ვ]რეჼ,d d,,,,,želvreni; želvreneⁿ,,,,**ჟელ[ვ]რეჼ** *დ დ* (ჟელვრენი; ჟელვრენეჼ) ცხვარი (ცხვართაგანი)
žežad-d-ar,ჟეჟად-დ-არ,,,GE,vt,,,ჟეჟვა,"pulp, thrash","мять, бить",**ჟეჟად-დ-არ** გრდმ. ჟეჟვა
žerol,ჟეროლ,,,,,,,,,,**ჟეროლ** ჲ ქვრივობა
žerpstʼu,ჟერფსტუ,j d,,,,,žerpstʼi; žerpstʼejⁿ,,,,**ჟერფსტუ** *ჲ დ* (ჟერფსტი; ჟერფსტეჲჼ) ქვრივი
žerŏ,ჟერო̆,j d (v b),M/F,,n,,žeruj; žerujⁿ,"ქვრივი (ქალი, იშვითად კაცზედაც ითქმის)",widow (seldom: widower),вдова (редко: вдовец),"**ჟერო̆** *ჲ დ (ვ ბ)* (ჟერუჲ; ჟერუჲჼ) ქვრივი (ქალი, იშვიათად კაცზედაც ითქმის)"
živžvdar,ჟივჟვდარ,,,,,,živživebs,,,,"**ჟივჟვდარ** გრდმ. 1. ჟივჟივი (ჟივჟივებს), ჟივილ-ხივილი 2. წუწუნი, ზლუქუნი"
žiiš,ჟიიშ,d,,,,,,,,,**ჟიიშ** *დ* მრ. ცხვრის ფარები
žin,ჟინ,b d,,,,,žini; žineⁿ,,,,**ჟინ**1 *ბ დ* (ჟინი; ჟინეჼ) თირკმელი
žin2,ჟინ2,b d,,,,,,,,,"**ჟინ2** *ბ დ* ჟინი, სურვილი"
žletʼad-d-ar,ჟლეტად-დ-არ,,,GE,vt,,,ჟლეტა,"slaughter, slay","истреблять, уничтожать",**ჟლეტად-დ-არ** გრდმ. ჟლეტა სრ. გაჟლეტად-დ-არ
žomeⁿ,ჟომეჼ,,,,a,,,"მცირე, პატარა, უასაკო, მცირეწლოვანი","minor, small, young, juvenile","малый, незначительный, маленький, малолетний","**ჟომეჼ**  მცირე, პატარა, უასაკო, მცირეწლოვანი"
žomenkʼaɁ,ჟომენკაჸ,,,,,,,,,,**ჟომენკაჸ** მომცრო
žonžğol,ჟონჟღოლ,d,D,GE,n,,,ჯონჯოლი,bladder-nut,клекачка,**ჟონჟღოლ** *დ* ჯონჯოლი
žorždar,ჟორჟდარ,,,,vt,,apaturebs,ფათური (აფათურებს),"grope, grasp",шарить (рукой),**ჟორჟდარ** გრდმ. ფათური (აფათურებს)
žurad-d-alar,ჟურად-დ-ალარ,,,GE,vi,,ižureba,ჟურვა (იჟურება),"seep, drip, ooze",сочиться,**ჟურად-დ-ალარ** გრდუვ. ჟურვა (იჟურება)
žuržur,ჟურჟურ,d,D,,n,,,"ჩურჩული, ბუტბუტი",whispering,шептание,"**ჟურჟურ** *დ* ჩურჩული, ბუტბუტი"
žuržur-d-ar,ჟურჟურ-დ-არ,,,,,,čurčulebs,,,,**ჟურჟურ-დ-არ** გრდმ. ჩურჩული (ჩურჩულებს)
žğarli,ჟღარლი,d,0d,,n,,,ძეწკვზე დამაგრებული ვერცხლის მონეტები - პატარძლის სამკაული,"a chain of silver coins, a bride's ornament",серебряные монеты на цепочке - украшение невесты,**ჟღარლი** *დ* მრ. ძეწკვზე დამაგრებული ვერცხლის მონეტები - პატარძლის სამკაული
žğaržğar,ჟღარჟღარ,d,D,GE,n,,,ჟღარუნი,"ringing, jingling, clanking","бряканье, бряцание",**ჟღარჟღარ** *დ* ჟღარუნი ჟღარჟღარ დარ გრდმ. ჟღარუნი (აჟღარუნებს)
raz,რაზ,b d,B,GE,n,,razeⁿ,რაზა,"bolt, latch","дверной крюк, щеколда",**რაზ** *ბ დ* (რაზეჼ) რაზა
rakʼ:,რაკ:,,,,,,,,,,"**რაკ:** **რაკბაჰ’არ, რაკდარ** გრდმ. რაკუნის გაღება"
rakʼi,რაკი,,,GE,adv,,,რაკი,"since, as, because",так как,**რაკი** რაკი
rakʼrakʼ,რაკრაკ,,,,,,xmabaʒ.,,,,"**რაკრაკ** რაკრაკი (ხმაბაძ.) **რაკრაკ ბაჰ’ითარ** გრდმ. დარაკუნება, დარახუნება; **რაკრაკ დითარ** გრდმ. რახუნი (არახუნებს), რაკუნი; **რაკრაკ დარ** გრდმ. რაკუნი (არაკუნებს), რახუნი"
rakʼrakʼajnŏ,რაკრაკაჲნო̆,,,,,,,,,,**რაკრაკაჲნო̆** რაკრაკით
rağ,რაღ,j,J,,n,,rağeⁿ,"ჯერი, რიგი","time, turn","очередь, ряд","**რაღ** *ჲ* (რაღეჼ) 1. ჯერი, რიგი **რაღ ჲალარ** გრდუვ. რიგის ჭერა **რაღ ჲაჴარ, რაღ ჲახარ** გრდმ. მორიგეობა; **რაღ ლაცჲარ, რაღ ლეცჲარ** გრდმ. რიგის დაჭერა (რიგს [და]იჭერს)"
rağa,რაღა,,,GE,interj,,,რაღა!,how on earth!,"тоже, что же",**რაღა** რაღა
"rağen, rağ-rağeⁿ","რაღენ, რაღ-რაღეჼ",,,,,,,,,,"**რაღენ, რაღ-რაღეჼ** რიგრიგობით"
raqʼraqʼ,რაყრაყ,d,,,,,,,,,**რაყრაყ** *დ* რაკრაკი **რაყრაყაჲნო̆** ზმნს. რაკრაკით (რაკრაკიო) **რაყრაყდარ** გრდმ. რაკრაკი (რაკრაკებს)
raš,რაშ,b d,B,GE,n,,raši; rašeⁿ,რაში,steed (fabulous),конь (сказочный),**რაშ** *ბ დ* (რაში; რაშეჼ) რაში
račʼov,რაჭოვ,v b,M,GE,n,,račʼobi; račʼveⁿ,რაჭველი,Rachian,рачинец,**რაჭოვ** *ვ ბ* (რაჭობი; რაჭვეჼ)რაჭველი
rax,რახ,d,D,GE,onomat,,,რახუნი,"banging, slamming",рах,**რახ** *დ* რახუნი (ხმაბაძვ.)**რახბაჰ’არ** გრდმ. გარახუნება **რახბაჰ’ითარ** გრდმ. რახუნის გაღებინება
raxdar,რახდარ,,,,,,,,,,**რახდარ** *გრდმ.* გარახუნება
raxditar,რახდითარ,,,,,,,,,,**რახდითარ** გრდმ. დარახუნება
raxtʼ,რახტ,j j,J,GE,n,,raxtʼeⁿ,რახტი,decorated bridle,сбруя,**რახტ** *ჲ ჲ* (რახტეჼ) რახტი
rajxrujxĭ,რაჲხრუჲხი̆,d d,D,GE,n,,gamoscems,რახარუხი,"bang, banging",стукотня,**რაჲხრუჲხი̆** *დ დ* რახარუხი **რაჲხრუჲხ[ი̆] დარ** გრდმ. რახარუხის გამოცემა (გამოსცემს)
rbev,რბევ,j j,J,GE,n,,,რბევა,"robbery, burglary, raid","грабеж, набег",**რბევ** *ჲ ჲ* რბევა
rbevad-d-ar,რბევად-დ-არ,,,,,,arbevs,,,,**რბევად-დ-არ** გრდმ. რბევა (არბევს)
regv[e]nob,რეგვ[ე]ნობ,j j,,,,,,,,,"**რეგვ[ე]ნობ** *ჲ ჲ* რეგვნობა, სირეგვნე, სისულელე"
regveⁿ,რეგვეჼ,,,GE,a,,,რეგვენი,"foolish, silly, oafish","глупый, грубый",**რეგვეჼ**  რეგვენი
revad-d-alar,რევად-დ-ალარ,,,GE,vi,,ireva,რევა (ირევა),be mixed,"смешиваться, сливаться, запутываться",**რევად-დ-ალარ** გრდუვ. რევა (ირევა)
revad-d-ar,რევად-დ-არ,,,GE,vt,,urevs,შერევა (ურევს); არევა (არევს),"mix, mingle, mix up",смешивать; путать,**რევად-დ-არ** გრდმ. 1. შერევა (ურევს) 2. არევა (არევს)
=ren (len),=რენ (ლენ),,,,,,len,,,,**=რენ (ლენ)** 1. თანდებული ნათესაობით ბრუნვასთან და რთულ ფორმებში =გან
retʼ,რეტ,j,J,GE,n,,,რეტი,scrapie,"вертеж (болезнь, овец)","**რეტ** *ჲ* რეტი **რეტ ჴაჸარ** გრდუვ. რეტის შეხვედრა, შეყრა; იხ. ბრუტ"
reul,რეულ,,,GE,a,,ucxo sakoneli,შერეული (უცხო საქონელი),"mingled, mixed up (other people's cattle)",скот (неизвестного хозяина в чужом стаде),**რეულ** შერეული (უცხო საქონელი)
recepʼtʼ,რეცეპტ,d d,D,GE,n,,recepʼtʼi; recepʼtʼeⁿ,რეცეპტი,recipe,рецепт,**რეცეპტ** *დ დ* (რეცეპტი; რეცეპტეჼ) რეცეპტი
rveul,რვეულ,d d,D,GE,n,,rvivli; rvivleⁿ,რვეული,notebook,тетрадь,**რვეულ** *დ დ* (რვივლი; რვივლეჼ) რვეული
rtvel,რთველ,j j,J,GE,n,,rtveli; rtveleⁿ,რთველი,"grape harvest, vintage",сбор урожая винограда,**რთველ** *ჲ ჲ* (რთველი; რთველეჼ)რთველი
rial,რიალ,j,J,GE,n,,,გრიალი,roar,шумгам,**რიალ** *ჲ* გრიალი
rial jaħar,რიალ ჲაჰ’არ,,,,,,grialit gavla,,,,**რიალ ჲაჰ’არ** გრდმ. 1. თავდასხმა 2. გრიალი (გრიალით გავლა)
rigbad-d-alar,რიგბად-დ-ალარ,,,GE,vi,,ʒraxavs,"ძრახვა (ძრახავს), სამდურავის ლაპარაკი","rebuke, reproach, condemn",осуждать,"**რიგბად-დ-ალარ** გრდუვ. ძრახვა (ძრახავს), სამდურავის ლაპარაკი"
rigbad-d-ar,რიგბად-დ-არ,,,GE,vt,,arigebs,დარიგება (არიგებს),"hand out, hand round",раздавать,**რიგბად-დ-არ** გრდმ. დარიგება (არიგებს)*;* სრ. დარიგბად-დ-არ
rigbar,რიგბარ,,,GE,vt,,micvalebulisatvis,"წესის აგება (მიცვალებულისათვის); რიგში დგომა, რიგის შექმნა",hold funeral; be sb's turn,соборовать (покойника); стать в очередь,"**რიგბარ** გრდმ. 1. წესის აგება (მიცვალებულისათვის)2. რიგში დგომა, რიგის შექმნა"
ridbad-d-alar,რიდბად-დ-ალარ,,,GE,vi,,erideba,გარიდება (ერიდება),avoid,избегать,**რიდბად-დ-ალარ** გრდუვ. გარიდება (ერიდება)
ridbad-d-ar,რიდბად-დ-არ,,,GE,vt,,aridebs,მორიდება (არიდებს),keep sth away from,"отделять, оберегать (от болезни...)",**რიდბად-დ-არ** გრდმ. მორიდება (არიდებს)
rikʼ,რიკ,j j,J,GE,n,,,"რიკი, ჩილიკა",short stick,короткая палка,"**რიკ** *ჲ ჲ* რიკი, ჩილიკა"
rikʼ-ğočʼ,რიკ-ღოჭ,d d,D,,n,,rikʼ-ğočʼi,ჩილიკა ჯოხი,game of catch (with stick),чижик (назв. игры),**რიკ-ღოჭ** *დ დ* (რიკ-ღოჭი) ჩილიკა ჯოხი
risxv,რისხვ,j j,,,,,,,,,"**რისხვ** *ჲ ჲ* რისხვა, შერისხვა"
risxod-d-ar,რისხოდ-დ-არ,,,,,,risxavs,,,,**რისხოდ-დ-არ**  გარდმ. შერისხვა (რისხავს)
ritʼeⁿ,რიტეჼ,,,GE,a,,,რეტიანი,"giddy, dizzy","вертежный, с вертежем",**რიტეჼ** რეტიანი
riqʼ,რიყ,j j,J,GE,n,,riqʼeⁿ,რიყე,rocky river bank,каменистый берег реки,**რიყ** *ჲ ჲ* (რიყეჼ) რიყე
rix,რიხ,j,J,GE,n,,,რიხი,self-confidence,"апломб, смелость, самоуверенность",**რიხ** *ჲ* რიხი
rixveⁿ,რიხვეჼ,,,,,,,,,,**რიხვეჼ**  რიხიანი
rkʼvevad-d-ar,რკვევად-დ-არ,,,GE,vt,,marcvlisa,"რკვევა (მარცვლისა...), გადარჩევა (ცხვრისა)","winnow (grain), sort out","отбирать (зерно, скот)","**რკვევად-დ-არ** გრდმ. რკვევა (მარცვლისა), გადარჩევა (ცხვრისა)"
rokʼ,როკ,,J,GE,n,,rokʼi; rokʼeⁿ,როკი,knot,сук,**როკ** ჲ ჲ (როკი; როკეჼ)როკი (ნუჟრიანი კაპი)
rošad-d-ar,როშად-დ-არ,,,GE,vt,,,როშვა,grind coarsely,"крупно молоть, молоть глупости",**როშად-დ-არ** გრდმ. როშვა
ročʼŏ,როჭო̆,d d,D,GE,n,,ročʼuj; ročʼujⁿ,როჭო,black grouse,тетерев,**როჭო̆** *დ დ* (როჭუჲ; როჭუჲჼ) როჭო
ru[v],რუ[ვ],j j,,,,,ru[v]i; ruveⁿ,,,,**რუ[ვ]** *ჲ ჲ* (რუ[ვ]ი; რუვეჼ) რუ
rumb,რუმბ,d d; j j,Dj,GE,n,,rumbi; rumbeⁿ,რუმბი,large wine-skin,бурдюк,**რუმბ** *დ დ; ჲ ჲ* (რუმბი; რუმბეჼ) რუმბი
rus,რუს,v b; j d,M/F,GE,n,,rusi; rusaⁿ,რუსი,Russian,русский,"**რუს** *ვ ბ; ჲ დ* (რუსი; რუსაჼ) რუსი **რუსაჼ ჲოჰ’, ფსტუჲნო̆** *ჲ დ* რუსის ქალი, დედაკაცი."
rusita,რუსითა,j j,J,GE,n,,,რუსეთი,Russia,Россия,**რუსითა** *ჲ ჲ* რუსეთი
rusul,რუსულ,,,GE,a,,,რუსული,Russian,русский,**რუსულ** რუსული
rcʼmeⁿ,რწმეჼ,j j,J,GE,n,,,რწმენა,"belief, conviction",вера,**რწმეჼ** *ჲ ჲ* რწმენა
rǯul,რჯულ,j j,J,GE,n,,,რჯული,"belief, creed, faith, confession","вера, религия, закон, обычай",**რჯულ** *ჲ ჲ* რჯული
"sa (ħal) daɬar, sa (ħal) ixar","სა (ჰ’ალ) დალ’არ, სა (ჰ’ალ) იხარ",,,,,,ħal,,,,"**სა (ჰ’ალ) დალ’არ, სა (ჰ’ალ) იხარ**სულის ამოსვლა, სულის ამოხდომა (სული [ამო]ხდება)"
sa,სა,d d,D,,n,,sinbuj; siⁿ,სული,"spirit, ghost",душа,**სა** *დ დ* (სინბუჲ; სიჼ)1. სული რთული ფუძის ან შესიტყვების შემადგენელი ნაწილი
sa dux daxar,სა დუხ დახარ,,,,,,suntkavs,,,,**სა დუხ დახარ** *გრდმ. სუნთქვა (სუნთქავს)*
sa dux,სა დუხ,,,,,,amoisuntkavs,,,,"**სა დუხ** **დაჴარ** *გრდმ. ამოსუნთქვა (ამოისუნთქავს);* **სა დუყარ** *გრდუვ. სუნთქვის შეჩერება, სულის შეხუთვა*"
sa,სა,,D,,n,,,სული,"spirit, ghost",душа,"**სა**: **სა დალლოშ** 1. სულდგმული 2. მარდი, მკვირცხლი, გამრჯე"
saavadmqʼopo,საავადმყოფო,j j,J,GE,n,,saavadmqʼopuj; saavadmqʼopujⁿ,საავადმყოფო,hospital,больница,**საავადმყოფო** *ჲ ჲ* (საავადმყოფუჲ; საავადმყოფუჲჼ) საავადმყოფო
saat,საათ,j j,J,GE,n,,saati; savteⁿ,საათი,hour,часы,**საათ** *ჲ ჲ* (საათი; სავთეჼ) საათი
sabaⁿ,საბაჼ,d d,D,GE,n,,sabni; sabneⁿ,საბანი,blanket,одеяло,**საბაჼ** *დ დ* (საბნი; საბნეჼ) საბანი
sabarŏ,საბარო̆,d d,D,GE,n,,,საბარო ურემი,low cart,небольшая арба,**საბარო̆** *დ დ* საბარო ურემი
sab-d-ar,საბ-დ-არ,,,,,,rodesac zedmetʼi ara gakvs,,,,**საბ-დ-არ** გრდმ. 1. გამეტება (როდესაც ზედმეტი არა გაქვს) 2. ჭარბად ქნა (ჭარბად უზამს); იხ. საუ̆ბუ̆
sabervel,საბერველ,d d,D,GE,n,,,საბერველი,bellows,мех (кузнечный),**საბერველ** *დ დ* საბერველი
sablajnĭ,საბლაჲნი̆,,,,,,,,,,"**საბლაჲნი̆** მიმღ. ჭარბი, რაც ზედმეტია"
sablexiⁿ,საბლეხიჼ,,,,,,,,,,"**საბლეხიჼ** ზმნს. უმეტესად, მეტწილად"
sabr,საბრ,d,D,GE,n,,,საბრი,aloe,"сабур, алоэ",**საბრ** *დ* საბრი *(მცენარეა)*
sabudar,საბუდარ,j j,J,GE,n,,sabudri; sabudreⁿ,საბუდარი,"hen's laying box, nest",гнездо (наседки),**საბუდარ** *ჲ ჲ* (საბუდრი; საბუდრეჼ) საბუდარი
sabut,საბუთ,b d,B,GE,n,,sobti; sajbteⁿ,საბუთი,"argument, proog","доказательство, довод",**საბუთ** *ბ დ* (სობთი; საჲბთეჼ) საბუთი
sabʒel,საბძელ,d d,D,GE,n,,sabʒli; sabʒleⁿ,საბძელი,"adobe building, wattle building","саманник, овин",**საბძელ** *დ დ* (საბძლი; საბძლეჼ) საბძელი
sabčʼŏ,საბჭო̆,j j,J,GE,n,,sabčʼuj; sabčʼujⁿ,საბჭო,council,совет,**საბჭო̆** *ჲ ჲ*  (საბჭუჲ; საბჭუჲჼ) საბჭო
sag,საგ,b d,B,,n,,sagar; sageⁿ,ირემი,deer,олень,**საგ** *ბ დ* (საგარ; საგეჼ) ირემი
sagar,საგარ,b d,B,GE,n,,,საგორავი ქვა,rock rolling down a slope,"камень, катящийся по наклону",**საგარ** *ბ დ* საგორავი ქვა
sagorav,საგორავ,d d,D,GE,n,,,"საგორავი (ქვა ან ხის ნაჭერი, ბორბლისათვის შესაყენებლად, რომ ურემი და მისთ არ დაგორდეს); ვიწრო, ჭრელი ქეჩა",piece of wood or stone to prevent a wheel from rolling,"камень (который кладут под колесо повозки, арбы); узкий, пестрый войлок вроде ковра",**საგორავ** *დ დ* 1. საგორავი 2. ვიწრო ჭრელი ქეჩა
sadavŏ,სადავო̆,,,GE,a,,,სადავო,"arguable, dubious","спорный, исковой",**სადავო̆** სადავო
sadalakŏ,სადალაქო̆,j j,J,GE,n,,sadalakujⁿ,სადალაქო,barbershop,цирюльня,**სადალაქო̆** *ჲ ჲ* (სადალაქუჲჼ) სადალაქო
sadar,სადარ,,,,,,,,,,"**სადარ** გრდმ. გათენება, ღამის თეთრად გატარება*;**სახილ’არ** გრდუვ. გათენება, გაცისკროვნება*"
sadar,სადარ,,,,,,,,,,**სადარ** გრდმ. იხ. სა
sadaxujla,სადახუჲლა,d d,,,,,,,,,"**სადახუჲლა** *დ დ* სასუნთქი მილი, სასულე"
sadev,სადევ,j j,J,GE,n,,sadevi; sadevaⁿ,სადავე,reins,"поводья, вожжи",**სადევ** *ჲ ჲ* (სადევი; სადევაჼ) სადავე
sadğegrʒelŏ,სადღეგრძელო̆,b d,B,GE,n,,sadğegrʒeluj,სადღეგრძელო,toast,заздравный тост,**სადღეგრძელო̆** *ბ დ* (სადღეგრძელუჲ)სადღეგრეძელო
savat,სავათ,j j,J,GE,n,,savti; savteⁿ,სავათი,great bustard,дрофа,**სავათ** *ჲ ჲ* (სავთი; სავთეჼ) სავათი *(გარეული ფრინველია)*
savačʼrŏ,სავაჭრო̆,j j; d d,J/D,GE,n,,,სავაჭრო,shop,лавка,**სავაჭრო̆** *ჲ ჲ; დ დ* სავაჭრო
saz,საზ,b d,B,GE,n,,sazi; sazeⁿ,საზი,saz,саз (музык. инстр.),**საზ** *ბ დ* (საზი; საზეჼ) საზი
sazarel,საზარელ,,,GE,a,,,"საზარელი, საშინელი","terrifying, frightening","ужасный, страшный","**საზარელ** საზარელი, საშინელი **საზარლათ** ზმნს. საზარლად"
sazğvar,საზღვარ,j j,J,GE,n,,sazğvri; sazğvreⁿ,საზღვარი,border,граница,**საზღვარ** *ჲ ჲ* (საზღვრი; საზღვრეჼ) საზღვარი
satakʼilŏ,სათაკილო̆,,,GE,a,,,სათაკილო,"shameful, demeaning","постыдный, предсудительный",**სათაკილო̆** სათაკილო
satal,სათალ,j j,J,GE,n,,satleⁿ,სათალი,smoked sturgeon fillet,копченый бок осетрины,**სათალ** *ჲ ჲ* (სათლეჼ) სათალი
satemŏ,სათემო̆,,,GE,a,,,სათემო,pertaining to clan/commune,общинный,**სათემო̆** სათემო
sater,სათერ,j j,J,GE,n,,satri; satreⁿ,"სათარი, მორი",large log,бревно (волочимое ярмом),"**სათერ** *ჲ ჲ* (სათრი; სათრეჼ) სათარი, მორი"
satvalareⁿ,სათვალარეჼ,,,,,,,,,,**სათვალარეჼ**  სათვალეებიანი
satvali,სათვალი,d,0d,GE,n,,,სათვალე,glasses,очки,**სათვალი** *დ* მრ. სათვალე
sativ,სათივ,b d,B,GE,n,,sativi; sativeⁿ,ზვინი,haystack,стог (сена),**სათივ** *ბ დ* (სათივი; სათივეჼ) ზვინი
satitĕ,სათითე̆,b d,B,GE,n,,satiteⁿ,სათითე,thimble,напёрсток,**სათითე̆** *ბ დ* (სათითეჼ) სათითე
satopur,სათოფურ,d d,D,GE,n,,"satujpri, satopri; satujpreⁿ, satopreⁿ",სათოფური,gun-port,амбразура,"**სათოფურ** *დ დ* (სათუჲფრი, სათოფრი; სათუჲფრეჼ, სათოფრეჼ) სათოფური"
saidumlŏ,საიდუმლო̆,,,GE,a,,,საიდუმლო,secret,"тайный, тайна, секретный",**საიდუმლო̆** საიდუმლო
sajiⁿ,საჲიჼ,,,,pro,,sakʼutari,ჩემი (საკუთარი),"my own, (first singular reflexive possessive pronoun)",мой (собственный),**საჲიჼ** კუთვ. ნაცვ. ჩემი (საკუთარი)
sakʼabĕ,საკაბე̆,d d,D,GE,n,,sakʼabeⁿ,საკაბე,dress material,материя на платье,**საკაბე̆** *დ დ* (საკაბეჼ) საკაბე
sakʼacĕ,საკაცე̆,d d,D,GE,n,,sakʼaci; sakʼaceⁿ,საკაცე,stretcher,носилки,**საკაცე̆** *დ დ* (საკაცი; საკაცეჼ) საკაცე
sakʼenkʼ,საკენკ,j j,J,GE,n,,sakʼenkʼeⁿ,საკენკი,feed (for birds),зерновой корм (для птицы),**საკენკ** *ჲ ჲ* (საკენკეჼ) საკენკი
sakʼer,საკერ,j j,J,,n,,sakʼreⁿ,კისერი,neck,"щея, выя",**საკერ** *ჲ ჲ* (საკრეჼ) კისერი
sakʼidel,საკიდელ,,D,GE,n,,sakʼidleⁿ,საკიდელი,chain to hang pots over fire,"цепь, на которой вешают котел над очагом",**საკიდელ** დ დ (საკიდლეჼ) საკიდელი
sakʼirĕ,საკირე̆,j j,J,GE,n,,sakʼireⁿ,საკირე,lime kiln,творило,**საკირე̆** *ჲ ჲ* (საკირეჼ) საკირე
sakʼlav,საკლავ,b d,B,GE,n,,sakʼluj; sakʼlaveⁿ,"საკლავი, სახორცე (საქონელი)",cattle to be slaughtered,убойный скот,"**საკლავ** *ბ დ* (საკლუჲ; საკლავეჼ)საკლავი, სახორცე (საქონელი)"
sakʼral,საკრალ,,,,,,,,,,"**საკრალ** ზმნს. ყირამალა, თავდაყირა. იხ. საკერ"
sakʼreⁿ kʼʕokʼ,საკრეჼ კჵოკ,b d,,,,,,,,,"**საკრეჼ კჵოკ** *ბ დ* კისრის ორმო, ე.ი. კეფა, კინწი"
sakʼutreb,საკუთრებ,j j,J,GE,n,,,საკუთრება,property,собственность,**საკუთრებ** *ჲ ჲ* საკუთრება
salagmĕ,სალაგმე̆,j j,J,GE,n,,,სალაგმე კბილი,horse's canine tooth,уздечный большой зуб-резец у лошади,**სალაგმე̆** *ჲ ჲ* სალაგმე კბილი
salam,სალამ,b d,B,GE,n,,salmeⁿ,სალამი,greeting,"поклон, приветствие","**სალამ** *ბ დ* (სალმეჼ) სალამი **სალამ ბალიშ** სალმიანი **სალამ ალ’არ, სალამ ლევბარ** გრდმ. სალმის თქმა (სალამს ეტყვის, ეუბნება) **სალამ ბალ’არ, სალამ თელ’არ** გრდმ. სალმის მიცემა (სალამს მისცემს, აძლევს)"
salxinŏ,სალხინო̆,,,GE,a,,,"სალხინო, სამხიარულო, მოსალხენი","festive, joyful","увеселительный, радостный","**სალხინო̆** სალხინო, სამხიარულო, მოსალხენი"
samagalitŏ,სამაგალითო̆,,,GE,a,,,სამაგალითო,examplary,примерный,**სამაგალითო̆** სამაგალითო
samagierot,სამაგიეროთ,,,,,,,,,,**სამაგიეროთ** ზმნს. სამაგიეროდ
samagierŏ,სამაგიერო̆,,,GE,a,,,სამაგიერო,substitute,отместка,**სამაგიერო̆** სამაგიერო
samadlobel,სამადლობელ,,,,,,,,,,**სამადლობელ** 1. დასამადლებელი *2. სამადლობელო*
samadlŏ,სამადლო̆,,,GE,a,,,სამადლო,"good, kind, virtuous",благой,**სამადლო̆** სამადლო
samaldĕ,სამალდე̆,d d,D,GE,n,,samaldi; samaldeⁿ,"სამალდე, აპეური",goat-hair twine,"шкворень, веревка для яремных шкворней","**სამალდე̆** *დ დ* (სამალდი; სამალდეჼ)სამალდე, აპეური"
samamasaxlisŏ,სამამასახლისო̆,j j,J,GE,n,,samamasaxisujšĭ; samamsaxlisujⁿ,სამამასახლისო,,находящиеся в ведении одного старшины,**სამამასახლისო̆** *ჲ ჲ* (სამამასახისუჲში̆; სამამსახლისუჲჼ) სამამასახლისო
samaⁿ,სამაჼ,d d,D,GE,n,,sam[a]ni; samneⁿ,"სამანი, მიჯნა, საზღვარი","border, boundary","межа, граница","**სამაჼ** *დ დ* (სამ[ა]ნი; სამნეჼ) სამანი, მიჯნა, საზღვარი"
samarx,სამარხ,j j,J,GE,n,,,სამარხი ხარჯები,funeral expenses,похоронные расходы,**სამარხ** *ჲ ჲ* სამარხი ხარჯები
samarxŏ,სამარხო̆,,,GE,a,,,სამარხვო,Lenten,постный,**სამარხო̆** სამარხვო
samdurav,სამდურავ,b d,B,GE,n,,samdurveⁿ,სამდურავი,reproach,"недовольство, упрек",**სამდურავ** *ბ დ* (სამდურვეჼ) სამდურავი
samelnĕ,სამელნე̆,j j; d d,J/D,GE,n,,samelni; samelneⁿ,სამელნე,inkpot,чернильница,**სამელნე̆** *ჲ ჲ; დ დ* (სამელნი; სამელნეჼ) ) სამელნე
samepŏ,სამეფო̆,j j,J,GE,n,,samepuj; samepujⁿ,სამეფო,"kingdom, realm",царство,**სამეფო̆** *ჲ ჲ* (სამეფუჲ; სამეფუჲჼ) სამეფო
samzardul,სამზარდულ,j j,J,GE,n,,samzajrdli; samzardleⁿ,საზარდული,groin,пах,**სამზარდულ** *ჲ ჲ* (სამზაჲრდლი; სამზარდლეჼ) საზარდული
samkʼerdul,სამკერდულ,j j,J,GE,n,,,სამკერდული (ცხენისა),decorative chest-band for horse,наперсник (лошади),**სამკერდულ** *ჲ ჲ* სამკერდული (ცხენისა)
samovar,სამოვარ,d d,D,RU,n,,samovri; samovreⁿ,სამოვარი,samovar,самовар,**სამოვარ** *დ დ* (სამოვრი; სამოვრეჼ) სამოვარი
samotxĕ,სამოთხე̆,d,J,GE,n,,samotxeⁿ,სამოთხე,heaven,рай,**სამოთხე̆** ჲ ჲ (სამოთხეჼ) სამოთხე; **სამოთხი** *დ* დიდი მარხვის პირველი ხუთშაბათის დღესასწაული
samrekʼlŏ,სამრეკლო̆,d d,D,GE,n,,samrekʼlujšĭ; samrekʼlujⁿ ,სამრეკლო,bell tower,колокольня,**სამრეკლო̆** *დ დ* (სამრეკლუჲში̆; სამრეკლუჲჼ )სამრეკლო
samsar:,სამსარ:,,,,,,dasunavs,,,,**სამსარ:** ჰ’აჲჭი̆ სამსარ გრდმ. დასუნვა (დასუნავს)
samurvel,სამურველ,d d,D,GE,n,,samurvli; samurvleⁿ,სამურველი,curry comb,скребница,**სამურველ** *დ დ* (სამურვლი; სამურვლეჼ) სამურველი
samuql,სამუჴლ,j j,J,GE,n,,samuqli; samuqleⁿ,შარვალი; ქვედა საცვალი,trousers; underpants,"брюки, кальсоны, трусы",**სამუჴლ** *ჲ ჲ* (სამუჴლი; სამუჴლეჼ) შარვალი; ქვედა საცვალი
samqʼuraɁŏ,სამყურაჸო̆,d d,D,GE,n,,samqʼureⁿ,სამყურა,clover,клевер,**სამყურაჸო̆** *დ დ* (სამყურეჼ) სამყურა
samcʼqʼartʼul,სამწყარტულ,j j,J,GE,n,,,"საწყვეტი, საღრტილი",saddle strap,"плетенная шерстяная веревка для вещей, мешков","**სამწყარტულ** *ჲ ჲ* საწყვეტი, საღრტილი"
samčʼadĕ,სამჭადე̆,j j,J,GE,n,,samčʼadi; samčʼadeⁿ,"ცეცხლის საჩრეკი, ჩეკი",(fire) poker,кочерга,"**სამჭადე̆** *ჲ ჲ* (სამჭადი; სამჭადეჼ) ცეცხლის საჩხრეკი, ჩეკი"
samčʼedlŏ,სამჭედლო̆,j j,J,GE,n,,samčʼedluj; samčʼedlujⁿ,სამჭედლო,smithy,кузница,**სამჭედლო̆** *ჲ ჲ* (სამჭედლუჲ; სამჭედლუჲჼ) სამჭედლო
=saⁿ,=საჼ,,,,post,,,თანდ. სხვადასხვა ბრუნვასთან,,,"**=საჼ** თანდ. სხვადასხვა ბრუნვასთან =ვით, =ებრ, =თანა"
sanat,სანათ,j j,J,GE,n,,sanati; san[a]teⁿ,სანათი,(oil/gas) lamp,светильник,**სანათ** *ჲ ჲ* (სანათი; სან[ა]თეჼ) სანათი
sanam,სანამ,,,GE,conj,,,სანამ,until,"пока, до тех пор",**სანამ** კავშ. სანამ
sanaxirŏ,სანახირო̆,j j,J,GE,n,,,"სანახირო, საბალახო",pasture,пастбище (для крупного рогатого скота),"**სანახირო̆** *ჲ ჲ* სანახირო, საბალახო"
sangal,სანგალ,j j,J,GE,n,,,"სანგარი, შემოღობილი",trench,"окоп, траншея, ограждение вокруг селения","**სანგალ** *ჲ ჲ* სანგარი, შემოღობილი"
sangŏ,სანგო̆,j j,,,,,sangujšĭ; sangoⁿ**,,,,**სანგო̆** *ჲ ჲ* (სანგუჲში̆; სანგოჼ**)**ეზო **სანგოხ ლელარ** *გრდუვ. კარდაკარ სიარული;* იხ. სანი
saneb,სანებ,j,J,GE,n,,,სამება,trinity,троица,**სანებ** *ჲ* სამება
sanelebel,სანელებელ,d d,D,GE,n,,,"სანელებელი, შესანელებელი",seasoning,"приправа, пряности","**სანელებელ** *დ დ* სანელებელი, შესანელებელი"
sanergĕ,სანერგე̆,j j,J,GE,n,,sanergi; sanergeⁿ,სანერგე; ნერგი,nursery for saplings; sapling,питомник; саженец,**სანერგე̆** *ჲ ჲ* (სანერგი; სანერგეჼ)1. სანერგე 2. ნერგი
santel,სანთელ,j j,J,GE,n,,santli; santleⁿ,სანთელი,candle,"свеча, воск",**სანთელ** *ჲ ჲ* (სანთლი; სანთლეჼ)სანთელი
santxŏ,სანთხო̆,b d,B,GE,n,,santxoⁿ,საღმრთო,"holy, divine",религиоз. празднество,**სანთხო̆** *ბ დ* (სანთხოჼ) საღმრთო
sani,სანი,d,0d,,n,,,კარები,door(s),двери,**სანი** *დ* კარები
sani debloiⁿ,სანი დებლოიჼ,,,,,,šipn.,,,,**სანი დებლოიჼ** გასაღები *(შიფნ.)*
"saj deni[ħ], saj žame[ħ]","საჲ დენი[ჰ’], საჲ ჟამე[ჰ’]",,,,,,uarqʼopastan,,,,"**საჲ დენი[ჰ’], საჲ ჟამე[ჰ’]** ჩემს დღეში, არასდროს, არასოდეს (უარყოფასთან)"
saoǯaxŏ,საოჯახო̆,,,GE,a,,,საოჯახო,family,"семейный, относящийся к семье",**საოჯახო̆** საოჯახო
sapʼalnĕ,საპალნე̆,d d,D,GE,n,,sapʼalneⁿ,საპალნე,load (for pack animal),вьюк,**საპალნე̆** *დ დ* (საპალნეჼ) საპალნე
sapʼircʼamlĕ,საპირწამლე̆,d d,D,GE,n,,,საპირწამლე,powder flask for flintlock gun,"запал, пороховница",**საპირწამლე̆** *დ დ* საპირისწამლე
sapʼircʼomal,საპირწომალ,b d,B,GE,n,,,თოფის წამალი,gunpowder,порох,**საპირწომალ** *ბ დ* თოფის წამალი
sapʼnad-d-ar,საპნად-დ-არ,,,GE,vt,,sapʼnavs,გასაპვნა (საპნავს),soap,"намыливать, смазывать мылом",**საპნად-დ-არ** გრდმ. გასაპვნა (საპნავს)
sapʼoⁿ,საპოჼ,d d,D,GE,n,,sapʼni; sapʼneⁿ,საპონი,soap,мыло,**საპოჼ**  *დ დ* (საპნი; საპნეჼ) საპონი
sažeⁿ,საჟეჼ,j j,J,GE; RU,n,,,საჟენი,"fathom (2,3 metres)",сажень,**საჟეჼ** *ჲ ჲ* საჟენი
sar,სარ,b d,B,GE,n,,sari; sareⁿ,"სარი, ჭიგო","stake, pole",таркал,"**სარ** *ბ დ* (სარი; სარეჼ) სარი, ჭიგო"
sarg[e]bel,სარგ[ე]ბელ,j j,,,,,,,,,**სარგ[ე]ბელ** *ჲ ჲ* სარგებელი
sardap,სარდაფ,d d,D,GE,n,,sardpi; sardapeⁿ,სარდაფი,cellar,"погреб, подвал",**სარდაფ** *დ დ* (სარდფი; სარდაფეჼ) სარდაფი
sarekʼel,სარეკელ,d d,D,GE,n,,,სარეკელა,mill hopper shoe,"приспособление в мельнице, арбе",**სარეკელ** *დ დ* სარეკელა
sart,სართ,j (d),J/D,GE,n,,,სართი,addition,"придача, надбавка",**სართ** *ჲ (დ)* სართი
sartul,სართულ,d d,D,GE,n,,sejrtli; sejrtleⁿ,სართული,"floor, storey",этаж,**სართულ** *დ დ* (სეჲრთლი; სეჲრთლეჼ) სართული
sarkʼmel,სარკმელ,d d,D,GE,n,,sarkʼmeleⁿ,საკმეველი,incense,ладан,**სარკმელ** *დ დ* (სარკმელეჼ) საკმეველი
sarsaraɁŏ,სარსარაჸო̆,d d,D,GE,n,,sarsaruj; sarsraɁujⁿ,სარსარაკი,little bustard,стрепен,**სარსარაჸო̆** *დ დ* (სარსარუჲ; სარსრაჸუჲჼ)სარსარაკი *(ფრინველის სახეობა)*
sartʼar,სარტარ,,,,vi,,dacʼqʼevlis,დაწყევლა (დაწყევლის),"curse, damn",проклясть,**სარტარ** გრდუვ. დაწყევლა (დაწყევლის) იხ. სერტარ
sarp,სარფ,j,J,GE,n,,,სარფა,"benefit, use, advantage","выгода, польза",**სარფ** *ჲ* სარფა
sarkal,სარქალ,v b,M,GE,n,,sarkli; sarkleⁿ,სარქალი,head shepherd,"старший пастух, управляющий хозяйством",**სარქალ** *ვ ბ* (სარქლი; სარქლეჼ) სარქალი
sarčŏ,სარჩო̆,j j,J,GE,n,,,"სარჩო, სიმდიდრე, ქონება","property, wealth","богатство, достаток","**სარჩო̆** *ჲ ჲ* სარჩო, სიმდიდრე, ქონება"
sarcx,სარცხ,d d,D,GE,n,,sarcxi; sarcxeⁿ,სარცხი,wine-jar scouring rod,мутовка (для промывания кувшинов),**სარცხ** *დ დ* (სარცხი; სარცხეჼ) სარცხი
sas,სას,,,,,,alir.,,,,**სას** თავკომბალა *(ალირ.)*
sasamartlŏ,სასამართლო̆,j j,J,GE,n,,sasamartlujšĭ; sasamartloⁿ,სასამართლო,"court, trial",суд,**სასამართლო̆** *ჲ ჲ* (სასამართლუჲში̆; სასამართლოჼ)სასამართლო
sasapʼnĕ,სასაპნე̆,d d,D,GE,n,,sasapʼni; sasapʼneⁿ,სასაპნე,soap-dish,мыльница,**სასაპნე̆** *დ დ* (სასაპნი; სასაპნეჼ) სასაპნე
sasargeblŏ,სასარგებლო̆,,,GE,a,,,სასარგებლო,"beneficial, useful",полезный,**სასარგებლო̆** სასარგებლო
sasaxlĕ,სასახლე̆,d d,D,GE,n,,sasaxli; sasaxleⁿ,სასახლე,palace,дворец,**სასახლე̆** *დ დ* (სასახლი; სასახლეჼ) სასახლე
saseirnŏ,სასეირნო̆,j j,J,GE,n,,sasejrnujšĭ,სასეირნო ადგილი,promenade,место для гулянья,**სასეირნო̆** *ჲ ჲ* (სასეჲრნუჲში̆) სასეირნო ადგილი
sasiamovnŏ,სასიამოვნო̆,,,GE,a,,,სასიამოვნო,pleasant,приятный,**სასიამოვნო̆** სასიამოვნო
sasimindĕ,სასიმინდე̆,d d,D,GE,n,,sasimindi; sasimindeⁿ,სასიმინდე,maize-shed,кукурузник,**სასიმინდე̆** *დ დ* (სასიმინდი; სასიმინდეჼ) სასიმინდე
sasiʒŏ,სასიძო̆,v b,M,GE,n,,sasiʒuj; sasiʒoⁿ,სასიძო,"future son-in-law, future brother-in-law","избранный в зятья, будущий зять",**სასიძო̆** *ვ ბ* (სასიძუჲ; სასიძოჼ) სასიძო
sasuk,სასუქ,j,J,GE,n,,sasukeⁿ,სასუქი,"manure, fertiliser",удобрение,**სასუქ** *ჲ* (სასუქეჼ) სასუქი
sascʼavlebel,სასწავლებელ,j j,J,GE,n,,sascʼavlebli; sascʼavlebleⁿ,სასწავლებელი,school,училище,**სასწავლებელ** *ჲ ჲ* (სასწავლებლი; სასწავლებლეჼ) სასწავლებელი
sascʼor,სასწორ,d d,D,GE,n,,sascʼori; sascʼoriⁿ,სასწორი,scales,весы,**სასწორ** *დ დ* (სასწორი; სასწორიჼ) სასწორი
sasǯel,სასჯელ,j j,J,GE,n,,,სასჯელი,"punishment, penalty",наказание,**სასჯელ** *ჲ ჲ* სასჯელი
satʼacur,სატაცურ,b,B,GE,n,,satʼacureⁿ,სატაცური,asparagus,спаржа,**სატაცურ** *ბ* (სატაცურეჼ) სატაცური
sapanel,საფანელ,d,D,GE,n,,sapanleⁿ,საფანელი,seasoning,подболтка,**საფანელ** *დ* (საფანლეჼ) საფანელი
sapantʼ,საფანტ,j j,J,GE,n,,sapantʼeⁿ,საფანტი,"shot, gun pellets",дробь,**საფანტ** *ჲ ჲ* (საფანტეჼ) საფანტი
sapetkel,საფეთქელ,j j,J,GE,n,,sapetkli; sapetkleⁿ,საფეთქელი,temple (on head),висок,**საფეთქელ** *ჲ ჲ* (საფეთქლი; საფეთქლეჼ) საფეთქელი
saperav,საფერავ,d d,D,GE,n,,qʼurʒeni,საღებავი; საფერავი (ყურძენი),"dye, paint, colouring; Saperavi (grape variety)",краска; черный виноград,**საფერავ** *დ დ* 1. საღებავი 2. საფერავი (ყურძენი)
saperxŏ,საფერხო̆,b d,,,,,saǯdomi cxeni,,,,**საფერხო̆** *ბ დ* საფერხე *(საჯდომი ცხენი)*
sapsar,საფსარ,,,,vi,,gaibereba,გაბერვა (გაიბერება); აფუება (აფუვდება),"swell up, be inflated, rise",надуться; подняться (о тесте),**საფსარ** გრდუვ. 1. გაბერვა (გაიბერება) 2. აფუება (აფუვდება) უსრ. სეფსარ
saps-d-ar,საფს-დ-არ,,,,,,aapuebs,,,,**საფს-დ-არ** გრდმ. აფუება (ააფუებს) უსრ. სეფს-დ-არ
sapsenŏ,საფსენო̆,,,,,,,,,,**საფსენო̆** მიმღ. აფუებული
sapuar,საფუარ,d,D,GE,n,,,საფუარი,yeast,"закваска, дрожжи",**საფუარ** *დ* საფუარი
sapxekʼel,საფხეკელ,d d,D,GE,n,,sapxekʼli; sapxekʼleⁿ,"საფხეკელი, ასტმი","grater, scraper",скребок,"**საფხეკელ** *დ დ* (საფხეკლი; საფხეკლეჼ) საფხეკელი, ასტამი"
sakatmĕ,საქათმე̆,d d,D,GE,n,,sakatmi; sakatmeⁿ,საქათმე,"hen-house, hen-coop",курятник,**საქათმე̆** *დ დ* (საქათმი; საქათმეჼ) საქათმე
sakejipŏ,საქეჲიფო̆,,,GE,a,,,"საქეიფო, სამხიარულო","banqueting, entertaining, joyful","предназначенный для кутежа, веселья","**საქეჲიფო̆** საქეიფო, სამხიარულო"
sakveqʼnŏ,საქვეყნო̆,,,GE,a,,,საქვეყნო,"general, public","публичный, общественный, народный",**საქვეყნო̆** საქვეყნო
sakibel,საქიბელ,,,GE,a,,,საყვრელ-სასაცილო,"fun, nice, agreeable, funny","забавный, милый",**საქიბელ** საყვარელ-სასაცილო
sakiblat,საქიბლათ,,,,,,,,,,**საქიბლათ** საყვარელ-სასაცილოდ
sağar,საღარ,,,GE,n,,cxeni,საღარი (ცხენი),horse with white brow,кличка лошади с белой полоской на льбу,**საღარ** საღარი (ცხენი)
sağ-salmat,საღ-სალმათ,,,GE,a,,,"საღ-სალამათი, უვნებელი","vigorous, fit",невредимый,"**საღ-სალმათ** საღ-სალამათი, უვნებელი"
saqʼaraulŏ,საყარაულო̆,d d,D,GE,n,,saqʼarauli; saqʼarauloⁿ,საყარაულო,sentry,караульная,**საყარაულო̆** *დ დ* (საყარაული; საყარაულოჼ) საყარაულო
saqʼasbŏ,საყასბო̆,j j,J,GE,n,,saqʼasbujšĭ; saqʼasboⁿ,"სასაკლაო, საყასბო","abbatoir, slaughterhouse","бойня, мясная лавка","**საყასბო̆** *ჲ ჲ* (საყასბუჲში̆; საყასბოჼ) სასაკლაო, საყასბო"
saqʼdar,საყდარ,d d,D,GE,n,,saqʼdri; saqʼdreⁿ,საყდარი,church,церковь,**საყდარ** *დ დ* (საყდრი; საყდრეჼ)საყდარი
saqʼvedur,საყვედურ,j j,J,GE,n,,,"საყვედური, სამდურავი","rebuke, reproach","укоризна, выговор, попрек","**საყვედურ** *ჲ ჲ* საყვედური, სამდურავი"
saqʼol,საყოლ,,,GE,n,,,გასამრავლებლად საყოლი საქონელი,breeding cattle,скот для размножения,**საყოლ** გასამრავლებლად საყოლი საქონელი
saqʼurĕ,საყურე̆,j j,J,GE,n,,saqʼuri,საყურე,earring,серьга,**საყურე̆** *ჲ ჲ* (საყური)საყურე
sašoriⁿ,საშორიჼ,,,,,,,,,,"**საშორიჼ**  სულგრძელი, დინჯი, გულარხეინი, აუღელვებელი"
sačex,საჩეხ,j j,J,GE,n,,sačexi; sačexeⁿ,საჩეხი,shed,навес,**საჩეხ** *ჲ ჲ* (საჩეხი; საჩეხეჼ) საჩეხი
sačukar,საჩუქარ,d d,D,GE,n,,sačukri; sačukreⁿ,საჩუქარი,"present, gift",подарок,**საჩუქარ** *დ დ* (საჩუქრი; საჩუქრეჼ) საჩუქარი
sacalŏ,საცალო̆,d d,D,GE,n,,sacaluj; sacaloⁿ,საცალო,big sack,большой мешок,**საცალო̆** *დ დ* (საცალუჲ; საცალოჼ) საცალო *(დიდი ტომარა)*
sacecxlur,საცეცხლურ,,D,GE,n,,sacecxluri; sacecxlureⁿ,"სამზადი, სამზარეულო",outhouse kitchen,домик под кухню,"**საცეცხლურ** დ დ (საცეცხლური; საცეცხლურეჼ) სამზადი, სამზარეულო"
sacvet,საცვეთ,d d,D,GE,n,,sacveti,"საცვეთი, პაჭიჭი",leggings,ноговица,"**საცვეთ** *დ დ* (საცვეთი)საცვეთი, პაჭიჭი"
sacxim,საცხიმ,,D,GE,n,,,"ცხიმი, სიმსუქნე",(animal) fat,жир,"**საცხიმ** დ ცხიმი, სიმსუქნე"
saʒagel,საძაგელ,,,GE,a,,,საძაგელი,"vile, loathsome","мерзкий, отвратительный",**საძაგელ** საძაგელი
saʒnĕ,საძნე̆,d d,D,GE,n,,,საძნე; საბძელი,woodshed; hayloft,"саманник, мякинник, сарай",**საძნე̆** *დ დ* საძნე; საბძელი
saʒrox[ĕ],საძროხ[ე̆],d d,,,,,saʒroxi; saʒroxeⁿ,,,,"**საძროხ[ე̆]** *დ დ* (საძროხი; საძროხეჼ) საძროხე, ძროხის ბოსელი"
sacʼer-kʼalam,საწერ-კალამ,d d,D,GE,n,,,საწერ-კალამი,pen and ink,ручка и чернильница,**საწერ-კალამ** *დ დ* საწერ-კალამი
sacʼvrilmalŏ,საწვრილმალო̆,j j,J,GE,n,,sacʼvrilmaluj; sacʼvrilmanujⁿ,საწვრილმანო,small retail,"мелкие товары, лавка (мелких товаров)",**საწვრილმალო̆** *ჲ ჲ* (საწვრილმალუჲ; საწვრილმანუჲჼ) საწვრილმანო
sacʼirav,საწირავ,d d,D,GE,n,,,საწირავი (ეკლ. წირვისათვის განკუთვნილი გასამრჯელო),"priest's pay, offertory",плата священику (за службу),**საწირავ** *დ დ* საწირავი (ეკლ. წირვისთვის განკუთვნილი გასამრჯელო)
sacʼobel,საწობელ,d d,D,GE,n,,,დედა ცხვრის ჩასამწყვდევი ადგილი (აძულებული ბატკნის მოსაწოვებლად),place where an unwilling sheep is to feed her lamb,"огорожденное место для овцы, нежелающей кормить ягненка",**საწობელ** *დ დ* დედა ცხვრის ჩასამწყვდევი ადგილი (აძულებული ბატკნის მოსაწოვებლად)
sacʼqʼob,საწყობ,j j,J,GE,n,,sacʼqʼobi; sacʼqʼobeⁿ,საწყობი,depot,склад,**საწყობ**  *ჲ ჲ* (საწყობი; საწყობეჼ) საწყობი
saxareb,სახარებ,d d,D,GE,n,,,სახარება,gospel,евангелие,**სახარებ** *დ დ* სახარება
saxarǯŏ,სახარჯო̆,,,GE,a,,,სახარჯო,"for spending, expenses","расходный, на расход",**სახარჯო̆** სახარჯო
saxelmcʼipŏ,სახელმწიფო̆,j j,,,,,saxelmcʼipuj; saxelmcʼipoⁿ,,,,**სახელმწიფო̆** *ჲ ჲ* (სახელმწიფუჲ; სახელმწიფოჼ) სახელმწიფო
saxelosnŏ,სახელოსნო̆,j j,J,GE,n,,saxelosnuj; saxelosnujⁿ,სახელოსნო,(artisan's) workshop,ремесленнаяж мастерская,**სახელოსნო̆** *ჲ ჲ* (სახელოსნუჲ; სახელოსნუჲჼ) სახელოსნო
saxiblav,სახიბლავ,d,D,GE,n,,,"გესლი, შხამი; საშინელი","poison, venom",яд; ужасный; ненавижу,"**სახიბლავ** *დ* 1. გესლი, შხამი 2. გადატ. საშინელი"
saxitʼar,სახიტარ,,,,,,šeešindeba,,,,"**სახიტარ** გრდუვ. შეშინება (შეეშინდება), გულის გახეთქვა, დაფრთხობა"
saxitʼdar,სახიტდარ,,,,,,šeašinebs,,,,"**სახიტდარ** *გრდმ. შეშინება (შეაშინებს), დაფრთხობა*"
saxitʼenŏ,სახიტენო̆,,,,,,,,,,**სახიტენო̆** მიმღ. შეშინებული; იხ. სა
saxiɬno,სახილ’ნო,d,,,,,,,,,"**სახილ’ნო** *დ* დრო, როდესაც გათენებულია, *იხ. სა*"
saxiɬujla,სახილ’უჲლა,d,,,,,,,,,"**სახილ’უჲლა** *დ* გათენება, გარიჟრაჟი, განთიადი; იხ. სა"
saxsnilŏ,სახსნილო̆,,,,,,,,,,**სახსნილო̆** სახსნილო
saqačar,საჴაჩარ,,,,,,[ga]tendeba,,,,"**საჴაჩარ** გრდუვ. [გა]თენება ([გა]თენდება), გათენების მოღწევა"
"saŭb, saŭbŭ, soŭbŭ","საუ̆ბ, საუ̆ბუ̆, სოუ̆ბუ̆",,,,,,,,,,"**საუ̆ბ, საუ̆ბუ̆, სოუ̆ბუ̆** მეტი, ჭარბი"
saŭba,საუ̆ბა,j,,,,,,,,,"**საუ̆ბა** *ჲ* მეტობა, სიჭარბე"
"saŭb-eš-d-oš, sabeš-d-oš","საუ̆ბ-ეშ-დ-ოშ, საბეშ-დ-ოშ",,,,,,,,,,"**საუ̆ბ-ეშ-დ-ოშ, საბეშ-დ-ოშ** თანაბრად"
saŭb-ešuš,საუ̆ბ-ეშუშ,,,,,,,,,,**საუ̆ბ-ეშუშ** მეტ-ნაკლებად
saqasar,საჴასარ,,,,,,gatendeba,,,,**საჴასარ** გრდუვ. გათენება (გათენდება) ცისკრის ამოსვლა
saqr,საჴრ,b d,B,GE,n,,saqri,სახრე,"driver's stick, goad",палка погонщика волов,**საჴრ** *ბ დ* (საჴრი) სახრე
sevd,სევდ,d,,,,,,,,,**სევდ** *დ* სევადა
seⁿ,სეჼ,,,,pro poss,,,ჩემი,"my, (first person personal pronoun, genitive)",мой,**სეჼ**  კუთვ. ნაცვ. ჩემი
sen-d-alar,სენ-დ-ალარ,,,,,,galurǯdeba,,,,**სენ-დ-ალარ** გრდუვ. 1. გალურჯება (გალურჯდება); 2. ამწვანება (ამწვანდება)
sen-d-ar,სენ-დ-არ,,,,,,amcʼvanebs,,,,**სენ-დ-არ** გრდმ. 1. ლურჯად შეღებვა; დალურჯება 2. ამწვანება (ამწვანებს)
sendajlnŏ,სენდაჲლნო̆,,,,,,,,,,**სენდაჲლნო̆** მიმღ. 1. გალურჯებული 2. ამწვანებული
sertʼar,სერტარ,,D,,ptcp,vi,cʼqʼevlis,,,,**სერტარ** გრდუვ. 1. წყევლა (წყევლის)*2. დ დ* წყევლა
sertʼrikʼ,სერტრიკ,,,,,,,,,,"**სერტრიკ** მწყევლელი, წყევლის მოყვარული"
sesx,სესხ,j j,J,GE,n,,sesxi,სესხი,loan,долг,**სესხ** *ჲ ჲ* (სესხი) სესხი **სესხათ** ზმნს. სესხად
sesxbad-d-ar,სესხბად-დ-არ,,,,,,"asesxebs, isesxebs",,,,"**სესხბად-დ-არ** გრდმ. სესხება (ასესხებს, ისესხებს)"
sepiskʼver,სეფისკვერ,b d,B,GE,n,,sepiskʼv[e]ri,სეფისკვერი,"communion bread, host",просвира,**სეფისკვერ** *ბ დ* (სეფისკვ[ე]რი) სეფისკვერი
sepsar,სეფსარ,,,,vi,,ibereba,"გაბერვა (იბერება); აფუება (ფუვდება), ფუილი","be inflated, (dough) rise",дуться; подниматься (о тесте...),"**სეფსარ** გრდუვ. 1. გაბერვა (იბერება) 2. აფუება (ფუვდება), ფუილი"
seps-d-ar,სეფს-დ-არ,,,,,,,,,,**სეფს-დ-არ** გრდმ. აფუება (აფუებს; სრ. საფს-დ-არ
secʼol,სეწოლ,,,,n,,,უჩემობა,being without me,быть без меня (отвл. имя),**სეწოლ** უჩემობა
sejir,სეჲირ,j j,J,GE,n,,siireⁿ,სეირი,"spectacle, entertainment","зрелище, забава, интересное происшествие",**სეჲირ** *ჲ ჲ* (სიირეჼ) სეირი
"sejnĭ, siinĭ","სეჲნი̆, სიინი̆",,,,,,balaxi,,,,"**სეჲნი̆, სიინი̆** 1. ლურჯი 2. მწვანე (ბალახი)"
"sejrebad-d-alar, sirebad-d-alar","სეჲრებად-დ-ალარ, სირებად-დ-ალარ",,,,,,seirnobs,,,,"**სეჲრებად-დ-ალარ, სირებად-დ-ალარ** გრდუვ. სეირნობა (სეირნობს)"
sve,სვე,d,D,GE,n,,sveⁿ,სვია,hops,хмель,**სვე** *დ* (სვეჼ) სვია
svetʼ,სვეტ,j j,J,GE,n,,,სვეტი,"collumn, post","столб, колочна",**სვეტ** *ჲ ჲ* სვეტი
svindis,სვინდის,j,J,GE,n,,svinduⁿ,სინდისი,conscience,совесть,**სვინდის** *ჲ* (სვინდუჼ) სინდისი
svintʼr,სვინტრ,d,D,GE,n,,,სვინტრი,Solomon's seal,купена,**სვინტრ** *დ* სვინტრი
svlepʼad-d-ar,სვლეპად-დ-არ,,,GE,vt,,svlepʼs,სვლეპა (სვლეპს),"lap up, slurp",лакать,**სვლეპად-დ-არ** გრდმ. სვლეპა (სვლეპს);სრ. ასვლეპად-დ-არ
stim,სთიმ,,,,,,alir.,,,,**სთიმ** აბზინდა *(ალირ.)*
siavkʼac[ĕ],სიავკაც[ე̆],j j,,,,,,,,,**სიავკაც[ე̆]** *ჲ ჲ* სიავკაცე
sivħ-divħ,სივჰ’-დივჰ’,,,,,adv,,,,,**სივჰ’-დივჰ’** 1. ზმნს. აქეთ-იქით 2. თანდებ. აფექტივთან და მიც. ბრ. *სოჼ*
"sivħĕ, sejvħĕ","სივჰ’ე̆, სეჲვჰ’ე̆",,,,,,aketa mxares,,,,"**სივჰ’ე̆, სეჲვჰ’ე̆** 1. ზმნს. აქეთ (აქეთა მხარეს) 2. თანდ. აფექტ. და მიც. ბრ. *ხიხ*"
sii,სიი,d d,,,,,siiš; siiⁿ,,,,**სიი** *დ დ* (სიიშ; სიიჼ) სია
sikʼvdil,სიკვდილ,j,J,GE,n,,,სიკვდილი,death,смерть,**სიკვდილ** *ჲ* სიკვდილი
siliⁿ,სილიჼ,,,,,,,,,,"**სილიჼ** ღონიერი, სულით ძლიერი"
simajrtʼqʼlĭ,სიმაჲრტყლი̆,d d,D,GE,n,,,ზღმარტლი,medlar,мушмула,**სიმაჲრტყლი̆** *დ დ* ზღმარტლი
simind,სიმინდ,d d,D,GE,n,,simindoⁿ,სიმინდი,"maize, corn",кукуруза,**სიმინდ** *დ დ* (სიმინდოჼ) სიმინდი
siⁿ,სიჼ,d d,D,GE,n,,,"სინი, ლანგარი",tin platter,поднос,"**სიჼ** *დ დ* სინი, ლანგარი"
sina,სინა,d d,D,,n,,,სილურჯე; სიმწვნე,blueness; greenness,синева; зелень,**სინა** *დ დ* 1. სილურჯე 2. სიმწვანე
"sinbuj, simnuj","სინბუჲ, სიმნუჲ",,,,,,,,,,"**სინბუჲ, სიმნუჲ** მრ. იხ. სა"
sinor,სინორ,d d,D,GE,n,,,"სინორი, მიჯნა",boundary,"межа, рубеж","**სინორ** *დ დ* სინორი, მიჯნა"
sintʼr,სინტრ,j j,J,,n,,sintʼruj; sintʼrujⁿ,"წვინტლი, ცინვლი","snot, mucus",сопля,"**სინტრ** *ჲ ჲ* (სინტრუჲ; სინტრუჲჼ)წვინტლი, ცინგლი"
sinĭ,სინი̆,,,,,,,,,,**სინი̆** იხ. სეჲნი̆
siraǯ,სირაჯ,v b,,,,,sirǯi; sirǯeⁿ,,,,**სირაჯ** *ვ ბ* (სირჯი; სირჯეჼ)სირაჯი
"sirsol, sirsel","სირსოლ, სირსელ",b,,,,,,,,,"**სირსოლ, სირსელ** *ბ* სირსვალი (ლობიო)"
siskʼrul,სისკრულ,b,,,,,,,,,**სისკრულ** *ბ* ცისკრის ვარსკვლავი
sipsre[ħ],სიფსრე[ჰ’],,,,,,,,,,**სიფსრე[ჰ’]** ზმნს. გუშინწინ
sičxintʼĕ,სიჩხინტე̆,j,J,GE,n,,,"სიჩხინტე, ცოტა სიმსუქნე",slight plumpness,небольшая жирность,"**სიჩხინტე̆** *ჲ* სიჩხინტე, ცოტა სიმსუქნე"
siʒĕ,სიძე̆,v b,M,GE,n,,siʒi; siʒeⁿ,სიძე,"brother-in-law, son-in-law, father-in-law",зять,**სიძე̆** *ვ ბ* (სიძი; სიძეჼ) სიძე
sicʼiⁿ,სიწიჼ,,,,,,,,,,**სიწიჼ**  უსულო
sixašlĕ,სიხაშლე̆,j,J,,n,,,ჭლექი,tuberculosis,чихотка,**სიხაშლე̆** *ჲ* ჭლექი
six-d-axar,სიხ-დ-ახარ,,,,vi,,,"აღშფოთება, გაფიცხება",loose one's temper,"вспылить, выйти из себя","**სიხ-დ-ახარ** *გრდუვ. აღშფოთება, გაფიცხება*"
skʼa,სკა,j j,J,GE,n,,skʼajšĭ; skʼajⁿ,სკა,beehive,улей,**სკა** *ჲ ჲ* (სკაჲში̆; სკაჲჼ) სკა
skʼiv,სკივ,j j,J,,n,,skʼivi; skʼiveⁿ,ნაპერწკალი,spark,искра,**სკივ** *ჲ ჲ* (სკივი; სკივეჼ) ნაპერწკალი
skʼivr,სკივრ,b d,B,GE,n,,skʼivri; skʼivreⁿ,სკივრი,"chest, box, trunk",сундук,**სკივრ** *ბ დ*  (სკივრი; სკივრეჼ) სკივრი
skʼlatʼ,სკლატ,d d,D,,n,,skʼlatʼuⁿ,მაუდი,"cloth, broadcloth",сукно,**სკლატ** *დ დ* (სკლატუჼ) მაუდი
skʼlintʼ,სკლინტ,j j,J,GE,n,,,სკლინტი,"bird droppings, guano",птичий помет,**სკლინტ** *ჲ ჲ* სკინტლი სკლინტ თელ’არ [მო]სკინტვლა
skʼol,სკოლ,j j,J,GE,n,,,სკოლა,school,школа,**სკოლ** *ჲ ჲ* სკოლა
slekʼad-d-ar,სლეკად-დ-არ,,,GE,vt,,,სვლეპა,"lap up, slurp",лакать,**სლეკად-დ-არ** გრდმ. სვლეპა
so d-ercʼar,სო დ-ერწარ,,,,,,motʼrialdeba,,,,"**სო დ-ერწარ** გრდუვ. მოტრიალება (მოტრიალდება) შემოტრიალება, მობუნება"
so ott-d-ar,სო ოთთ-დ-არ,,,,,,,,,,"**სო ოთთ-დ-არ** *გრდმ. აქეთ მოდგმა,*"
so:,სო:,,,,,,movardeba,,,,"**სო:** სო-დ-ალ’-დ-ალარ გრდუვ. მოვარდნა (მოვარდება), მოცვივნა"
so1,სო1,,,,pro pers,,,მე,"I, (first person singular personal pronoun, nominative)",я,**სო1** პირის ნაცვალსახ. მე
so2,სო2,,,,adv,,,აქეთ,"here, hither",сюда,"**სო2** ზმნისართი და ზმნისწინი, აღნიშნავს მიმართულებას აქეთ"
soax-d-ar,სოახ-დ-არ,,,,,,dastʼqʼuebs,,,,"**სოახ-დ-არ** გრდმ. დატყუება (დასტყუებს), გამოტყუება (გამოიტყუებს)"
sogam-d-ar,სოგამ-დ-არ,,,,,,modrekʼs,,,,"**სოგამ-დ-არ** გრდმ. მოდრეკა (მოდრეკს), მოღუნვა, გამოღუნვა"
soda[ħ] d-axar,სოდა[ჰ’] დ-ახარ,,,,,,,,,,"**სოდა[ჰ’] დ-ახარ** *გრდუვ. აქეთ-იქით წასვლა, წასვლა-წამოსვლა*"
"soda[ħ] d-aɬar, soda[ħ] teɬar","სოდა[ჰ’] დ-ალ’არ, სოდა[ჰ’] თელ’არ",,,,,,"miscems, aʒlevs",,,,"**სოდა[ჰ’] დ-ალ’არ, სოდა[ჰ’] თელ’არ** გრდმ. აქეთ-იქით მიცემა (მისცემს, აძლევს); გაცემა (მიცვალებულის სახელზე)"
soda[ħ] d-aɁar,სოდა[ჰ’] დ-აჸარ,,,,,,,,,,**სოდა[ჰ’] დ-აჸარ** *გრდუვ. წასვლა-წამოსვლა*
soda[ħ] d-eqʼar,სოდა[ჰ’] დ-ეყარ,,,,,,aket-ikit,,,,**სოდა[ჰ’] დ-ეყარ** *გრდმ. გაყოფა (აქეთ-იქით)*
"soda[ħ] d-eqʼar, soda[ħ] aqʼar","სოდა[ჰ’] დ-ეყარ, სოდა[ჰ’] აყარ",,,,,,aket-ikit,,,,"**სოდა[ჰ’] დ-ეყარ, სოდა[ჰ’] აყარ** [გა]ყოფა (აქეთ-იქით) უსრ. აყარ."
soda[ħ],სოდა[ჰ’],,,,,,,,,,"**სოდა[ჰ’]** რთული ზმნისართი აქეთ-იქით, მიმო"
soda[ħ] qasar,სოდა[ჰ’] ჴასარ,,,,,,,,,,"**სოდა[ჰ’] ჴასარ** გრდმ. მიმოფანტვა, მიმობნევა"
soda[ħ] qeħar,სოდა[ჰ’] ჴეჰ’არ,,,,,,miakvs-moakvs,,,,**სოდა[ჰ’] ჴეჰ’არ** გრდმ. მიტან-მოტანა (მიაქვს-მოაქვს)
soda[ħ] ħaps-d-ar,სოდა[ჰ’] ჰ’აფს-დ-არ,,,,,,mimogzavnis,,,,"**სოდა[ჰ’] ჰ’აფს-დ-არ** გრდმ. 1. მიმოგზავნა (მიმოგზავნის), აქეთ-იქით დაგზავნა 2. მიხედ-მოხედება (მიახედ-მოახედებს)"
soda[ħ] ħetʼar,სოდა[ჰ’] ჰ’ეტარ,,,,,,,,,,"**სოდა[ჰ’] ჰ’ეტარ** გრდუვ. მირბენ-მორბენა, გაქცევ-გამოქცევა"
soda[ħ] ħečʼar,სოდა[ჰ’] ჰ’ეჭარ,,,,,,,,,,"**სოდა[ჰ’] ჰ’ეჭარ** გრდუვ. მიმოხედვა, აქეთ-იქით ყურება"
soda[ħ]lelar,სოდა[ჰ’]ლელარ,,,,,,,,,,"**სოდა[ჰ’]ლელარ** *გრდუვ.* აქეთ-იქით სიარული, მიმოსვლა"
soda[ħ]lestʼar,სოდა[ჰ’]ლესტარ,,,,,,,,,,"**სოდა[ჰ’]ლესტარ** *გრდუვ.* აქეთ-იქით ქანაობა, გადაქან-გადმოქანება, ტორტმანი"
soda[ħ]maxkʼ-d-ar,სოდა[ჰ’]მახკ-დ-არ,,,,,,,,,,"**სოდა[ჰ’]მახკ-დ-არ** გრდმ. აქეთ-იქით დაბნევა, მიმოფანტვა; დაღვრა, მიმოღვრა"
soda[ħ]qʼastʼar,სოდა[ჰ’]ყასტარ,,,,,,,,,,**სოდა[ჰ’]ყასტარ** გრდმ. მოცილება; გაშველება
soda[ħ]qapʼtʼ-d-ar,სოდა[ჰ’]ჴაპტ-დ-არ,,,,,,,,,,"**სოდა[ჰ’]ჴაპტ-დ-არ** *გრდმ. აქეთ-იქით მიწოდება, დარიგება*"
so-d-ar,სო-დ-არ,,,,,,gamoağebs,,,,**სო-დ-არ** გრდმ. გამოღება (გამოაღებს) ან დახურვა (დახურავს) იმის მიხედვით თუ სად იმყოფება მთქმელი.
so-d-atʼar,სო-დ-ატარ,,,,,,gamoikceva,,,,**სო-დ-ატარ** *გრდუვ. გამოქცევა (გამოიქცევა)*
so-d-atʼ-d-ar,სო-დ-ატ-დ-არ,,,,,,gamoikceva,,,,"**სო-დ-ატ-დ-არ** გრდუვ. 1) გამოქცევა (გამოიქცევა) 2) მოხლეჩა (მოხლეჩს), მოხეთქა;"
so-d-aɁar,სო-დ-აჸარ,,,,,,moitʼans,,,,**სო-დ-აჸარ** გრდმ. მოტანა (მოიტანს)
so-d-ekar,სო-დ-ექარ,,,,,,dauʒaxebs,,,,**სო-დ-ექარ** გრდუვ. დაძახება (დაუძახებს); მოპატიჟება
so-d-exar g,სო-დ-ეხარ გ,,,,,,,,,,**სო-დ-ეხარ გ**რდმ. 1) მოთხოვნა 2) მოწვევა
"so-d-ox-d-ar, so-d-ex-d-ar","სო-დ-ოხ-დ-არ, სო-დ-ეხ-დ-არ",,,,,,gamoangrevs,,,,"**სო-დ-ოხ-დ-არ, სო-დ-ეხ-დ-არ** *გრდმ. გამონგრევა (გამოანგრევს), დაშლა*"
so-d-oɁ-d-ar,სო-დ-ოჸ-დ-არ,,,,,,,,,,"**სო-დ-ოჸ-დ-არ** *გრდმ. [ჩა]მოყვანა, წამოიყვანა*"
so-d-ʕogar,სო-დ-ჵოგარ,,,,,,,,,,"**სო-დ-ჵოგარ** გრდმ. მოტეხა, წატეხა"
soecar,სოეცარ,,,,,,gadmoiğebs,,,,"**სოეცარ** გრდმ. 1) გადმოღება (გადმოიღებს) 2) შესყიდვა, ყიდვა"
soeqq-d-ar,სოეჴჴ-დ-არ,,,,,,gamoagdebs,,,,"**სოეჴჴ-დ-არ** გრდმ. 1) გადმოხტუნება 2) მოგლეჯა, მოხლეჩა, მოპობა 3) გამოგდება (გამოაგდებს)"
sov,სოვ,j j,J,GE,n,,sovi; soveⁿ,სვავი ,black vulture,черный гриф,**სოვ** *ჲ ჲ* (სოვი; სოვეჼ) სვავი
sovercʼeš,სოვერწეშ,,,,,,,,,,"**სოვერწეშ** პირაქეთ, აქეთა მხარეს, აქეთ მობრუნებით"
sovercʼša,სოვერწშა,j,,,,,,,,,"**სოვერწშა** *ჲ* პირაქეთა, აქეთა მხარე"
soteq-d-ar,სოთეჴ-დ-არ,,,,,,moatrevs,,,,**სოთეჴ-დ-არ** გრდმ. მოთრევა (მოათრევს)
sotitʼar,სოთიტარ,,,,,,,,,,**სოთიტარ** გრდმ. მოჭრა
sokʼarč-d-ar,სოკარჩ-დ-არ,,,,,,,,,,**სოკარჩ-დ-არ** გრდმ. მოგორება
sokʼaɁ,სოკაჸ,,,,,,,,,,**სოკაჸ** ზმნს. ცოტა აქეთ; იხ. სო2
sol,სოლ,b d,B,GE,n,,soli; soleⁿ,სოლი,wedge,клин,**სოლ** *ბ დ* (სოლი; სოლეჼ) სოლი
solabž-d-ar,სოლაბჟ-დ-არ,,,,,,,,,,**სოლაბჟ-დ-არ** გრდმ. გამოცურება
solavar,სოლავარ,,,,,,,,,,"**სოლავარ** *გრდუვ. მოხმობა, მოწოდება*"
som,სომ,b d,B,Turk.,n,,,მანეთი,"rouble, manat",рубль,**სომ** *ბ დ* მანეთი  *იხ. მანათ*
sompxov,სომფხოვ,v b,M,GE,n,,sompxuj; sompxoveⁿ,სომეხი,Armenian,армянин,**სომფხოვ** *ვ ბ* (სომფხუჲ; სომფხოვეჼ) სომეხი
somxeta,სომხეთა,,,,,,šipn.,,,,**სომხეთა** სომხეთი *(შიფნ.)*
soocʼ-d-ar,სოოწ-დ-არ,,,,,,,,,,"**სოოწ-დ-არ** *რდმ. გამოწევა, გამოძრობა*"
sorŏ,სორო̆,j j,J,GE,n,,soruj,"სორო, ბუნაგი","den, burrow, lair","нора, берлога","**სორო̆** *ჲ ჲ* (სორუჲ)სორო, ბუნაგი"
sostʼexar,სოსტეხარ,,,,,,ucdis,,,,**სოსტეხარ** *გრდმ. ცდა (უცდის)*
sokastʼ-d-alar,სოქასტ-დ-ალარ,,,,,,,,,,"**სოქასტ-დ-ალარ** *გრდუვ. გამოშურება, გამოჩქარება*"
soqʼegar,სოყეგარ,,,,,,amtʼvrevs,,,,**სოყეგარ** *გრდმ. მომტვრევა (ამტვრევს)*
"sočʼağ-d-ar, sočʼʕeğ-d-ar","სოჭაღ-დ-არ, სოჭჵეღ-დ-არ",,,,,,,,,,"**სოჭაღ-დ-არ, სოჭჵეღ-დ-არ** გრდმ. მოკეტვა, შემოკეტვა, მოხურვა"
soxarkʼar,სოხარკარ,,,,,,,,,,**სოხარკარ** გრდმ. გამოჭენება
soħačʼar,სოჰ’აჭარ,,,,,,,,,,**სოჰ’აჭარ** გრდუვ. შე[მო]ხედვა
soħačʼ-d-ar,სოჰ’აჭ-დ-არ,,,,,,,,,,"**სოჰ’აჭ-დ-არ** გრდმ. 1) მოხედვინება 2) მოშვერა 3) მოგზავნა, გამოგზავნა"
soqeblar,სოჴებლარ,,,,,,,,,,"**სოჴებლარ** დაბარება, გამოწვევა"
spʼilŏ,სპილო̆,d d,D,GE,n,,spʼiluj; spʼilujⁿ,სპილო,elephant,слон,**სპილო̆** *დ დ* (სპილუჲ; სპილუჲჼ) სპილო
spʼirtʼ,სპირტ,d d,D,GE,n,,spʼirtʼeⁿ,სპირტი,alcohol,спирт,**სპირტ** *დ დ* (სპირტეჼ) სპირტი
sresad-d-ar,სრესად-დ-არ,,,GE,vt,,sress,სრესა (სრესს),crush,тереть,**სრესად-დ-არ** გრდმ. სრესა (სრესს)
stʼabluⁿ,სტაბლუჼ,,,,,,,,,,"**სტაბლუჼ** შემოდგომის, *საშემოდგომო*"
stʼabo,სტაბო,j j,,,,,,,,,**სტაბო** *ჲ ჲ* შემოდგომა
stʼakʼ,სტაკ,v,M,,n,,stʼakʼiⁿ; stʼakʼox,კაცი,man,мужчина,"**სტაკ** *ვ* (სტაკიჼ; სტაკოხ) (მრ. ვასერ ბ) მამაკაცი, კაცი **ჩურეჼ სტაკ** 1) შინაური კაცი 2) ვინც ცხვარში არ დადის"
stʼakʼlob,სტაკლობ,d,,,,,,,,,"**სტაკლობ** *დ* კაცობა, ვაჟკაცობა"
stʼam-d-ar,სტამ-დ-არ,,,,,,[ga]askelebs,,,,"**სტამ-დ-არ** გრდმ. გასქელება ([გა]ასქელებს), გამსხვილება"
stʼamiⁿ,სტამიჼ,,,,a,,,სქელი; მსხვილი,"thick, large, staut","толстый, густой","**სტამიჼ** სქელი; მსხვილი **სტამიშ** *ზმნს. სქლად, მსხვილად* **სტამიშ აჰ’არ** *გრდმ. მსხვილად დაფქვა, დაროშვა*"
stʼamiⁿ iš,სტამიჼ იშ,,,,,,xmis gakroba,,,,"**სტამიჼ იშ** *- ბოხი ხმა,* **ბანი იშ ჲაჴარ** *გრდმ. ხმის ამოღება* **იშ ჲაჴალე̆** *- ხმა ამოიღე!* **იშ ხალარ** *გდრუვ. ხმის წასვლა, ჩახლეჩა (ხმის გაქრობა)*"
stʼamol,სტამოლ,j,,,,,,,,,**სტამოლ** *ჲ* სისქე
stʼam-stʼamin,სტამ-სტამინ,,,,,,,,,,"**სტამ-სტამინ**სქელ-სქელი, მსხვილ-მსხვილი"
stʼakaⁿ,სტაქაჼ,d d,D,RU,n,,stʼakni; stʼakneⁿ,ჭიქა,glass,стакан,**სტაქაჼ** *დ დ* (სტაქნი; სტაქნეჼ) ჭიქა
stʼahoreⁿ,სტაჰორეჼ,,,,,,,,,,"**სტაჰორეჼ**  ჯაჭვიანი, ძეწკვიანი"
"stʼaŭxkʼlun, stʼoŭxkʼluⁿ","სტაუ̆ხკლუნ, სტოუ̆ხკლუჼ",,,,,,,,,,"**სტაუ̆ხკლუნ, სტოუ̆ხკლუჼ** შარშანდელი"
"stʼaŭxkʼŭ, stʼoŭxkʼŭ","სტაუ̆ხკუ̆, სტოუ̆ხკუ̆",,,,,,,,,,"**სტაუ̆ხკუ̆, სტოუ̆ხკუ̆** ზმნს. შარშან"
stʼaħŏ,სტაჰ’ო̆,j j,J,,n,,stʼaħuj; stʼaħoⁿ,"ჯაჭვი, ძეწკვი",chain,"цепь, цепочка","**სტაჰ’ო̆** *ჲ ჲ* (სტაჰ’უჲ; სტაჰ’ოჼ)ჯაჭვი, ძეწკვი"
"stʼajplaɁŏ, stʼapilŏ","სტაჲფლაჸო̆, სტაფილო̆",b d,,,,,stʼajplaɁuj,,,,"**სტაჲფლაჸო̆, სტაფილო̆** *ბ დ* (სტაჲფლაჸუჲ) სტაფილო"
stʼen=,სტენ=,,,,,,,,,,**სტენ=** იხ. ვუხ
stʼexar,სტეხარ,,,,vt,,[mo]ucdis,"[მო]ცდა ([მო]უცდის), [და]ცდა, ლოდინი",wait,"ждать, подождать","**სტეხარ** გრდმ. [მო]ცდა ([მო]უცდის), [და]ცდა, ლოდინი"
stʼexitar,სტეხითარ,,,,,,acdevinebs,,,,**სტეხითარ** გრდმ. მოცდევინება (აცდევინებს)
stʼvenad-d-ar,სტვენად-დ-არ,,,GE,vt,,ustʼvens,სტვენა (უსტვენს),whistle,свистеть,**სტვენად-დ-არ** გრდმ. სტვენა (უსტვენს)
stʼil,სტილ,d,D,GE,n,,,სტილი (წონის ერთეული),unit of weight,мера веса,**სტილ** *დ* სტილი (წონის ერთეული)
stʼiur,სტიურ,d d,D,GE,n,,stʼivri; stʼivreⁿ,"სტვირი, სალამური","pipes, sheperd's pipes, bagpipes",свирель,"**სტიურ** *დ დ* (სტივრი; სტივრეჼ) სტვირი, სალამური"
stʼo,სტო,d d,D,,n,,,"საჭვრეთელი, სატეხი",chisel,долото,"**სტო** *დ დ* საჭვრეთელი, სატეხი"
"stʼol, štʼol","სტოლ, შტოლ",b d,,,,,stʼoli; stʼoleⁿ/štʼoleⁿ,,,,"**სტოლ, შტოლ** *ბ დ* (სტოლი; სტოლეჼ/შტოლეჼ) მაგიდა"
stʼomag,სტომაგ,j j,J,GE,n,,stʼomgeⁿ,სტომაქი,stomach,желудок,**სტომაგ** *ჲ ჲ* (სტომგეჼ) სტომაქი
"stʼudentʼ, sudentʼ","სტუდენტ, სუდენტ",v b ; j d ; d d,,,,,stʼudentʼi; stʼudentʼeⁿ,,,,"**სტუდენტ, სუდენტ** *ვ ბ ; ჲ დ ; დ დ* (სტუდენტი; სტუდენტეჼ) სტუდენტი"
su,სუ,,,GE,interj,,,სუ,shush,молчать,**სუ** შორისდ. სუ
sukʼ,სუკ,b j,Bj,,n,,sukʼi; sukʼaⁿ,ზურგი,back (of body),спина,**სუკ** *ბ ჲ* (სუკი; სუკაჼ)ზურგი
"sukʼmak d-atʼar, sukʼmak etʼar","სუკმაქ დ-ატარ, სუკმაქ ეტარ",,,,,,zurgze gaskʼdoma simsuknisagan,,,,"**სუკმაქ დ-ატარ, სუკმაქ ეტარ** გათქვირება (ზურგზე გასკდომა სიმსუქნისაგან) **სუკ ჭჵაღბარ, სუკ ჭჵეღბარ** გრდმ. ზურგის გამაგრება (ზურგს [გა]უმაგრებს)"
sultkm,სულთქმ,j,J,GE,n,,,სულთქმა,sigh,"дыхание, стенание",**სულთქმ** *ჲ* სულთქმა
"sulier, sujrel","სულიერ, სუჲრელ",d d,,,,,,,,,"**სულიერ, სუჲრელ** *დ დ* სულიერი, სულდგმული"
"surat, zurat","სურათ, ზურათ",,,,,,surti; surteⁿ,,,,"**სურათ, ზურათ** ჲ ჲ (სურთი; სურთეჼ) სურათი"
susxad-d-ar,სუსხად-დ-არ,,,GE,vt,,susxavs,სუსხვა (სუსხავს),sting,"обжигать (о морозе, крапиве)","**სუსხად-დ-არ** გრდმ. სუსხვა, (სუსხავს)"
supr,სუფრ,d d,D,GE,n,,,სუფრა,feast,"скатерть, застолье",**სუფრ** *დ დ* სუფრა
suxtʼuxi,სუხტუხი,d,0d,,n,,,სერდო,cold,насморк,**სუხტუხი** *დ* მრ. სურდო
suj,სუჲ,b d,B,,n,,suji; sujiⁿ,ნაკვერცხალი,embers,"горящий уголь, жар",**სუჲ** *ბ დ* (სუჲი; სუჲიჼ) ნაკვერცხალი
sujn(ĭ),სუჲნ(ი̆),,,,,,ĭ,,,,**სუჲნ(ი̆)** ზმნს. იწარმოება სო ნაცვალსახელისაგან. აძლიერებს ზმნის შინაარსს ჩემთვის
sujtʼa,სუჲტა,,,,n,,,"ქალის ერთგვარი სამკული, ფარგულზე იკეთებდნენ",woman's apron with silver coins,женское украшение из серебрянных монет,"**სუჲტა** ქალის ერთგვარი სამკაული, ფარგულზე იკეთებდნენ"
scʼora,სწორა,j,J,GE,n,,,"სწორი, დღეის სწორი",this day next week,тот же день следующей недели,"**სწორა** *ჲ* სწორი, დღეის სწორი"
sxal,სხალ,b d,B,GE,n,,sxali; sxaleⁿ,მსხალი,pear,груша,**სხალ** *ბ დ* (სხალი; სხალეჼ) მსხალი
sxiv,სხივ,j j,J,GE,n,,sxivi; sxiveⁿ,სხივი,"ray, beam",луч,**სხივ** *ჲ ჲ* (სხივი; სხივეჼ) სხივი
sxipʼal,სხიპალ,d d,D,,n,,sxipʼli; sxipʼleⁿ,პატარა მუწუკი,pimple,маленький прыщ,**სხიპალ** *დ დ* (სხიპლი; სხიპლეჼ) პატარა მუწუკი
sxlad-d-ar,სხლად-დ-არ,,,GE,vt,,sxlavs,სხვლა (სხლავს),prune,срезывать (ветки),**სხლად-დ-არ** გრდმ. სხვლა (სხლავს)*;* გასხლად-დ-არ
tʼa,ტა,d d,D,,n,,tʼaeš; tʼavniⁿ,"ბეჭი, მხარი; საქონლის წინაფეხი, წინა მხარი",shoulder; front leg of animal,"лопатка, передняя нога животного, плечо","**ტა** *დ დ* (ტაეშ; ტავნიჼ) ბეჭი, მხარი; საქონლის წინაფეხი, წინა მხარი"
tʼabakʼ,ტაბაკ,d d,D,GE,n,,tʼabkʼi; tʼabkʼeⁿ,ტაბაკი,flat dish,лоток,**ტაბაკ** *დ დ* (ტაბკი; ტაბკეჼ) ტაბაკი
tʼabikʼ,ტაბიკ,b d,B,GE,n,,tʼajbkʼi; tʼajbkʼeⁿ,ტაბიკი,"fixing peg,  pin",шворень ярма (для упряжи быков),**ტაბიკ** *ბ დ* (ტაჲბკი; ტაჲბკეჼ)ტაბიკი *(ურმის ნაწილი)*
tʼabl,ტაბლ,d d,D,GE,n,,tʼabli; tʼableⁿ,ტაბლა,dish served at a wake,блюдо для поминания покойника,**ტაბლ** *დ დ* (ტაბლი; ტაბლეჼ) ტაბლა
tʼav,ტავ,d d,D,,n,,tʼavi; tʼaveⁿ,"ხის ტოტი; წყლის ნაკადი, ტოტი",(tree) branch; (stream) fork,"ветка дерева, рукав реки","**ტავ** *დ დ* (ტავი; ტავეჼ) ტოტი; წყლის ნაკადი, ტოტი"
tʼatbulin,ტათბულინ,,,,,,,,,,**ტათბულინ**ფულიანი
tʼatbun,ტათბუნ,,,,,,,,,,**ტათბუნ**ვერცხლისა
tʼatbucʼiⁿ,ტათბუწიჼ,,,,,,,,,,**ტათბუწიჼ** უვერცხლო; უფულო
tʼateb,ტათებ,d,D,,n,,,ვერცხლი,"silver, money","серебро, деньги","**ტათებ** *დ* ვერცხლი, ფული"
tʼatebcʼol,ტათებწოლ,,,,,,,,,,**ტათებწოლ** დ უფულობა
tʼalam,ტალამ,b,,,:,,,"ნაღვლობს, დარდობს","be sad, grief",грустить; не придает значения,**ტალამ**  *ბ* დარდი (ცალკე აღარ იხმარება)
tʼalğ,ტალღ,j j,J,GE,n,,tʼalği; tʼalğeⁿ,ტალღა,wave,волна,**ტალღ** *ჲ ჲ* (ტალღი; ტალღეჼ) ტალღა
tʼamar-d-ar,ტამარ-დ-არ,,,,vt,,gaitošeba,გათიშვა (გაითიშება),,мерзнуть,**ტამარ-დ-არ** გრდმ. გათოშვა (გაითოშება)
tʼankʼajnŏ,ტანკაჲნო̆,,,,adv,,,მაგრად,"strongly, really",крепко,**ტანკაჲნო̆** მაგრად
tʼankʼ-tʼarkʼ,ტანკ-ტარკ,b d,B,,n,,tʼankʼ-tʼarkʼi; tʼankʼtʼarkʼeⁿ,"ნეკი, ნეკა თითი",little finger,мизинец,"**ტანკ-ტარკ** *ბ დ* (ტანკ-ტარკი; ტანკტარკეჼ) ნეკი, ნეკა თითი"
tʼantʼlebad-d-alar,ტანტლებად-დ-ალარ,,,GE,vi,,tʼantʼalebs,ტანტალი (ტანტალებს),"gad about, loaf",таскаться,**ტანტლებად-დ-ალარ** გრდუვ. ტანტალი (ტანტალებს)
tʼanǯod-d-alar,ტანჯოდ-დ-ალარ,,,GE,vi,,itʼanǯeba,ტანჯვა (იტანჯება),be tormented,мучиться,**ტანჯოდ-დ-ალარ** გრდუვ. ტანჯვა (იტანჯება)
tʼanǯod-d-ar,ტანჯოდ-დ-არ,,,GE,vt,,tʼanǯavs,"ტანჯვა (ტანჯავს), წვალება",torment,"мучить, заставить страдать",**ტანჯოდ-დ-არ** გრდმ. ტანჯვა (ტანჯავს)
tʼar,ტარ,b j,Bj,,n,,tʼaruj; tʼareⁿ,ძუძუ,"breast, teat","грудь, соски, вымя",**ტარ** *ბ ჲ* (ტარუჲ; ტარეჼ) ძუძუ **ტარეჼქორთო̆** *ბ დ* ძუძუს თავი
tʼarb,ტარბ,d d,D,GE,n,,tʼarbi; tʼarbeⁿ,ტარბი,,каменный дворец,**ტარბ** *დ დ* (ტარბი; ტარბეჼ) ტარბი (ფრინველი შოშიასებრთა ოჯახისა)
tʼard,ტარდ,d d,D,,n,,tʼardi; tʼardeⁿ,ბეჭედი,ring,перстень,**ტარდ** *დ დ* (ტარდი; ტარდეჼ) ბეჭედი
tʼariskʼoⁿ,ტარისკოჼ,d d,D,GE,n,,,ტარსიკონი,"fine goatskin, morocco",сафьян,**ტარისკოჼ**  *დ დ* ტარსიკონი
tʼarkʼ,ტარკ,b j,Bj,,n,,tʼarkʼi; tʼarkʼeⁿ,თითო; პირი (ჭურჭლისა),finger; bottleneck (of a pitcher),палец; горлышко (для вытекания жидкости); горлышко бурдюка,**ტარკ** *ბ ჲ* (ტარკი; ტარკეჼ)1. თითი 2. პირი (ჭურჭლისა)
tʼarxuⁿ,ტარხუჼ,d,D,GE,n,,tʼarxuneⁿ,ტარხუნა,estragon,эстрагон,**ტარხუჼ** *დ* (ტარხუნეჼ) ტარხუნა
tʼarŏ1,ტარო̆1,d d,D,,n,,tʼaruj,სილა,slap (in the face),"оплеуха, пощечина","**ტარო̆1**  *დ დ* (ტარუჲ) ) სილა **ტარ[ო̆] ჰ’აჴდარ** გრდმ. 1) სილის გარტყმა 2) მოსპობა, მუსრის გავლება; **ტარ[ო̆] თოხარ** გრდმ. ტაშის დაკვრა (ტაშს უკრავს, დაუკრავს)"
tʼarŏ2,ტარო̆2,d d,D,GE,n,,tʼaruj,სიმინდის ტარო,corn cob,початок кукурузы,**ტარო̆2** *დ დ* (ტარუჲ) სიმინდის ტარო
tʼatʼ-d-ar,ტატ-დ-არ,,,,,,[da]asvelebs,,,,**ტატ-დ-არ** გრდმ. დასველება ([და]ასველებს)
tʼatʼeⁿ,ტატეჼ,,,,a,,,"სველი, ნესტიანი, ნოტიო; ნედლი (თევზი)","wet, moist; raw (fish)","мокрый, сырой; свежий (о рыбе)","**ტატეჼ** 1. სველი, ნესტიანი, ნოტიო"
tʼatʼna,ტატნა,d,,,,,,,,,**ტატნა** *დ* სისველე
tʼatʼol,ტატოლ,j,,,,,,,,,"**ტატოლ** *ჲ* სისველე, სინოტივე"
tʼatʼšatʼ-d-alar,ტატშატ-დ-ალარ,,,,,,[da]sveldeba,,,,**ტატშატ-დ-ალარ** გრდუვ. ცოტათი დასველება ([და]სველდება) მისველ-მოსველება
tʼap,ტაფ,b d,,,,,,,,,"**ტაფ** *ბ დ* ტაფობი, პატარა ველი ტყეში, მთაში; მდინარეზე დაცემული ადგილი"
tʼap,ტაფ,,,,,,"gaielvebs, elavs",,,,"**ტაფ**: ტაფ ლაჴარ, ტაფ ლეჴარ გრდმ. გაევლება (გაიელვებს, ელავს)"
tʼapajnŏ,ტაფაჲნო̆,,,,interj,,,"დაიკარგე აქედან, მოშორდი!",,"сгинь, исчезни!",**ტაფაჲნო̆** ზმნს. იხ. ტაფ
tʼapaɁŏ,ტაფაჸო̆,b d,,,,,tʼapaɁuj; tʼapeⁿ,,,,**ტაფაჸო̆** *ბ დ* (ტაფაჸუჲ; ტაფეჼ) ტაფა
tʼax,ტახ,b d,B,GE,n,,tʼaxi; tʼaxeⁿ,"ტახი, კერატი","boar, wild pig",кабан,"**ტახ** *ბ დ* (ტახი; ტახეჼ) ტახი, კერატი"
tʼajvnxiⁿ tajlzi,ტაჲვნხიჼ თაჲლზი,,,,,,,,,,**ტაჲვნხიჼ თაჲლზი** *დ მხარზე გადასაკიდი პატარა ხურჯინი*
tʼajvnĭ,ტაჲვნი̆,,,,n,,,,,,**ტაჲვნი̆** მრ. იხ. ტა
tʼe,ტე,j,J,,n,,tʼeⁿ,ხსენი,colostrum,молозиво,**ტე** *ჲ* (ტეჼ) ხსენი
tʼea,ტეა,,,,n,,,მთის სერი,"hill, hilly ridge",продолговатая гора,**ტეა** მთის სერი
tʼeatʼr[a],ტეატრ[ა],j j,,,,,tʼeatʼri; teatʼreⁿ,,,,**ტეატრ[ა]** *ჲ ჲ* (ტეატრი; თეატრეჼ) თეატრი
tʼekʼaltʼ,ტეკალტ,,,,,,tʼekʼaltʼeⁿ,,,,"**ტეკალტ** (ტეკალტეჼ) ახალი ნადუღი, ხაჭო (ცხვრის) *(ალირ.)*"
tʼerkʼ,ტერკ,j j,J,,n,,tʼerkʼeⁿ,ხვანჯარი,silk-thread drawstring (for trousers),"шнур, продергиваемый в брюки, кальсоны",**ტერკ** *ჲ ჲ* (ტერკეჼ) ხვანჯარი (შარვლის სათაურში გასაყრელი ზონარი)
tʼermometʼr,ტერმომეტრ,d d,D,RU,n,,termometʼri; termometʼreⁿ,თერმომეტრი,thermometer,термометр,**ტერმომეტრ** *დ დ* (თერმომეტრი; თერმომეტრეჼ) თერმომეტრი
tʼerp,ტერფ,j j,J,GE,n,,tʼerpeⁿ,"წინდის ტერფი, წინდა - კოჭამდე",,"нижняя часть носка, до щиколотки","**ტერფ** *ჲ ჲ* (ტერფეჼ) წინდის ტერფი, წინდა - კოჭამდე"
"tʼex d-ottar, tʼex d-ettar","ტეხ დ-ოთთარ, ტეხ დ-ეთთარ",,,,,,"daaqʼvedrebs, aqʼvedris",,,,"**ტეხ დ-ოთთარ, ტეხ დ-ეთთარ** გრდმ. დაყვედრება (დააყვედრებს, აყვედრის), საყვედურის, სამდურავის თქმა"
tʼex d-otʼar,ტეხ დ-ოტარ,,,,,,,,,,"**ტეხ დ-ოტარ** გრდუვ. 1) უღელტეხილზე გადასვლა 2) გადატ. ყირამალა გადასვლა, მალაყის გადასვლა"
tʼviⁿ,ტვიჼ,b d,B,,n,,tʼvineⁿ,"ცვარი, ნამი",dew,"роса, влага","**ტვიჼ** *ბ დ* (ტვინეჼ) ცვარი, ნამი"
tʼvinod-d-ar,ტვინოდ-დ-არ,,,,,,namavs,,,,"**ტვინოდ-დ-არ** გრდმ. ნამვა, ცვარვა (ნამავს) დანესტიანება"
tʼial[ŏ],ტიალ[ო̆],,,,,,,,,,"**ტიალ[ო̆]** ტიალი, უპატრონო"
tʼial-d-ar,ტიალ-დ-არ,,,,,,atʼialebs,,,,"**ტიალ-დ-არ** გრდმ. გატიალება (ატიალებს), აოხრება"
tʼiv1,ტივ1,d d,D,,n,,tʼivi; tʼiveⁿ,"ხიდი, ბოგირი","bridge, planked bridge","мост, мостик","**ტივ1** *დ დ* (ტივი; ტივეჼ) ხიდი, ბოგირი **ტივ დილლარ** ხიდის გადება"
tʼiv2,ტივ2,d d,D,,n,,tʼivi; tʼiveⁿ,ლავიწი,"collar-bone, clavicle",ключища,**ტივ2** *დ დ* (ტივი; ტივეჼ) ლავიწი
tʼilŏ,ტილო̆,d d,D,GE,n,,tʼiluj; tʼilujⁿ,ტილო; ტილოს პარკი,"canvas, cloth; canvas bag","холст, мешочек из холста","**ტილო̆** *დ დ* (ტილუჲ; ტილუჲჼ) ტილო, ტილოს პარკი"
tʼirip,ტირიფ,d d,D,GE,n,,tʼiripi; tʼirpaⁿ,ტირიფი,willow,ива,**ტირიფ** *დ დ* (ტირიფი; ტირფაჼ) ტირიფი
tʼičʼkʼor,ტიჭკორ,d d,,,,,tʼičʼkʼri; tʼičʼkʼreⁿ,,,,**ტიჭკორ** *დ დ* (ტიჭკრი; ტიჭკრეჼ) ტიკჭორა
tʼkʼac,ტკაც,d,D,GE,n,,,ტკაცანი,crack (of e.g. whip),щелк,**ტკაც** *დ* ხმაბაძვ. ტკაც
tʼkʼepʼnad-d-ar,ტკეპნად-დ-არ,,,GE,vt,,tʼkʼepʼnis,ტკეპნა (ტკეპნის),"tamp, ram (earth)",топтать,**ტკეპნად-დ-არ** გრდმ. ტკეპნა (ტკეპნის)
tʼkʼipʼ,ტკიპ,j j,J,GE,n,,tʼkʼipʼi; tʼkʼipʼeⁿ,ტკიპი,tick,клещ,**ტკიპ** *ჲ ჲ* (ტკიპი; ტკიპეჼ) ტკიპი
tʼkʼmel,ტკმელ,b,B,,n,,tʼkʼmeleⁿ,მტვერი,"dust, filth","пыль, прох","**ტკმელ** *ბ* (ტკმელეჼ) **ტკმელ ბილლარ** გრდმ. მტვრის დადება **ტკმელ ბილლბარლარ** გრდუვ. მტვრის დადება (მტვერი დაედება) **ტკმელ ოთთარ** გრდუვ. მტვრის დადგომა (მტვერი დადგება) **ტკმელ ოთთბარ** გრდმ. მტვრის დაყენება **ტკმელ ჰ’აბბარ** გრდმ. მტვრის აშლა (მტვერს აშლის), ამტვერება"
tʼlapʼŏ,ტლაპო̆,j j (b d),J/B,GE,n,,t'lap'uj; t'lap'ujⁿ,ტლაპო,mud,жидкая грязь,**ტლაპო̆** *ჲ ჲ (ბ დ)* (ტლაპუჲ; ტლაპუჲჼ) ტლაპო
tʼlaqʼ,ტლაყ,,,,:,,,"ტლაყუნით, ბუყბუყუთ","rumbling, growling",с бульканием; булькающий живот,"**ტლაყ** ხმაბაძვ. ტლაყაჲნო̆ ზმნს. ტლაყუნით, ბუყბუყით"
tʼolikʼ,ტოლიკ,d d,D,,n,,tʼujlkʼi; tʼujlkʼeⁿ,უხეში ქეჩის ნაბადი,coarse felt cloak,род грубо войлочной бурки,**ტოლიკ** *დ დ* (ტუჲლკი; ტუჲლკეჼ) უხეში ქეჩის ნაბადი
tʼolm,ტოლმ,d d,J,GE,n,,tʼolmeⁿ,ტოლმა,dolma,голубцы,**ტოლმ** *დ დ* (ტოლმეჼ) ტოლმა
tʼolč,ტოლჩ,b d,B,GE,n,,tʼolči; tʼolčeⁿ,ტოლჩა,"jug, mug",кружка,**ტოლჩ**  *ბ დ* (ტოლჩი; ტოლჩეჼ) ტოლჩა
tʼontʼrŏ,ტონტრო̆,j j,J,,n,,tʼontʼruj; tʼontʼrujⁿ,წირპლი,"infected discharge from eyes, rheum",гной (в глазах.),**ტონტრო̆** *ჲ ჲ* (ტონტრუჲ; ტონტრუჲჼ) წირპლი
tʼorol,ტოროლ,d d,D,GE,n,,,ტოროლა,lark,жаворонок,**ტოროლ** *დ დ* ტოროლა
tʼotʼ,ტოტ,d j,Dj,,n,,tʼotʼi; tʼotʼeⁿ,"ხელი; თათი, ტოტი (ცხოველისა); დუცი",hand; paw,"рука, лапа, нога (животного); агазиллис кавказский","**ტოტ** *დ ჲ* (ტოტი; ტოტეჼ) 1. ხელი, თათი, ტოტი (ცხოველისა) 2. დუცი *(მცენარეა)*"
tʼotʼar:,ტოტარ:,,,,,,"dadgeba, dgeba",,,,"**ტოტარ:** ტოტარ ხაჸარ, ტოტარხეჸარ გრდუვ. ყალყზე დადგომა (დადგება, დგება)"
tʼotʼkʼikʼla,ტოტკიკლა,j j,,,,,tʼotʼkʼikʼleš,,,,**ტოტკიკლა** *ჲ ჲ* (ტოტკიკლეშ) იღლია
tʼotʼ-kokʼi,ტოტ-ქოკი,j,,,,,,,,,**ტოტ-ქოკი** *ჲ* მრ. ხელ-ფეხი
tʼoğ,ტოღ,d d,D,,n,,tʼoltagan erti,"ტოლი (ტოლთაგან ერთი), ცალი",one of a pair,"один из пары (сапог, носок, товарищей...)","**ტოღ** *დ დ* ტოლი (ტოლთაგან ერთი), ცალი"
tʼoğcʼiⁿ,ტოღწიჼ,,,,,,,,,,"**ტოღწიჼ** უცალო[დ], უტოლო[დ]"
tʼrabax,ტრაბახ,,,GE,a,,,"ტრაბახა, მკვეხარა","boastful, bragging",хвастливый,"**ტრაბახ** ტრაბახა, მკვეხარა"
tʼrabxebad-d-alar,ტრაბხებად-დ-ალარ,,,,,,tʼrabaxobs,,,,**ტრაბხებად-დ-ალარ** გრდუვ. ტრაბახი (ტრაბახობს) კვეხნა
tʼraqʼal,ტრაყალ,,,,a,,,"ტროყი, ახმახი","gawky, hulking",неуклюже большой,"**ტრაყალ** ტროყი, ახმახი"
tʼraštʼ,ტრაშტ,d d,D,GE,n,,tʼraštʼi; tʼraštʼeⁿ,ტაშტი,washing bowl,таз,**ტრაშტ** *დ დ* (ტრაშტი; ტრაშტეჼ) ტაშტი
tʼruzajnŏ,ტრუზაჲნო̆,,,,adv,,,"ბზრიალით, ციბრუტივით",spinning,"кружась, крутясь","**ტრუზაჲნო̆** ზმნს. ბზრიალით, ციბრუტივით"
tʼrušul,ტრუშულ,,,GE,n,,,ტყრუშული,wattle fence,плетень из толстых прутьев,**ტრუშულ** ტყრუშული
tʼum,ტუმ,j j,J,,n,,,"ძვლის ტვინი; ნიგოზი, თხილის გული",bone marrow; kernel of nut,костный мозг; ядро грецкого или мелкого ореха,"**ტუმ** *ჲ ჲ* 1. ძვლის ტვინი 2. ნიგოზი, თხილის გული **ტუმეჼ ფენკო̆** *ბ დ ნიგვზის გვერდი, ლებანი*"
tʼur,ტურ,d d,D,GE,n,,tʼurelč; tʼureⁿ,ტურა,jackal,шакал,**ტურ** *დ დ* (ტურელჩ; ტურეჼ) ტურა
tʼusad-d-ar,ტუსად-დ-არ,,,GE,vt,,tʼrusavs,ტრუსვა (ტრუსავს),singe,опаливать,**ტუსად-დ-არ** გრდმ. ტრუსვა (ტრუსავს)
tʼusağ,ტუსაღ,d d,D,GE,n,,,"ტუსაღი, პატიმარი","prisoner, captive","заключенный, узник","**ტუსაღ** *დ დ* ტუსაღი, პატიმარი"
tʼutʼ,ტუტ,b d,B,,n,,tʼutʼi; tʼutʼeⁿ,ბუზი,fly,муха,**ტუტ** *ბ დ* (ტუტი; ტუტეჼ) ბუზი
tʼutʼarikʼ,ტუტარიკ,,,,,,ekspʼ.,,,,"**ტუტარიკ** ეშმაკეული, ქაჯთაგანი *(ექსპ.)*"
tʼuksad-dar,ტუქსად-დარ,,,,,,tʼuksavs,,,,**ტუქსად-დარ** გრდმ. ტუქსვა (ტუქსავს)
tʼuxtʼux,ტუხტუხ,,,GE,n,,ğoris mosaxmobi daʒaxili,ტუხ-ტუხი (ღორის მოსახმობი  დაძახილი),Come! (to pigs),"возглас, которым кличут свиней",**ტუხტუხ** ტუხი-ტუხი (ღორის მოსახმობი დაძახილი)
tʼujraɁŏ,ტუჲრაჸო̆,d d,D,,n,,tʼujraɁuj,,,,**ტუჲრაჸო̆** *დ დ* (ტუჲრაჸუჲ) იხ. ტოროლ
tʼqʼa,ტყა,,,,num,,,ოცი,twenty,двадцать,**ტყა** ოცი
tʼqʼaitʼtʼ,ტყაიტტ,,,,,,,,,,**ტყაიტტ** ოცდაათი
tʼqʼauztʼqʼ,ტყაუზტყ,,,,,,,,,,**ტყაუზტყ** ოთხასი
tʼqʼauztʼqʼapxauztʼqʼ(a),ტყაუზტყაფხაუზტყ(ა),,,,,,a,,,,**ტყაუზტყაფხაუზტყ(ა)** ხუთასი
tʼqʼağleⁿ,ტყაღლეჼ,,,,,,,,,,"**ტყაღლეჼ** მეოცე, მეოცედი"
tʼqʼacħa,ტყაცჰ’ა,,,,,,,,,,**ტყაცჰ’ა** ოცდაერთი
tʼqʼacħaitʼtʼ,ტყაცჰ’აიტტ,,,,,,,,,,**ტყაცჰ’აიტტ** ოცდათერთმეტი
tʼqʼemal,ტყემალ,d d,D,GE,n,,tʼqʼemli; tʼqʼemleⁿ,ტყემალი,sour plum,дикая алыча,**ტყემალ** *დ დ* (ტყემლი; ტყემლეჼ) ტყემალი
tʼqʼepʼad-d-ar,ტყეპად-დ-არ,,,GE,vt,,,"ტყეპა, ცემა","slap, hit","колотить, бить","**ტყეპად-დ-არ** გრდმ. ტყეპა, ცემა"
tʼqʼexcʼ,ტყეხწ,,,,,,,,,,**ტყეხწ** ცხრამეტი
tʼqʼve,ტყვე,d d,D,GE,n,,tʼqʼveš; tʼqʼveⁿ,ტყვე,"prisoner, captive",пленник,**ტყვე** *დ დ* (ტყვეშ; ტყვეჼ) ტყვე
tʼqʼiv,ტყივ,d d,D,GE,n,,tʼqʼivi; tʼqʼiveⁿ,ტყვია,lead; bullet,"свинец, пуля из свинца",**ტყივ** *დ დ* (ტყივი; ტყივეჼ) ტყვია
tʼqʼirpʼ,ტყირპ,d d,D,GE,n,,tʼqʼirpʼeⁿ,"ტყირპი, ელენთა",spleen,слезенка,"**ტყირპ** *დ დ* (ტყირპეჼ) ტყირპი, ელენთა"
tʼqʼlaš,ტყლაშ,d,D,GE,n,,,ტყლაშანი,"crack, thwack",трах,**ტყლაშ** *დ* ხმაბაძვ. ტყლაშანი
tʼqʼoɁ,ტყოჸ,,,,adv,,,"კიდევ, კვლავ",still; again,"ещё, опять","**ტყოჸ** ზმნს. კიდევ, კვლავ"
tʼqʼoɁlo,ტყოჸლო,j,J,,n,,,მომავალი (იშვიათად იხმარება),future,будущее (редко употрбляемое),**ტყოჸლო** *ჲ* მომავალი (იშვიათად იხმარება)
tʼqʼub,ტყუბ,d d,D,,n,,tʼqʼubi; tʼqʼubeⁿ,ტყუპი,twin,близнец,**ტყუბ** *დ დ* (ტყუბი; ტყუბეჼ) ტყუპი **ტყუბეჼ ფე** *ბ* ტყუპის ცალი
tʼqʼutʼqʼujħreⁿ,ტყუტყუჲჰ’რეჼ,,,,,,,,,,"**ტყუტყუჲჰ’რეჼ** ძალიან მდარე, ცუდი ხარისხისა, უკანასკნელი"
tʼqʼujha,ტყუჲჰა,,,,,,evp.,,,,"**ტყუჲჰა** საჯდომი, უკანალი (ევფ.) *(ექსპ.)*"
tʼqʼujħ dacʼar,ტყუჲჰ’ დაწარ,d d,,,,,,,,,"**ტყუჲჰ’ დაწარ** *დ დ* მაყარი ტყუჲჰ’ დ-ისარ, **ტყუჲჰ’ მეყარ** უკან დარჩენა (უკან დარჩება, რჩება)"
tʼqʼujħ d-ocʼ-d-alar,ტყუჲჰ’ დ-ოწ-დ-ალარ,,,,,,daedevneba,,,,"**ტყუჲჰ’ დ-ოწ-დ-ალარ** გრდუვ. უკან დადევნება (დაედევნება), გამოკიდება **ტყუჲჰ’ დ-ოწარ** გრდმ. უკან დადევნება (დაადევნებს)"
tʼqʼujħ[ĕ],ტყუჲჰ’[ე̆],,,,,,daedevneba,,,,"**ტყუჲჰ’[ე̆]** 1. ზმნს. უკან 2. თანდებ. მიცემით ბრუნვასთან უკან, მერე **ტყუჲჰ’ დ-აწარ** გრდუვ. დადევნება (დაედევნება), უკან დევნა"
tʼqʼujħreⁿ,ტყუჲჰ’რეჼ,,,,,,,,,,**ტყუჲჰ’რეჼ** უკანა
tʼqʼujħrendaħ,ტყუჲჰ’რენდაჰ’,,,,,,,,,,**ტყუჲჰ’რენდაჰ’** ზმნს. უკანიდან
tʼqʼujħsine[ħ],ტყუჲჰ’სინე[ჰ’],,,,,,,,,,"**ტყუჲჰ’სინე[ჰ’]** ზმნს. უკანასკნელად, ბოლო დროს, და ბოლოს"
tʼqʼujħsinlun,ტყუჲჰ’სინლუნ,,,,,,,,,,"**ტყუჲჰ’სინლუნ**უკანასკნელი, ბოლო"
tʼqʼujħqaɁar,ტყუჲჰ’ჴაჸარ,,,,,,daecʼeva,,,,**ტყუჲჰ’ჴაჸარ** გრდმ. დაწევა (დაეწევა)
tʼʕakʼ,ტჵაკ,b d,B,,n,,tʼʕakʼi; tʼʕa[ŭ]kʼeⁿ,"ტალახი, ლაფი","mud, filth",грязь,"**ტჵაკ** *ბ დ* (ტჵაკი; ტჵა[უ̆]კეჼ)ტალახი, ლაფი **ტჵაკ ჰ’აბარ, ტჵაკ ჰ’ებარ** გრდუვ. ატალახება (ატალახდება)"
"tʼʕejrĭ, tʼʕiir","ტჵეჲრი̆, ტჵიირ",b d,,,,,tʼʕerelč; tʼʕejrniⁿ,,,,"**ტჵეჲრი̆, ტჵიირ** *ბ დ* (ტჵერელჩ; ტჵეჲრნიჼ)ვარსკვლავი"
"tʼʕerajlčaren, tʼʕerelčareⁿ","ტჵერაჲლჩარენ, ტჵერელჩარეჼ",,,,,,,,,,"**ტჵერაჲლჩარენ, ტჵერელჩარეჼ** ვარსკვლავიანი"
ubaⁿ,უბაჼ,j j,J,GE,n,,ubni; ubneⁿ,უბანი,neighbourhood,"квартал, участок",**უბაჼ** *ჲ ჲ* (უბნი; უბნეჼ) უბანი
ubarakŏ,უბარაქო̆,,,GE,a,,,უბარაქო,"fruitless, unrewarding","не экономный, то, что быстро тратится",**უბარაქო̆** უბარაქო
"ubejdrob, ubidrob","უბეჲდრობ, უბიდრობ",j j,,,,,,,,,"**უბეჲდრობ, უბიდრობ** *ჲ ჲ* უბედურება"
ubralŏ,უბრალო̆,,,GE,a,,,"უბრალო, მარტივი; მუქთად!","simple; for free, gratis",простой; даром,"**უბრალო̆** 1. უბრალო, მარტივი 2. მუქთად"
ugundakna,უგუნდაქნა,,,,n,,mağali sicxisgan,"ბოდვა, ძილბურანის მდგომარეობა (მაღალი სიცხისაგან...)","raving, delirium (from fever)",бредовое состояние (от температуры...),"**უგუნდაქნა** ბოდვა, ძილბურანის მდგომარება (მაღალი სიცხისგან)"
udabnŏ,უდაბნო̆,j j,J,GE,n,,udabnoⁿ,უდაბნო,desert,пустыня,**უდაბნო̆** *ჲ ჲ* (უდაბნოჼ) უდაბნო
udavŏ,უდავო̆,,,GE,a,,,უდავო,undisputed,бесспорный,**უდავო̆** უდავო
udardŏ,უდარდო̆,,,GE,a,,,უდარდო,"carefree, without sorrow","без печали, беззаботный",**უდარდო̆** უდარდო
"utodar, utadar","უთოდარ, უთადარ",,,,,,autoebs,,,,"**უთოდარ, უთადარ** გრდმ. უთოობა (აუთოებს)"
"utovad, utood","უთოვად, უთოოდ",,,,,,,,,,"**უთოვად, უთოოდ** ალბათ"
utxovar,უთხოვარ,,,GE,n,,,"უთხოვარი, ურთხელი",yew,тис,"**უთხოვარ** უთხოვარი, ურთხელი"
utxŏ,უთხო̆,j j,J,,n,,utxuj; utxujⁿ,"ნაჭერი, ნატეხი","piece, chunck, bit, fragment","отрезок, отрезанный, отломанный кусок","**უთხო̆** *ჲ ჲ* (უთხუჲ; უთხუჲჼ) ნაჭერი, ნატეხი"
utŏ,უთო̆,d d,D,GE,n,,utuj; utujⁿ,უთო,(clothes) iron,утюг,**უთო̆** *დ დ* (უთუჲ; უთუჲჼ) უთო
ukʼanonŏ,უკანონო̆,,,GE,a,,,უკანონო,,беззаконный,**უკანონო̆** უკანონო
ukʼvdav,უკვდავ,,,GE,a,,,უკვდავი,,бессмертный,**უკვდავ** უკვდავი
ukʼvdaveb,უკვდავებ,j,J,GE,n,,,უკვდავება,,бессмертие,**უკვდავებ** *ჲ* უკვდავება
ukʼuneta,უკუნეთა,j,J,GE,n,,,"უკუნეთი, წყვდიადი",,непроглядная тьма,"**უკუნეთა** *ჲ* უკუნეთი, წყვდიადი"
ulaqʼ,ულაყ,j j,J,,n,,ulqʼi; ulqʼeⁿ,ცხენი,horse,лошадь,**ულაყ** *ჲ ჲ* (ულყი; ულყეჼ) ცხენი
ulišnŏ,ულიშნო̆,,,,,,,,,,**ულიშნო̆** უნიშნო
ulo,ულო,j,,,,,,,,,**ულო** *ჲ* მაზეგინდელი დღე
unab,უნაბ,d d,D,GE,n,,unabi; un[a]beⁿ,უნაბი,,"унаби, ююба",**უნაბ** *დ დ* (უნაბი; უნ[ა]ბეჼ) უნაბი
unamusŏ,უნამუსო̆,,,GE,a,,,უნამუსო,,бессовестный,**უნამუსო̆** უნამუსო
unaqʼrŏ,უნაყრო̆,,,GE,a,,,"უნაყრო, უზმო",,"натощак, не евший","**უნაყრო̆** უნაყრო, უზმო"
uničʼŏ,უნიჭო̆,,,,,,,,,,**უნიჭო̆** უნიჭო
unʒrax,უნძრახ,,,GE,adv,,,უმძრახად,,в ссоре,**უნძრახ** ზმნს. უმძრახად
urigŏ,ურიგო̆,,,GE,a,,,ურიგო,,непорядочный,**ურიგო̆** ურიგო
"uriv, ujrov","ურივ, უჲროვ",v b,,,,,ujruj,,,,"**ურივ, უჲროვ** *ვ ბ* (უჲრუჲ)ურია, ებრაელი"
"urum, urem","ურუმ, ურემ",b d,,,,,urmi; urmeⁿ,,,,"**ურუმ, ურემ** *ბ დ* (ურმი; ურმეჼ) ურემი"
urʒoleⁿ,ურძოლეჼ,,,,,,,,,,**ურძოლეჼ** ჭვარტლიანი
urʒŏ,ურძო̆,b,B,,n,,,ჭვარტლი,soot,"копоть, сажа",**ურძო̆** *ბ* ჭვარტლი
urcʼaⁿ,ურწაჼ,,,GE,a,,,ურწანი,,нерожавшая самка,**ურწაჼ**  ურწანი
urǯulŏ,ურჯულო̆,,,GE,a,,,ურჯულო,,"без веры, неверующий, изувер",**ურჯულო̆** ურჯულო
usaxŏ,უსახო̆,,,GE,a,,,"უსახ, უშნო, უმსგავსო",,"невзрачный, некрасивый","**უსახო̆** უსახო, უშნო, უმსგავსო"
usvindisŏ,უსვინდისო̆,,,GE,a,,,უსვინდისო,,бессовестный,**უსვინდისო̆** უსვინდისო
usiamovnŏ,უსიამოვნო̆,,,GE,a,,,უსიამოვნო,,неприятный,**უსიამოვნო̆** უსიამოვნო
ustʼabaš,უსტაბაშ,,,GE,a,,,უსტაბაში,,глава ремесленников,**უსტაბაშ** უსტაბაში
d-ustʼar,დ-უსტარ,,,,vt,,[ga]zomavs,გაზომვა ([გა]ზომავს),measure,"мерить, измерить",**დ-უსტარ** გრდმ. გაზომვა ([გა]ზომავს)
d-ustʼ-d-alar,დ-უსტ-დ-ალარ,,,,,,[ga]izomeba,,,,**დ-უსტ-დ-ალარ** გრდუვ. [გა]ზომვა ([გა]იზომება)
d-ustʼitar,დ-უსტითარ,,,,,,[ga]azomvinebs,,,,**დ-უსტითარ** გრდმ. [გა]ზომვინება ([გა]აზომვინებს)
d-utʼqʼ-d-ar,დ-უტყ-დ-არ,,,,,,[ga]acʼvrilebs,,,,**დ-უტყ-დ-არ** გრდმ. გაწვრილება ([გა]აწვრილებს)
d-utʼqʼiⁿ,დ-უტყიჼ,,,,a,,,წვრილი,thin,тонкий,**დ-უტყიჼ** წვრილი
upleb,უფლებ,j j,J,GE,n,,uplbi; uplbeⁿ,უფლება,,"право, власть",**უფლებ** *ჲ ჲ* (უფლბი; უფლბეჼ) უფლება
ukiipot,უქიიფოთ,,,,,,,,,,**უქიიფოთ** ზმნს. უქეიფოდ
d-uğar,დ-უღარ,,D,,vt,vi,qʼviris,,,,"**დ-უღარ** გრდუვ. ყვირილი (ყვირის), კივილი, ბღავილი, ჩხავილი"
d-uğ-d-akʼar,დ-უღ-დ-აკარ,,,,,,cʼivis da kʼivis,,,,**დ-უღ-დ-აკარ** 1. გრდუვ. წივილ-კივილი (წივის და კივის) 2. დ წივილ-კივილი
d-uğ-d-ar,დ-უღ-დ-არ,,,,,,aqʼvirebs,,,,"**დ-უღ-დ-არ** გრდმ. ყვირილი (აყვირებს), ბღავილი (ბღავის)"
d-uğrikʼ,დ-უღრიკ,,,,,,,,,,"**დ-უღრიკ** მყვირალა, ღრიალა, მჩხავანა"
d-uqʼar,დ-უყარ,,,,vt,,šearčʼobs,"შერჭობა (შეარჭობს), დარჭობა, დაცობა; ამოჩრა","stick into, stop up","воткнуть, заткнуть","**დ-უყარ** გრდმ. შერჭობა (შეარჭობს), დარჭობა, დაცობა; ამოჩრა"
d-uqʼ-d-ar1,დ-უყ-დ-არ1,,,,v,,,,,,**დ-უყ-დ-არ1** იხ. დ-უყარ
d-uqʼ-d-ar2,დ-უყ-დ-არ2,,,,,,[ga]askelebs,,,,"**დ-უყ-დ-არ2**გრდმ. გასქელება ([გა]ასქელებს), შესქელება (სითხისა)"
d-uqʼiⁿ,დ-უყიჼ,,,,a,,,სქელი; ხშირი,"thick, dense, frequent","густой, частый, плотный",**დ-უყიჼ** სქელი; ხშირი
uštʼar,უშტარ,,,,,,ekspʼ.,,,,"**უშტარ** უშნო, შეუხედავი *(ექსპ.)*"
uštʼauštʼ,უშტაუშტ,,,,,,ekspʼ.,,,,**უშტაუშტ** ზმნს. უფროდაუფრო *(ექსპ.)*
učar-d-alar,უჩარ-დ-ალარ,,,,,,[da]bneldeba,,,,"**უჩარ-დ-ალარ** გრდუვ. დაბნელება ([და]ბნელდება), შეღამება"
učar-d-ar,უჩარ-დ-არ,,,,,,[da]abnelebs,,,,**უჩარ-დ-არ** გრდმ. დაბნელება ([და]აბნელებს)
učiⁿ,უჩიჼ,j,J,,n,,,სიბნელე,darkness,темнота,**უჩიჼ** *ჲ* სიბნელე
učnaren,უჩნარენ,,,,,,,,,,**უჩნარენ**ბნელი
učnarna,უჩნარნა,d d,,,,,,,,,**უჩნარნა** *დ დ* სიბნელე
ucxŏ,უცხო̆,,,GE,a,,,უცხო,,"чужой, неродной",**უცხო̆** უცხო
d-ucʼar,დ-უწარ,,,,vi,,[a]ivseba,ავსება ([ა]ივსება); გაძღომა ([გა]ძღება),"fill up, be filled; be sated","наполниться, наполняться; насытиться, насыщаться",**დ-უწარ** გრდუვ. 1. ავსება ([ა]ივსება) 2. გაძღომა ([გა]ძღება)
d-ucʼ-d-ar,დ-უწ-დ-არ,,,,,,[a]avsebs,,,,**დ-უწ-დ-არ** გრდმ. 1. ავსება ([ა]ავსებს) 2. გაძღება ([გა]აძღებს)
d-ucʼinŏ,დ-უწინო̆,,,,,,,,,,**დ-უწინო̆** მიმღ. 1. სავსე 2. [გა]მაძღარი
d-ux,დ-უხ,,,,adv,,,უკან,back,"обратно, назад",**დ-უხ** ზმნს. უკან
d-uxaɁ,დ-უხაჸ,,,,,,,,,,"**დ-უხაჸ** უკანვე, ისევ"
d-uxejħ[ĭ],დ-უხეჲჰ’[ი̆],,,,,,,,,,**დ-უხეჲჰ’[ი̆]** ზმნს. უკუღმა
"d-uxlin, d-uxajħliⁿ","დ-უხლინ, დ-უხაჲჰ’ლიჼ",,,,,,,,,,"**დ-უხლინ, დ-უხაჲჰ’ლიჼ** უკუღმა; ჯიუტი, კერპი"
d-ux-cʼağm,დ-უხ-წაღმ,,,,,,,,,,"**დ-უხ-წაღმ** წაღმა-უკუღმა, წარმარა, უთავბოლოდ[დ]"
uǯišŏ,უჯიშო̆,,,GE,a,,,უჯიშო,,"непородистый, негодный",**უჯიშო̆** უჯიშო
uǯr,უჯრ,j j,J,GE,n,,uǯri; uǯreⁿ,უჯრა,,ящик (стола),**უჯრ** *ჲ ჲ* (უჯრი; უჯრეჼ) ) უჯრა
uhamur,უჰამურ,,,GE,a,,,"არასასიამოვნო, უამური, ბრიყვი",,неприятный,"**უჰამურ** არაასასიამოვნო, უამური; ბრიყვი"
d-uħaj[v]ħ,დ-უჰ’აჲ[ვ]ჰ’,,,,,,,,,,"**დ-უჰ’აჲ[ვ]ჰ’** ზმნს. უკუღმა, პირუკუღმა"
d-uħajħliⁿ,დ-უჰ’აჲჰ’ლიჼ,,,,,,,,,,"**დ-უჰ’აჲჰ’ლიჼ** უკუღმართი, თავისნათქვამა, ჯიუტი, მიდეგა, კერპი"
ujll-d-isar,უჲლლ-დ-ისარ,,,,vi,,moedeba,"მოდება (მოედება), წამოდება; გადაკიდება (გადაეკიდება), ჩაციება, წადავება","touch, attach; argue, insist, pester","задеть, вздеться (на острие); приставать, пристать","**უჲლლ-დ-ისარ** გრდუვ. 1. მოდება (მოედება), წამოგება 2. გადატ. გადაკიდება (გადაეკიდება) ჩაციება, წადავება"
ujnareⁿ,უჲნარეჼ,,,GE,a,,,"ოინების მოყვარული, ოინებიანი","tricksy, mischievous",проказник,"**უჲნარეჼ** ოინების მოყვარული, ოინებიანი"
ujsa,უჲსა,j,,,,,,,,,**უჲსა** *ჲ* იქაურობა
ujstxĭ,უჲსთხი̆,b d,B,,n,,ustxuj,"ნერბი, დედალი ცხვარი",breeding ewe,овца (взрослая самка),"**უჲსთხი̆** *ბ დ* (უსთხუჲ) ნერბი, დედალი ცხვარი"
ujsreⁿ,უჲსრეჼ,,,,,,,,,,**უჲსრეჼ** 1. იქიდან 2. იქაური
"ujsĭ, ojsĭ","უჲსი̆, ოჲსი̆",,,,,,,,,,"**უჲსი̆, ოჲსი̆** ზმნს. იქ"
d-ujtʼ-d-ağar (d-ojtʼ-d-ağar),დ-უჲტ-დ-აღარ (დ-ოჲტ-დ-აღარ),,,,,,d-ojtʼ-d-ağar,,,,"**დ-უჲტ-დ-აღარ (დ-ოჲტ-დ-აღარ)** გრდუვ. წასვლა-მოსვლა, მისვლა-მოსვლა (მიდის-მოდის), აქეთ-იქით სიარული"
d-ujtʼ-d-ağujnĭ,დ-უჲტ-დ-აღუჲნი̆,,,,,,,,,,**დ-უჲტ-დ-აღუჲნი̆** მიმღ. გამვლელ-გამომვლელი
d-ujtʼŭ,დ-უჲტუ̆,,,,v,,,,s/he goes,,**დ-უჲტუ̆** აწმყ. იხ. დ-ოტარ1
ujkmĭ,უჲქმი̆,d d,D,GE,n,,,უქმე,,"праздничный день, нерабочий день",**უჲქმი̆** *დ დ* უქმე
ujštʼ,უჲშტ,,,,adv,,,ისე,"so, like that",так,**უჲშტ** ზმნს. ისე
ujštʼneɁ,უჲშტნეჸ,,,,a,,,"ისეთივე, ისევ ისეთი",exactly like that,такой же,"**უჲშტნეჸ** ისეთივე, ისევ ისეთი"
ujxkʼ-d-isar,უჲხკ-დ-ისარ,,,,vi,,,,,,**უჲხკ-დ-ისარ** გრდუვ. იხ. უჲლლ-დ-ისარ
d-ujħtʼar,დ-უჲჰ’ტარ,,,,adv,,,,,,**დ-უჲჰ’ტარ** ზმნს. იხ. დ-უჲჰ’ტეხ
d-ujħtʼex,დ-უჲჰ’ტეხ,,,,adv,,,პირქვე,face-down,"ничком, лицом вниз",**დ-უჲჰ’ტეხ** ზმნს. პირქვე
pal,ფალ,b d,B,,n,,pali; paliⁿ,ზღაპარი,tale,сказка,**ფალ** *ბ დ* (ფალი; ფალიჼ) ზღაპარი **ფალ ბეფცარ** გრდმ. ზღაპრის მოყოლა (წვნა)
palaz,ფალაზ,b d,B,GE,n,,palzi; palzeⁿ,"ფალასი, ფარდაგი",,палас,"**ფალაზ** *ბ დ* (ფალზი; ფალზეჼ) ფალასი, ფარდაგი"
palvaⁿ,ფალვაჼ,d d,D,GE,n,,palvani; palvaneⁿ,ფალავანი,,борец,**ფალვაჼ**  *დ დ* (ფალვანი; ფალვანეჼ) ფალავანი
palpandi,ფალფანდი,,,,,,,,,,**ფალფანდი** ჲ მრ. ზღაპარ-ზღუპრები
pand,ფანდ,j j,J,GE,n,,pandi; pandeⁿ,ფანდი,,"ухватка, прием",**ფანდ** *ჲ ჲ* (ფანდი; ფანდეჼ) ფანდი
pandur,ფანდურ,b d,B,GE,n,,pejndri; pajndreⁿ,ფანდური,,бандури музык. инст.,**ფანდურ** *ბ დ* (ფეჲნდრი; ფაჲნდრეჼ) ფანდური
par1,ფარ1,d d,D,GE,n,,pari; pareⁿ,ფარი,shield,щит,**ფარ1** *დ დ* (ფარი; ფარეჼ) ფარი
par2,ფარ2,d d,D,,n,,,ტყავის ქვეშა ქონი ცხოველისა,,подкожный жир,**ფარ2** *დ დ* ტყავის ქვეშა ქონი ცხოველისა
paraⁿ,ფარაჼ,d d,D,GE,n,,parni; parneⁿ,ფანარი,,фанар,**ფარაჼ** *დ დ* (ფარნი; ფარნეჼ) ფანარი
pargul,ფარგულ,d d,D,GE,n,,pajrgli; pajrgleⁿ,"ფარგული, გულისპირი (სამკაულით მორთული, ქალისა)",,нагрудник с украшениями у женщин,"**ფარგულ** *დ დ* (ფაჲრგლი; ფაჲრგლეჼ) ფარგული, გულისპირი (სამკაულით მორთული, ქალისა)"
pard,ფარდ,d d,D,GE,n,,pardi; pardeⁿ,ფარდა,,занавес,**ფარდ** *დ დ* (ფარდი; ფარდეჼ) ფარდა
pardul,ფარდულ,d d,D,GE,n,,perdli; perdleⁿ,ფარდული,,навес,**ფარდულ** *დ დ* (ფერდლი; ფერდლეჼ) ფარდული
parex,ფარეხ,b d,B,GE,n,,parxi; parxiⁿ,ფარეხი,,овчарня,**ფარეხ** *ბ დ* (ფარხი; ფარხიჼ) ფარეხი
partid,ფართიდ,,,,adv,,,გამჭოლ,"through, beyond",насквозь,**ფართიდ** ზმნს. გამჭოლ
parskʼoⁿ,ფარსკოჼ,,,,,,,,,,"**ფარსკოჼ**  ფარსაგი, წესიერი"
partʼaⁿ,ფარტაჼ,b d,B,GE,n,,partʼni; partʼneⁿ,"ფარტენა, ფთილა",,"кусок шерсти, готовый к пряже","**ფარტაჼ** *ბ დ* (ფარტნი; ფარტნეჼ) ფარტენა, ფთილა"
parč,ფარჩ,j j,J,,n,,,"ფართალი, ფართლეული",textiles,мануфактура,"**ფარჩ** *ჲ ჲ* ფართალი, ფართლეული"
parcx,ფარცხ,j j,J,GE,n,,parcxeⁿ,ფარცხი,,борона,**ფარცხ** *ჲ ჲ* (ფარცხეჼ) ფარცხი
parcxod-d-ar,ფარცხოდ-დ-არ,,,,,,,,,,**ფარცხოდ-დ-არ** გრდმ. ფარცხვა
parcxodujnĭ,ფარცხოდუჲნი̆,,,,,,,,,,**ფარცხოდუჲნი̆** მიმღ. მფარცხველი
patʼar,ფატარ,,,GE,a,,,"ფუტურო; გამოფიტული, დუნე",,"дуплистое дерево; истощенный, вялый","**ფატარ** 1. ფუტურო 2. გამოფიტული, დუნე"
papar,ფაფარ,j j,J,GE,n,,papri; papreⁿ,ფაფარი,,грива,**ფაფარ** *ჲ ჲ* (ფაფრი; ფაფრეჼ) ფაფარი
papağ,ფაფაღ,b d,B,GE,n,,papği; papğeⁿ,ფაფახი,,папаха,**ფაფაღ** *ბ დ* (ფაფღი; ფაფღეჼ) ფაფახი
pağar,ფაღარ,,,,,,čʼrelašv.,,,,**ფაღარ** ყვავი *(ჭრელაშვ.)*
pašatʼ,ფაშატ,d d,D,,n,,,ცხენი გახედნამდე (დედალიც და მამალიც),horse that is not yet backed and ridden,невызженная лошадь,**ფაშატ** *დ დ* ცხენი გახედნამდე (დედალიც და მამალიც)
paškʼutʼ,ფაშკუტ,b d,B,GE,n,,,"ფშუკურა, გუდაფშუტა","puffball, bovist","дождевик, дымчатка","**ფაშკუტ** *ბ დ* ფშუკურა, გუდაფშუტა"
pacer,ფაცერ,j j,J,GE,n,,pacri; pacreⁿ,ფაცერი (თევზებისა და ცხოველების საჭერი),,"капкан, кузов (для ловли рыб)",**ფაცერ** *ჲ ჲ* (ფაცრი; ფაცრეჼ) ფაცერი (თევზებისა და ცხოველების საჭერი)
pajcpujcĭ,ფაჲცფუჲცი̆,d d,D,GE,n,,,ფაციფუცი,,суетня,**ფაჲცფუჲცი̆** *დ დ* ფაციფუცი
pe,ფე,b d,B,,n,,piiš; peⁿ,"გვერდი, ფერდი","side, flank",бок,"**ფე** *ბ დ* (ფიიშ; ფეჼ) 1. გვერდი, ფერდი 2. მხარე"
pezukʼ,ფეზუკ,d d,D,,n,,pejzkʼi; pejzkʼeⁿ,პაიჭი,"leggings, gaiter",ноговища,**ფეზუკ** *დ დ* (ფეჲზკი; ფეჲზკეჼ) პაიჭი
pelacujnĭ,ფელაცუჲნი̆,,,,ptcp,,,"მხარდამჭერი, მშველელი",,сторонник,**ფელაცუჲნი̆** მიმღ. მხარდამჭერი
pelujnĭ,ფელუჲნი̆,,,,,,,,,,"**ფელუჲნი̆** მიმღ. მხარის მიმცემი, მხარის დამჭერი, ქომაგი"
penivħ,ფენივჰ’,,,,adv,,,"მხარეზე, მხარეს; მხრისკენ","on one side, to the side","в сторону, на стороне","**ფენივჰ’** ზმნს. მხარეზე, მხარეს; მხრისკენ"
penix,ფენიხ,,,,,adv,,,,,"**ფენიხ** 1. ზმნს. 1) გვერდით, გვერდზე, ახლოს 2) გვერდზე ირიბად. 2. თანდ. მიც. ბრუნვასთან"
penkʼŏ,ფენკო̆,b d,B,,n,,penkʼuj; penkʼujⁿ,"ნამსხვრევი, ნატეხი","fragment, shiver, shard","осколок, половинка, кусок, ломоть","**ფენკო̆** *ბ დ* (ფენკუჲ; ფენკუჲჼ) ნამსხვრევი, ნამტვრევი"
perad,ფერად,d d,D,GE,n,,,ფერადი; ფერი,,"цветной, цвет","**ფერად** *დ დ* ფერადი, ფერი"
perbad-d-alar,ფერბად-დ-ალარ,,,GE,vi,,epereba,"ფერება (ეფერება), მიალერსება",,"ласкаться, ластиться",**ფერბად-დ-ალარ** გრდუვ. ფერება (ეფერება) მიალერსება
perbalarikʼ,ფერბალარიკ,,,,,,,,,,**ფერბალარიკ** ალერსიანი
perdiskar,ფერდისქარ,d,D,GE,n,,,"თიაქარი, ფერდის ქარი",,грыжа,"**ფერდისქარ** *დ* თიაქარი, ფერდის ქარი"
perdŏ,ფერდო̆,b d,B,GE,n,,mtisa,ფერდობი (მთისა),"slope, mountain side",склон горы,**ფერდო̆** *ბ დ* ფერდობი (მთისა)
periscvaleb,ფერისცვალებ,d d,D,GE,n,,,ფერისცვალება,,преображение,**ფერისცვალებ** *დ დ* ფერისცვალება
persŏ,ფერსო̆,j j,J,GE,n,,persuj; persujⁿ,ფერსო,,деревянный обод колеса,**ფერსო̆** *ჲ ჲ* (ფერსუჲ; ფერსუჲჼ)ფერსო
peršal,ფერშალ,v b ; j d,M/F,GE,n,,peršli; peršleⁿ,ფერშალი,,фельдшерица,**ფერშალ** *ვ ბ ; ჲ დ* (ფერშლი; ფერშლეჼ) ფერშალი
peršlob,ფერშლობ,,,,,,,,,,**ფერშლობ** ფერშლობა
perxul,ფერხულ,d,D,GE,n,,,ფერხული,,хоровод,**ფერხულ** *დ* ფერხული
peskʼaⁿ,ფესკაჼ,d d,D,,n,,peskʼni; peskʼneⁿ,წვივი,shin,голень,**ფესკაჼ** *დ დ* (ფესკნი; ფესკნეჼ) წვივი
peškʼar,ფეშკარ,d d,D,,n,,peškʼri; peškʼreⁿ,"ბიჭი, ბიჭუნა, ბავშვი","boy, kid","мальчуган, малыш","**ფეშკარ** *დ დ* (ფეშკრი; ფეშკრეჼ) კნინ. ბიჭი, ბიჭუნა, ბავშვი"
peškeš,ფეშქეშ,d d,D,GE,n,,peškeši,"ფეშქაში, საჩუქარი",,"подарок, дар","**ფეშქეშ** *დ დ* (ფეშქეში) ფეშქაში, საჩუქარი"
pešxŏ,ფეშხო̆,j j,J,GE,n,,pešxuj; pešxoⁿ,ფეშხო,,половина зарезанной туши,**ფეშხო̆** *ჲ ჲ* (ფეშხუჲ; ფეშხოჼ) ფეშხვა
-pex,-ფეხ,,,,nsfx,,,"თან, გვერდით","with, near, next to",рядом,"**-ფეხ** თანდ. მიც. ბრუნვ. თან, გვერდით"
pexlattar,ფეხლათთარ,j d,F,,n,,pexlatt[a]ri,მდადე,bridesmaid,шафер-женщина при невесте,**ფეხლათთარ** *ჲ დ* (ფეხლათთ[ა]რი) მდადე
"pejkar, piikar","ფეჲქარ, ფიიქარ",,,,,,,,,,"**ფეჲქარ, ფიიქარ** ფეიქარი"
pial,ფიალ,d d,D,GE,n,,piali; pialeⁿ,ფიალა,,чаша,**ფიალ** *დ დ* (ფიალი; ფიალეჼ) ფიალა
pizakʼ,ფიზაკ,,,,,,alir.,,,,**ფიზაკ** წვივსაფარი (ალირ.)
pitr,ფითრ,d d,D,GE,n,,mcenarea,ფითრი,,омела,**ფითრ** *დ დ* ფითრი *(მცენარეა)*
pitrbad-d-alar,ფითრბად-დ-ალარ,,,GE,vi,,pitrdeba,გაფითრება (ფითრდება),,бледнеть,**ფითრბად-დ-ალარ** გრდუვ. გაფითრება (ფითრდება)
pilt,ფილთ,,D,GE,n,,pilti; pilteⁿ,"პატრუქი, ფთილა",,фитиль,"**ფილთ** დ დ (ფილთი; ფილთეჼ) პატრუქი, ფთილა"
pinğa,ფინღა,,,,adv,,,გვერდზე,on the side,"рядом, очень близко",**ფინღა** ზმნს. გვერდზე
piruz,ფირუზ,d d,D,GE,n,,piruzi; piruzeⁿ,ფირუზი,,бирюза,**ფირუზ** *დ დ* (ფირუზი; ფირუზეჼ) ფირუზი
pis,ფის,b d,B,GE,n,,,ფისი,,смола,**ფის** *ბ დ* ფისი
pisŏ,ფისო̆,d d,D,GE,n,,pisuj; pisujⁿ,ფისო,,киска,**ფისო̆** *დ დ* (ფისუჲ; ფისუჲჼ) ფისო
pitʼ,ფიტ,d d,D,GE,n,,,"ფიტი, უთაფლო ფიჭა",,"соты (без меда); ничего не имеют дома, пусто; ни на что не способен","**ფიტ** *დ დ* ფიტი, უთაფლო ფიჭა"
"pitʼon, pajtʼoⁿ","ფიტონ, ფაჲტოჼ",b d,,,,,"pitʼoni, pajtʼoni; pitʼoneⁿ",,,,"**ფიტონ, ფაჲტოჼ** *ბ დ* (ფიტონი, ფაჲტონი; ფიტონეჼ) ფაეტონი, ეტლი"
pipinar,ფიფინარ,,,,adv,,,"ირიბად, ალმაცერად","diagonally, oblique, slanted","косо, наискось","**ფიფინარ** ზმნს. ირიბად, ალმაცერად"
pičx,ფიჩხ,b d,B,GE,n,,pičxuj; pičxeⁿ,ფიჩხი,,хворост,**ფიჩხ** *ბ დ* (ფიჩხუჲ; ფიჩხეჼ) ფიჩხი
picar,ფიცარ,d d,D,GE,n,,picri; picreⁿ,ფიცარი,"plank, board",доска,**ფიცარ** *დ დ* (ფიცრი; ფიცრეჼ) ფიცარი
picx,ფიცხ,,,GE,a,,,ფიცხი,,"пылкий, горячий, вспыльчивый",**ფიცხ** ფიცხი
pičʼ,ფიჭ,d d,D,GE,n,,pičʼeⁿ,ფიჭვი,,сосна,**ფიჭ** *დ დ* (ფიჭეჼ) ფიჭი (თაფლიანი)
pičʼv,ფიჭვ,d d,,,,,pičʼvi; pičʼveⁿ,,,,**ფიჭვ**  *დ დ* (ფიჭვი; ფიჭვეჼ) ფიჭვი (თაფლიანი)
"pičʼvarna, pičʼverna","ფიჭვარნა, ფიჭვერნა",,,,,,,,,,"**ფიჭვარნა, ფიჭვერნა** ფიჭვნარი"
pletad-d-ar,ფლეთად-დ-არ,,,GE,vt,,plets,ფლეთა (ფლეთს),rip to shreds,рвать,**ფლეთად-დ-არ** გრდმ. ფლეთა (ფლეთს)
plid,ფლიდ,,,GE,a,,,ფლიდი,,лицемер,**ფლიდ** ფლიდი
plok[ŏ],ფლოქ[ო̆],d d,,,,,,,,,"**ფლოქ[ო̆]** *დ დ* ეთნ. პატარა სუფრა, ცოტა ტკბილეული, მატყლი და რკინა, რომლითაც საქონელს და მეზობელს ახალ წელს ულოცავენ"
potol,ფოთოლ,d d,D,GE,n,,potli; potleⁿ,ფოთოლი,leaf,лист,**ფოთოლ** *დ დ* (ფოთლი; ფოთლეჼ) ფოთოლი
polad,ფოლად,d d,D,GE,n,,poldeⁿ,ფოლადი,,сталь,**ფოლად** *დ დ* (ფოლდეჼ) ფოლადი
polorc,ფოლორც,,,GE,n,,,"ფოლორცი, პირმოთნე",,"фарисей, лицемер","**ფოლორც** ფოლორცი, პირმოთნე"
poⁿ,ფოჼ,j j,J,GE,n,,poneⁿ,ფონი,(river) ford,брод,**ფოჼ** *ჲ ჲ* (ფონეჼ) ფონი
poštʼ,ფოშტ,j j,J,RU,n,,poštʼeⁿ,ფოსტა,,почта,**ფოშტ** *ჲ ჲ* (ფოშტეჼ) ფოსტა
prukʼad-d-ar,ფრუკად-დ-არ,,,GE,vt,,bdğvnis,ბდღვნა (ბდღვნის),"pluck, tear",ощипывать,**ფრუკად-დ-არ** გრდმ. ბდღვნა (ბდღვნის)
psa,ფსა,b d,B,,n,,psuⁿ,ქერი,barley,ячмень,**ფსა** *ბ დ* (ფსუჼ) ქერი
psad,ფსად,d,D,,n,,,წითელა,measles,корь,**ფსად** *დ* წითელა
psare[ħ],ფსარე[ჰ’],,,,,,,,,,**ფსარე[ჰ’]** ზმნს. გუშინ
psare[ħ]luⁿ,ფსარე[ჰ’]ლუჼ,,,,,,,,,,**ფსარე[ჰ’]ლუჼ** გუშინდელი
psarlo,ფსარლო,j j,J,,n,,psarluj; psarlujⁿ,საღამო,evening,вечер,**ფსარლო** *ჲ ჲ* (ფსარლუჲ; ფსარლუჲჼ) საღამო **ფსარლუჲჼ** ზმნს. საღამოს
psar-psarlujⁿ,ფსარ-ფსარლუჲჼ,,,,,,,,,,**ფსარ-ფსარლუჲჼ** ზმნს. საღამოობით
psikʼ,ფსიკ,b d,B,,n,,psikʼi; psikʼeⁿ,რწყილი,flea,блоха,**ფსიკ** *ბ დ* (ფსიკი; ფსიკეჼ) რწყილი **ფსიკეჼ ქოჯო̆** რწყილის ცოცხი - მთის გვირილა
psikʼareⁿ,ფსიკარეჼ,,,,,,,,,,**ფსიკარეჼ** რწყილებიანი
psoⁿ,ფსოჼ,j,J,GE,n,,,ფსონი,,кутеж в складчину,**ფსოჼ** *ჲ* ფსონი
pstʼarč,ფსტარჩ,,,,n,,,,,,**ფსტარჩ** მრ. იხ. ფსტუ2
"pstʼej, pstʼii","ფსტეჲ, ფსტიი",,,,,,,,,,"**ფსტეჲ, ფსტიი** მრ. იხ. ფსტუ1"
pstʼu,ფსტუ,,,,,,šipn.,,,,"**ფსტუ** **ჲეხარ** გრდმ. დაქორწინება, ცოლის შერთვა *(შიფნ.)*"
pstʼu1,ფსტუ1,j d,F,,n,,"pstʼej, pstʼii; pstʼuniⁿ",ცოლი,wife,"жена, супруга","**ფსტუ1** *ჲ დ* (ფსტეჲ, ფსტიი; ფსტუნიჼ) ცოლი"
pstʼu2,ფსტუ2,b d,B,,n,,pstʼarč; pstʼariⁿ,ხარი,"bull, ox",бык,**ფსტუ2** *ბ დ* (ფსტარჩ; ფსტარიჼ) ხარი
pstʼu-bader,ფსტუ-ბადერ,,D,,n,,,ცოლ-შვილი,wife and kids,"семья (для мужа), жена и ребенок, жена и дети",**ფსტუ-ბადერ** დ მრ. ფსტუ-ბადრი დ ცოლ-შვილი
pstʼubadraleⁿ,ფსტუბადრალეჼ,,,,,,,,,,**ფსტუბადრალეჼ** ცოლშვილიანი
pstʼudad,ფსტუდად,v b,,,,,pstʼudadi; pstʼudadeⁿ,,,,**ფსტუდად** *ვ ბ* (ფსტუდადი; ფსტუდადეჼ) სიმამრი
pstʼudejlĭ,ფსტუდეჲლი̆,d d,,,,,pstʼudeluj; pstʼudeluⁿ,,,,"**ფსტუდეჲლი̆** *დ დ*  (ფსტუდელუჲ; ფსტუდელუჼ) სახარე (ხბო, მოზვერი)"
pstʼunaⁿ,ფსტუნაჼ,j d,,,,,pstʼunani; pstʼunaneⁿ,,,,**ფსტუნაჼ** *ჲ დ* (ფსტუნანი; ფსტუნანეჼ) სიდედრი
pstʼunliⁿ,ფსტუნლიჼ,,,,,,,,,,**ფსტუნლიჼ** ცოლიანი
pstʼunğuj,ფსტუნღუჲ,d,,,,,,,,,**ფსტუნღუჲ** *დ* მრ. ცოლეურნი
pstʼujnğeⁿ,ფსტუჲნღეჼ,,,,,,,,,,**ფსტუჲნღეჼ** დედალი
pstʼujnŏ,ფსტუჲნო̆,j j,J,,n,,pstʼej; pstʼujnčoⁿ,"დედაკაცი, გათხოვილი ქალი; ცოლი","woman, married woman; wife","замужняя женщина, жена","**ფსტუჲნო̆** *ჲ ჲ* (ფსტეჲ; ფსტუჲნჩოჼ) დედაკაცი, გათხოვილი ქალი; ცოლი"
"pu pu[Ɂ]aɬar, pu[Ɂ]dar","ფუ ფუ[ჸ]ალ’არ, ფუ[ჸ]დარ",,,,,,"šeuberavs, uberavs cecxls",,,,"**ფუ ფუ[ჸ]ალ’არ, ფუ[ჸ]დარ** გრდმ. შებერვა (შეუბერავს, უბერავს ცეცხლს)"
puvbad-d-alar,ფუვბად-დ-ალარ,,,GE,vi,,puvdeba,აფუვება (ფუვდება),,подниматься (о тесте),**ფუვბად-დ-ალარ** გრდუვ. აფუვება (ფუვდება)
puvbad-d-ar,ფუვბად-დ-არ,,,GE,vt,,apuebs,ფუება (აფუებს),,"заставить взойти, подняться (о тесте)",**ფუვბად-დ-არ** გრდმ. ფუება (აფუებს)
put,ფუთ,b d,B,GE,n,,,ფუთი,pood,пуд,**ფუთ** *ბ დ* ფუთი
putliⁿ,ფუთლიჼ,,,,,,,,,,**ფუთლიჼ** ფუთიანი
pukʼ,ფუკ,j j,J,,n,,pukʼi; pukʼeⁿ,"მატყლის კვირტი, გაჩეჩილი მატყლის მარჩენი","tangle, tuft (in wool)","вычески, остатки шерсти на гребне","**ფუკ** *ჲ ჲ* (ფუკი; ფუკეჼ) მატყლის კვირტი, გაჩეჩილი მატყლის ნარჩენი"
punǯ,ფუნჯ,j j,J,GE,n,,punǯi; punǯeⁿ,"ფოჩი, ფუნჯი",,"кисточка, бахрома","**ფუნჯ** *ჲ ჲ* (ფუნჯი; ფუნჯეჼ) ფოჩი, ფუნჯი"
punǯareⁿ,ფუნჯარეჼ,,,,,,,,,,"**ფუნჯარეჼ** ფოჩებიანი, ფუნჯებიანი"
purnĕ,ფურნე̆,b d (j j),B/J,GE,n,,j j,ფურნე,,печь (для хлеба),**ფურნე̆** *ბ დ (ჲ ჲ)* (ფურნი; ფურნეჼ) ფურნე
purč,ფურჩ,j,J,GE,n,,avadmqʼ.,"ფურჩი, ხის კურძი, ფიცრის სოკო (ავადმყ.)","nick, crack, ",изъян доски,"**ფურჩ** *ჲ* ფურჩი, ხის კორძი, ფიცრის სოკო (ავადმყ.)"
putʼar-d-alar,ფუტარ-დ-ალარ,,,,vi,,putʼurovdeba,დაფუტუროება (ფუტუროვდება),be hollowed out,"трухляветь, прогнить (о дереве)",**ფუტარ-დ-ალარ** გრდუვ. დაფუტოროება (ფუტუროვდება)
putʼar-d-ar,ფუტარ-დ-არ,,,,vt,,aputʼoroebs,დაფუტუროება (აფუტუროებს),hollow out,трухлявить (о дереве),**ფუტარ-დ-არ** გრდმ. დაფუტოროება (აფუტოროებს)
putʼkʼar,ფუტკარ,j j,J,GE,n,,putʼkʼri; putʼkʼreⁿ,ფუტკარი,bee,пчела,**ფუტკარ** *ჲ ჲ* (ფუტკრი; ფუტკრეჼ) ფუტკარი
putʼurŏ,ფუტურო̆,,,GE,a,,xe,"ფუტურო, დამპალი (ხე)","tree trunk, rotten tree","трухлявый, гнилой (о дереве)","**ფუტურო̆** ფუტურო, დამპალი (ხე)"
pupkad-d-ar,ფუფქად-დ-არ,,,GE,vt,,,ფუფქვა,scald (i.e. plucked hen),"ошпаривать, обдавать кипятком",**ფუფქად-დ-არ** გრდმ. ფუფქვა
puğur[ŏ],ფუღურ[ო̆],j j,,,,,puğri; puğreⁿ,,,,**ფუღურ[ო̆]** *ჲ ჲ* (ფუღრი; ფუღრეჼ) ფუღურო
puš,ფუშ,,J,,n,,puši; pušeⁿ,კოპი,lump,шишка,**ფუშ** ჲ ჲ (ფუში; ფუშეჼ) კოპი
pušina,ფუშინა,,,GE,n,,,"ფუში, თიაქარი",,грыжа,"**ფუშინა** ფუში, თიაქარი"
puškʼad-d-ar,ფუშკად-დ-არ,,,GE,vt,,,პეპელა,,покрывать (о птицах),**ფუშკად-დ-არ** გრდმ. პეპვლა
pučeč,ფუჩეჩ,j j,J,GE,n,,pučči; puččeⁿ,ფუჩეჩი,,"обертка початка, стебель кукурузы",**ფუჩეჩ** *ჲ ჲ* (ფუჩჩი; ფუჩჩეჼ) ფუჩეჩი
puɁi,ფუჸი,,,,interj,,,"ფუ, ფუი",,тьфу,"**ფუჸი** შორისდ. ფუ, ფუი"
pša,ფშა,b d,,,,,pšajšĭ; pšajⁿ,,,,**ფშა**1 *ბ დ* (ფშაჲში̆; ფშაჲჼ) ყინული
pša2,ფშა2,b d,B,,n,,pšajšĭ; pšajⁿ,ფშა,spring (near river),"источник, родник, ручеек",**ფშა2** *ბ დ* (ფშაჲში̆; ფშაჲჼ) ფშა
"pšel, pšelŏ","ფშელ, ფშელო̆",j j,,,,,pšeluj; pšeloⁿ,,,,"**ფშელ, ფშელო̆** *ჲ ჲ* (ფშელუჲ; ფშელოჼ) სიცივე"
pšel-d-alar,ფშელ-დ-ალარ,,,,,,gacivdeba,,,,**ფშელ-დ-ალარ** გრდუვ. გაცივება (გაცივდება)
pšel-d-ar,ფშელ-დ-არ,,,,,,"gaacivebs, gacivdeba",,,,"**ფშელ-დ-არ** გრდმ. გაცივება (გააცივებს, გაცივდება)"
pšeliⁿ,ფშელიჼ,,,,,,,,,,**ფშელიჼ**  ცივი
pšeloreⁿ,ფშელორეჼ,,,,,,,,,,"**ფშელორეჼ** გრილი, ცივი"
"pšejlna, pšilna","ფშეჲლნა, ფშილნა",d d,,,,,,,,,"**ფშეჲლნა, ფშილნა** *დ დ* განყ. სახ."
pxa1,ფხა1,b d,B,,n,,pxajvnĭ; pxajⁿ,ძარღვი; ნერვი,"vein, sinew, tendon","жила, нерв","**ფხა1** *ბ დ* (ფხაჲვნი̆; ფხაჲჼ) ძარღვი, ნერვი"
pxa2,ფხა2,b d,B,GE,n,,"tevzisa, mcenarisa","ფხა (თევზისა, მცენარისა)","fish bone, plant string","кость рыбы, игла злачных растений","**ფხა2** *ბ დ* ფხა (თევზისა, მცენარისა)"
pxakʼal,ფხაკალ,d d,D,,n,,pxakʼli; pxakʼleⁿ,კურღელი,rabbit,заяц,**ფხაკალ** *დ დ* (ფხაკლი; ფხაკლეჼ) კურდღელი
pxakʼajnŏ,ფხაკაჲნო̆,,,,onomat,,,ფხაჭანით,"scraping, scratching","с треском, молниеносно",**ფხაკაჲნო̆** ზმნს. ფხაჭანით
pxakʼleⁿ bader,ფხაკლეჼ ბადერ,d d,,,,,kadagiʒ.,,,,**ფხაკლეჼ ბადერ** *დ დ* ბაჭია *(ქადაგიძ.)* **ფხაკალ ბადერ** *დ დ* ბაჭია *(შიფნ.)*
pxaner,ფხანერ,d d,D,,n,,pxanri; pxanreⁿ,ბეჭი,shoulder blade,лопатка (плечевая),**ფხანერ** *დ დ* (ფხანრი; ფხანრეჼ) ბეჭი
pxauztʼqʼ,ფხაუზტყ,,,,num,,,ასი,hundred,сто,**ფხაუზტყ** ასი
pxauztʼqʼlin,ფხაუზტყლინ,,,,,,,,,,"**ფხაუზტყლინ**ასიანი, ასმანეთიანი"
pxacʼ,ფხაწ,,,,adv,,,ხუთჯერ,five times,пять раз,**ფხაწ** ხუთჯერ
pxe,ფხე,j,J,,n,,saqʼveled šededebuli rʒe,დელამო,curdled milk,створожившееся молоко для сыра,**ფხე** *ჲ* დელამა (საყველედ შედედებული რძე)
pxev,ფხევ,v b,M,,n,,pxii; pxevaⁿ,ხევსური,Khevsur,хевсур,**ფხევ** *ვ ბ* (ფხიი; ფხევაჼ)ხევსური
pxekʼad-d-ar,ფხეკად-დ-არ,,,GE,vt,,,ფხეკა,"scrape, plane, grate",скоблить,**ფხეკად-დ-არ** გრდმ. ფხეკა
pxi,ფხი,,,,num,,,ხუთი,five,пять,**ფხი** ხუთი
pxizel,ფხიზელ,,,GE,a,,,ფხიზელი,sober,трезвый,**ფხიზელ** ფხიზელი
"pxiicʼatʼqʼ, pxiicʼatʼqʼ","ფხიიწატყ, ფხიიწატყ",,,,,,,,,,"**ფხიიწატყ, ფხიიწატყ** სამასი"
"pxiicʼatʼqʼloğen, pxiicʼatʼloğeⁿ","ფხიიწატყლოღენ, ფხიიწატლოღეჼ",,,,,,,,,,"**ფხიიწატყლოღენ, ფხიიწატლოღეჼ** მესამასე, მესამასედი"
pxilin,ფხილინ,,,,,,,,,,**ფხილინ**ხუთიანი
pxilğeⁿ,ფხილღეჼ,,,,,,,,,,"**ფხილღეჼ** მეხუთე, მეხუთედი"
pxitʼoⁿ,ფხიტოჼ,,,,a,,,მკვირცხლი,"nimble, playful",резвый,**ფხიტოჼ** მკვირცხლი
pxi-px,ფხი-ფხ,,,,,,,,,,**ფხი-ფხ** ხუთ-ხუთი
pxkʼditar,ფხკდითარ,,,,,,apxakʼunebs,,,,**ფხკდითარ** გრდმ. ფხაკუნი (აფხაკუნებს)
pxrecʼad-d-ar,ფხრეწად-დ-არ,,,GE,vt,,,ფხრეწა,rip,"рвать, раздирать (на куски)",**ფხრეწად-დ-არ** გრდმ. ფხრეწა
pxriul,ფხრიულ,d d,D,,n,,pxrivli,"ბავშვის სათამაშოა - ქვის ან ხის პატარა ფირფიტა ორი ნახვრეტით, რომელშიც გაყრილია ძაფი",,детская игрушка вроде волчка,"**ფხრიულ** *დ დ* (ფხრივლი) ბავშვის სათამაშოა - ქვის ან ხის პატარა ფირფიტა ორი ნახვრეტით, რომელშიც გაყრილია ძაფი"
pxuv,ფხუვ,j j,J,,n,,pxuji; pxuveⁿ,"ხუფი, სარქველი","lid, cover",крышка,"**ფხუვ** *ჲ ჲ* (ფხუჲი; ფხუვეჼ) ხუფი, სარქველი"
pxuvcʼiⁿ,ფხუვწიჼ,,,,,,,,,,"**ფხუვწიჼ** უხუფო[დ], უსარქველო[დ]"
pxur,ფხურ,,,,adv,,,ირიბად; ირიბი,"slanted, oblique","косо, наискось",**ფხურ** ირიბად; ირიბი
pxurpxur,ფხურფხურ,,,,,,,,,,"**ფხურფხურ** ზმნს. 1. გარდი-გარდმო, ირიბად 2. გადატ. ალმაცერად"
pxujkʼeⁿ,ფხუჲკეჼ,,,GE,a,,,"ფხუკიანი, ფიცხი","short-tempered, volatile","горячий, вспыльчивый","**ფხუჲკეჼ** ფხუკიანი, ფიცხი"
pħatoⁿ lacʼar d,ფჰ’ათოჼ ლაწარ დ,,,,,,,,,,"**ფჰ’ათოჼ ლაწარ* *დ** ფილტვების დაავადება, ჭლექი"
pħatujetʼar,ფჰ’ათუჲეტარ,,,,,,,,,,"**ფჰ’ათუჲეტარ** გაბრაზება, ფილტვების დასკდომა"
pħariⁿ carkʼ,ფჰ’არიჼ ცარკ,,,,,,alir.,,,,**ფჰ’არიჼ ცარკ** ეშვი *(ალირ.)*
pħars,ფჰ’არს,b j,Bj,,n,,pħarsi; pħarseⁿ,მკლავი,arm,рука,**ფჰ’არს** *ბ ჲ* (ფჰ’არსი; ფჰ’არსეჼ) მკლავი
pħarč,ფჰ’არჩ,,,,n,,,,,,**ფჰ’არჩ** მრ. იხ. ფჰ’უ
pħarcʼiⁿ,ფჰ’არწიჼ,,,,,,,,,,"**ფჰ’არწიჼ** უძაღლო, უძაღლოდ"
pħaš[ĕ],ფჰ’აშ[ე̆],d d,,,,,,,,,**ფჰ’აშ[ე̆]** *დ დ* სუდარა
pħajtĭ,ფჰ’აჲთი̆,b j,Bj,,n,,pħatuj; pħatoⁿ ,ფილტვი,lung,легкое,**ფჰ’აჲთი̆** *ბ ჲ* (ფჰ’ათუჲ; ფჰ’ათოჼ ) ფილტვი
pħe,ფჰ’ე,b d,B,,n,,pħiiš; pħeⁿ,სოფელი,village,"село, деревня",**ფჰ’ე** *ბ დ* (ფჰ’იიშ; ფჰ’ეჼ) სოფელი
"pħe pejnxiⁿ, pħe pinxiⁿ","ფჰ’ე ფეჲნხიჼ, ფჰ’ე ფინხიჼ",,,,,,,,,,"**ფჰ’ე ფეჲნხიჼ, ფჰ’ე ფინხიჼ** მრ. სოფლის განაპირა"
pħereⁿ,ფჰ’ერეჼ,,,,,,,,,,"**ფჰ’ერეჼ** სოფლიდან, სოფლელი"
pħe-xkʼe,ფჰ’ე-ხკე,,,,,,sopeli-xevi,,,,"**ფჰ’ე-ხკე** სოფელი, ქვეყანა (სოფელი-ხევი)"
pħexov,ფჰ’ეხოვ,v b,,,,,pħexobi; pħexoveⁿ,,,,"**ფჰ’ეხოვ** *ვ ბ* (ფჰ’ეხობი; ფჰ’ეხოვეჼ)სოფლელი, სოფლის მაცხოვრები (კაცი)"
pħitʼ,ფჰ’იტ,b d,B,,n,,pħitʼi; pħitʼeⁿ,ბაყაყი,frog,лягушка,**ფჰ’იტ** *ბ დ* (ფჰ’იტი; ფჰ’იტეჼ) ბაყაყი
pħitʼar lelar,ფჰ’იტარ ლელარ,,,,,,baqʼaqʼurad siaruli,,,,"**ფჰ’იტარ ლელარ** გრდუვ. ოთხზე სიარული, ცოცვა (ბაყაყურად სიარული)"
pħitʼidaŭqʼŭ,ფჰ’იტიდაუ̆ყუ̆,d d,,,,,pħitʼidaqʼui; pħitʼidaqʼujⁿ,,,,"**ფჰ’იტიდაუ̆ყუ̆** *დ დ* (ფჰ’იტიდაყუი; ფჰ’იტიდაყუჲჼ) ყარყატი, ბაყაყიჭამია"
pħo,ფჰ’ო,b d,B,,n,,pħajvnĭ,სახელო,handle,рукав,**ფჰ’ო** *ბ დ* (ფჰ’აჲვნი̆)სახელო
pħor,ფჰ’ორ,d d,D,,n,,,ვახშამი,dinner,ужин,**ფჰ’ორ** *დ დ* ვახშამი **ფჰ’ორ** **დაყუჲლა** დ ვახშმობა
pħu,ფჰ’უ,b d,B,,n,,pħarč; pħariⁿ,ძაღლი,dog,собака,**ფჰ’უ** *ბ დ* (ფჰ’არჩ; ფჰ’არიჼ) ძაღლი **ფჰ’არიჼმოტტ** *ბ დ* ლენცოფა
kabab,ქაბაბ,b d,B,GE,n,,kabbi; kabbeⁿ,"ქაბაბი, კატლეტი","kebab, cutlet",котлета,"**ქაბაბ** *ბ დ* (ქაბბი; ქაბბეჼ) ქაბაბი, კატლეტი"
kadag,ქადაგ,d d,D,GE,n,,kadgeⁿ,ქადაგი; მამაკაცის საკ. სახ.,"preacher; seer, shaman; male first name","проповедник, кликуша, кликун; мужское имя собств.",**ქადაგ** *დ დ* (ქადგეჼ)1. ქადაგი 2. ქადაგი მამაკაცის საკ. სახ.
kadbi,ქადბი,,,,n,,,,,,**ქადბი** მრ. იხ. ქუდ
kadgebad-d-ar,ქადგებად-დ-არ,,,,,,ukadagebs,,,,**ქადგებად-დ-არ** გრდმ. ქადაგება (უქადაგებს)
kazdar,ქაზდარ,j j,J,,n,,kazdreⁿ,მიწა,earth,земля,**ქაზდარ** *ჲ ჲ* (ქაზდრეჼ) მიწა
katib,ქათიბ,j j,J,,n,,kajtbi; kajtbeⁿ,"ჩოხისმაგვარი ზედა ტანასაცმელი (მამაკაცისა, ძვალად ქალისაც)",,"верхняя одежда (мужская, раньше и женская)","**ქათიბ** *ჲ ჲ* (ქაჲთბი; ქაჲთბეჼ) ჩოხისმაგვარი ზედა ტანსაცმელი (მამაკაცისა, ძველად ქალისაც)"
kajrcxĭ,ქაჲრცხი̆,,0d,,n,,karcxoⁿ,"ტანისამოსი, ტანსაცმელი; სარეცხი","clothes, laundry","одежда, платье, белье","**ქაჲრცხი̆** დ (ქარცხოჼ) მრ. ტანისამოსი, ტანსაცმელი; სარეცხი"
kajǯberaɁŏ,ქაჲჯბერაჸო̆,d d,D,,n,,kajǯberuj; kajǯberujⁿ,ობობა,spider,паук,**ქაჲჯბერაჸო̆** *დ დ* (ქაჲჯბერუჲ; ქაჲჯბერუჲჼ) ობობა
kakʼar,ქაკარ,d d,D,,n,,,სარევი,ladle/spatula for stirring,"мешалка, мутовка",**ქაკარ** *დ დ* სარევი
kakʼ-d-ar,ქაკ-დ-არ,,,,vt,,mourevs,"მორევა (მოურევს), ამორევა, მოზელა; ამოსვრა (ამოსვრის)","stirr, mix, knead; get dirty","смешать, перемешать; вымазать, запачкать","**ქაკ-დ-არ** გრდმ. 1. მორევა (მოურევს), ამორევა, მოზელვა"
kakʼeⁿ,ქაკეჼ,,,,a,,,წვრილი,"small, minor",мелкий,**ქაკეჼ** წვრილი
kakʼlakʼ-d-ar,ქაკლაკ-დ-არ,,,,vt,,,მირევ-მორევა,,перемешать,**ქაკლაკ-დ-არ** გრდმ. მირევ-მორევა
kalačun,ქალაჩუნ,,,,,,,,,,**ქალაჩუნ**ქალაჩუნა
kalvard,ქალვარდ,d d,D,,n,,kalvardi; kalvardeⁿ,"კოპი, ბებერა","lump, blister (on hand)",пузырь (на руке...),"**ქალვარდ** *დ დ* (ქალვარდი; ქალვარდეჼ) კოპი, ბებერა"
"kalika, kalajka","ქალიქა, ქალაჲქა",j j,,,,,kalki; kalikeⁿ,,,,"**ქალიქა, ქალაჲქა** *ჲ ჲ* (ქალქი; ქალიქეჼ) ქალაქი; თბილისი"
kalkireⁿ,ქალქირეჼ,,,,,,,,,,"**ქალქირეჼ**  ქალაქელი, ქალაქიდან"
kalkov,ქალქოვ,v b j d,,,,,kalkoveⁿ,,,,**ქალქოვ** *ვ ბ ჲ დ* (ქალქოვეჼ) ქალაქელი
kalčunob,ქალჩუნობ,d,,,,,,,,,**ქალჩუნობ** *დ* ქალაჩუნობა
kalcʼul,ქალწულ,v b; j d,M/F,GE,n,,kajlcʼli; kajlcʼliⁿ,"ქალწული, ყმაწვილი ქალი, გაუთხოვარი ქალი; ყმაწვილკაცი, უცოლო ვაჟი",,"девица, незамужняя, молодая девушка, девственник, неженатый молодой человек","**ქალწულ** *ვ ბ; ჲ დ* (ქაჲლწლი; ქაჲლწლიჼ) 1. ქალწული, ყმაწვილი ქალი, გაუთხოვარ ქალი; ყმაწვილკაცი, უცოლო ვაჟი"
kamand,ქამანდ,j j,J,GE,n,,kamandeⁿ,ქამანდი,,аркан,**ქამანდ** *ჲ ჲ* (ქამანდეჼ) ქამანდი
kamar,ქამარ,d d,D,GE,n,,kamri; kamreⁿ,ქამარი,,пояс,**ქამარ** *დ დ* (ქამრი; ქამრეჼ) ქამარი
kamzokʼŏ,ქამზოკო̆,j j,J,GE,n,,,ქამა სოკო,,шампиньон,**ქამზოკო̆** *ჲ ჲ* ქამა სოკო
kandar,ქანდარ,d d,D,GE,n,,kandri; kandreⁿ,ქანდარა,,жердь для кур,**ქანდარ** *დ დ* (ქანდრი; ქანდრეჼ) ქანდარა
kantal,ქანთალ,,,,,,čʼrelašv.,,,,**ქანთალ** წყლული *(ჭრელაშვ.)*
kaniz,ქანიზ,j j,J,,n,,kajnzeⁿ,ყურძენი,grape,виноград,**ქანიზ** *ჲ ჲ* (ქაჲნზეჼ) ყურძენი
kanč,ქანჩ,d d,D,GE,n,,,ქანჩი მოკლე ჯოხი თოკით შეკრულის მოსაჭერად; ქანჩი,,"короткая палка, которой закручивают веревку (на морде лошади, скота...); гайка","**ქანჩ** *დ დ* 1. ქანჩი, მოკლე ჯოხი თოკით შეკრულის მოსაჭერად"
karapšutʼ,ქარაფშუტ,,,GE,a,,,ქარაფშუტა,,легкомысленный,**ქარაფშუტ** ქარაფშუტა
karv,ქარვ,d,D,GE,n,,karveⁿ,ქარვა,,янтарь,**ქარვ** *დ* (ქარვეჼ) ქარვა
karvaⁿ,ქარვაჼ,j j,J,GE,n,,karvni; karvneⁿ,ქარავანი,,караван,**ქარვაჼ** *ჲ ჲ* (ქარვნი; ქარვნეჼ) ) ქარავანი
karvasl,ქარვასლ,d d,D,GE,n,,karvasli; karvasleⁿ,ქარვასლა,,караван-сарай,**ქარვასლ** *დ დ* (ქარვასლი; ქარვასლეჼ) ქარვასლა
"kartam, krtam","ქართამ, ქრთამ",b d,,,,,krtameⁿ,,,,"**ქართამ, ქრთამ** *ბ დ* (ქრთამეჼ) ქრთამი"
karišxal,ქარიშხალ,b d,B,GE,n,,karišxleⁿ,ქარიშხალი,,буря,**ქარიშხალ** *ბ დ* (ქარიშხლეჼ) ქარიშხალი
karsaⁿ,ქარსაჼ,j j,J,,n,,karsni; karsneⁿ,საბელი,rope,"веревка, привязь",**ქარსაჼ** *ჲ ჲ* (ქარსნი; ქარსნეჼ) საბელი
karkvetʼ,ქარქვეტ,d d,D,GE,n,,mcenarea,"ქარქვეტა; ქარაფშუტა, ქერქეტა",,"конский фенхель; легкомысленный человек, ветрогон","**ქარქვეტ** *დ დ* 1. ქარქვეტა *(მცენარეა)* 2. გადატ. ქარაფშუტა, ქერქეტა"
karšikʼ,ქარშიკ,d d,D,GE,n,,kajrškʼi; kajrškʼiⁿ,ქარშიკი,,специальная веревка или ремень для увязки тюков,**ქარშიკ** *დ დ* (ქაჲრშკი; ქაჲრშკიჼ) ქარშიკი *(სარტყელი საქონლის ზურგზე ჩულის დასამაგრებლად)*
karxaⁿ,ქარხაჼ,j j,J,GE,n,,karxni; karxneⁿ,ქარხანა,,завод,**ქარხაჼ**  *ჲ ჲ* (ქარხნი; ქარხნეჼ) ქარხანა
kastʼ-d-alar,ქასტ-დ-ალარ,,,,,,"[a]čkardeba, čkarobs, ečkareba",,,,"**ქასტ-დ-ალარ** გრდუვ. აჩქარება ([ა]ჩქარდება, ჩქარობს, ეჩქარება)"
kastʼ-d-ar,ქასტ-დ-არ,,,,,,[a]ačkarebs,,,,"**ქასტ-დ-არ** გრდმ. აჩქარება ([ა]აჩქარებს), დაჩქარება, დაშურება"
kastʼeⁿ,ქასტეჼ,,,,adv,,,"ჩქარა, სწრაფად","fast, quick","скоро, быстро","**ქასტეჼ** ზმნს. ჩქარა, სწრაფად"
kastʼivx,ქასტივხ,,,,,,,,,,**ქასტივხ** უფრო ჩქარა
kastʼlaš,ქასტლაშ,,,,,,,,,,"**ქასტლაშ** აჩქარებით, ჩქარობს რა"
kastʼlajnĭ,ქასტლაჲნი̆,,,,,,,,,,**ქასტლაჲნი̆** მიმღ. მოჩქარე
kastʼol,ქასტოლ,j,,,,,,,,,"**ქასტოლ** *ჲ* სიჩქარე, დაშურება"
kaskastʼeⁿ,ქასქასტეჼ,,,,,,,,,,"**ქასქასტეჼ** ზმნს. ჩქარ-ჩქარა, მალ-მალე"
katʼar,ქატარ,,,,vi,,čivis,ჩივილი (ჩივის),complain,"жаловаться, сетовать",**ქატარ** გრდუვ. ჩივილი (ჩივის)
katʼardajnĭ,ქატარდაჲნი̆,,,,,,,,,,**ქატარდაჲნი̆** მიმღ. მომჩივანი
katʼ-d-ar,ქატ-დ-არ,,,,,,"učivis, čivis",,,,"**ქატ-დ-არ** გრდმ. ჩივილი (უჩივის, ჩივის)"
katʼmačar,ქატმაჩარ,,,,,,"xširad čivis, učivis",,,,"**ქატმაჩარ** გრდუვ. ჩივილი (ხშირად ჩივის, უჩივის), წუხილი, წუწუნი"
katʼmačinĭ,ქატმაჩინი̆,,,,,,,,,,**ქატმაჩინი̆** მიმღ. მომჩივანი; ვინც ხშირად ჩივის
katʼŏ,ქატო̆,b d,B,,n,,katʼuj; katʼoⁿ,ქიტი (ხის დიდი კოვზი),big wooden ladle,разливательная ложка (деревянная),**ქატო̆** *ბ დ* (ქატუჲ; ქატოჼ) ქიტი (ხის დიდი კოვზი)
kapkir,ქაფქირ,b d,B,GE,n,,kejpkri; kejpkreⁿ,ქაფქირი,,шумовка,**ქაფქირ** *ბ დ* (ქეჲფქრი; ქეჲფქრეჼ) ქაფქირი
kapč,ქაფჩ,d d,D,GE,n,,kapči; kapčeⁿ,ქაფჩა,,"терка, лопатка каменщика",**ქაფჩ** *დ დ* (ქაფჩი; ქაფჩეჼ) ქაფჩა
kakaⁿ,ქაქაჼ,,,,,,ekspʼ.,,,,**ქაქაჼ** გაზაფხულის მატყლი *(ექსპ.)*
kağald,ქაღალდ,d d,D,GE,n,,kağaldi; kağaldeⁿ,ქაღალდი,"paper, letter","бумага, письмо",**ქაღალდ** *დ დ* (ქაღალდი; ქაღალდეჼ) ქაღალდი
kaš: kaš qor,ქაშ: ქაშ ჴორ,,,,,,,,,,**ქაშ: ქაშ ჴორ** ქაშა ვაშლი
kašnur,ქაშნურ,d d,D,GE,n,,,ქაშანური,,"глиняная, глазурованная чашка",**ქაშნურ** *დ დ* ქაშანური
kač,ქაჩ,b d,B,,n,,kači; kačujⁿ,"საყელო, კისერი",collar,"воротник,  ворот, шиворот","**ქაჩ** *ბ დ* (ქაჩი; ქაჩუჲჼ) საყელო, კისერი"
kačal,ქაჩალ,,,GE,a,,,"ქაჩალი, მელოტი",bald,"лысый, плешивый","**ქაჩალ** ქაჩალი, მელოტი"
kačlob,ქაჩლობ,j,,,,,,,,,**ქაჩლობ** *ჲ* სიქაჩლე
kacŏ,ქაცო̆,d d,D,GE,n,,,ქაცვი,sea buckthorn,облепиха,**ქაცო̆** *დ დ* ქაცვი
kaǯ,ქაჯ,d d,D,GE,n,,kaǯi; kaǯeⁿ,ქაჯი,,леший,**ქაჯ** *დ დ* (ქაჯი; ქაჯეჼ) ქაჯი
kebad-d-ar,ქებად-დ-არ,,,GE,vt,,,ქება,,хвалить,**ქებად-დ-არ** გრდმ. ქება
kebad-d-ujnĭ,ქებად-დ-უჲნი̆,,,,,,,,,,**ქებად-დ-უჲნი̆** მიმღ. 1. საქები 2. მაქებარი
ked,ქედ,j j,J,GE,n,,kedi; kedeⁿ,ქედი (მთისა),,хребет (горный),**ქედ** *ჲ ჲ* (ქედი; ქედეჼ) ქედი (მთისა)
kedaⁿ,ქედაჼ,b d,B,GE,n,,kedni; kedneⁿ,ქედანი,,"витютень, дикий голубь",**ქედაჼ** *ბ დ* (ქედნი; ქედნეჼ) ქედანი
kevaⁿ,ქევაჼ,,,GE,n,,cxenis zurgze unagiris kveš dasapeni kečis načʼeri,,saddle_pad,,**ქევაჼ** საოფლე *(ცხენის ზურგზე უნაგირის ქვეშ დასაფენი ქეჩის ნაჭერი) (ალირ.)*
kezdrele,ქეზდრელე,,,,,,šipn.,,,,**ქეზდრელე** მიწიერი *(შიფნ.)*
keip,ქეიფ,j j,,,,,,,,,**ქეიფ** *ჲ ჲ* ქეიფი
kejrcx,ქეჲრცხ,,,,,,evp.,,,,**ქეჲრცხ** მენსტრუაცია (ევფ.) *(ექსპ.)*
"kejsno, kisno","ქეჲსნო, ქისნო",,,,,,,,,,"**ქეჲსნო, ქისნო** მიმღ. ნამუშევარი"
kejpebad-d-ar,ქეჲფებად-დ-არ,,,GE,vt,,akeipebs,ქეიფი (აქეიფებს),,заставить кутить,**ქეჲფებად-დ-არ** გრდმ. ქეიფი (აქეიფებს)
kekʼ-d-ar1,ქეკ-დ-არ1,,,,vt,,kʼucʼavs,"დაკუწვა (კუწავს), დაწვრილება","shred, make smaller","нарезать (мелко), рубить, дробить",**ქეკ-დ-არ1** გრდმ. დაკუწვა (კუწავს) დაწვრილება
kekʼ-d-ar2,ქეკ-დ-არ2,,,,vt,,urevs,[მო]რევა (ურევს),mix,"мешать, размешивать","**ქეკ-დ-არ2**გრდმ. [მო]რევა, (ურევს)"
ker,ქერ,,,GE,a,,,ქერა,,"блондин (блондинка), русый",**ქერ** ქერა
kerečʼ,ქერეჭ,j d,F,GE,n,,"skeli kerki xisa, saxuravad, an iatʼakʼad gomurši da mist.","ქერეჭი (სქელი ქერქი ხისა, სახურავად, ან იატაკად გომურში და მისთ.)",,толстая деревянная кора для крыши или чернопола,"**ქერეჭ** *ჲ დ* ქერეჭი (სქელი ქერქი ხისა, სახურავად, ან იატაკად გომურში და მისთ.)"
kerk,ქერქ,j j,J,GE,n,,kerkeⁿ,ქერქი,"bark, crust","кора (дерева), корка (хлеба...)",**ქერქ** *ჲ ჲ* (ქერქეჼ) ქერქი
kesar,ქესარ,,,,vi,,šromobs,"შრომა (შრომობს), საქმიანობა","work, do work","работать, трудиться","**ქესარ** გრდუვ. შრომა (შრომობს), საქმიანობა"
kes-d-ar,ქეს-დ-არ,,,,,,amušavebs,,,,"**ქეს-დ-არ** გრდმ. მუშაობა (ამუშავებს), დასაქმება"
kes-d-acʼiⁿ,ქეს-დ-აწიჼ,,,,,,,,,,"**ქეს-დ-აწიჼ** უმუშევარი, უმუშევრად"
kesinĭ,ქესინი̆,,,,,,,,,,"**ქესინი̆** მიმღ. მშრომელი, მომუშავე"
kesrikʼ,ქესრიკ,,,,,,adamiani,,,,"**ქესრიკ** მშრომელი, მომუშავე; მუშა (ადამიანი)"
kekad-d-alar,ქექად-დ-ალარ,,,GE,vi,,[ga]inʒreva,[გა]ნძრევა ([გა]ინძრევა),,"(по)шевелиться, шататься, двигаться",**ქექად-დ-ალარ** გრდუვ. [გა]ნძრევა ([გა]ინძრევა)
kekad-d-ar,ქექად-დ-არ,,,GE,vt,,[ga]anʒrevs,"განძრევა  ([გა]ანძრევს), რხევა (არხევს)",,"шевелить, двигать, шатать","**ქექად-დ-არ** გრდმ. განძრევა ([გა]ანძრევს), რხევა (არხევს)"
kekil,ქექილ,j,,,,,calkʼe ar ixmareba,,,,"**ქექილ** *ჲ* ჯიში, ჩამომავლობა (ცალკე არ იხმარება)"
kešel,ქეშელ,,,GE,a,,,"ქეშელა, დიდ მუცლიანი",,"пузатый, с большим (как бурдюк) животом","**ქეშელ** ქეშელა, დიდ მუცლიანი"
kečŏ,ქეჩო̆,j j,J,GE,n,,,ქეჩო,,загривок,**ქეჩო̆** *ჲ ჲ* ქეჩო
kec,ქეც,j j,J,GE,n,,,ქეცი,,парша,**ქეც** *ჲ ჲ* ქეცი
kvevr,ქვევრ,j j,J,GE,n,,kvevri; kvevreⁿ,ქვევრი,,большой глиняный кувшин для вина,**ქვევრ** *ჲ ჲ* (ქვევრი; ქვევრეჼ) ქვევრი
kveqʼaⁿ,ქვეყაჼ,,J,GE,n,,kveqʼaniš/kveqʼni; kveqʼnaⁿ,ქვეყანა,,"страна, мир",**ქვეყაჼ** ჲ ჲ (ქვეყანიშ/ქვეყნი; ქვეყნაჼ) ქვეყანა
kvitkʼir,ქვითკირ,j j,J,GE,n,,kvitkʼireⁿ,ქვითკირი,,камень и известь; мы живем в каменном доме,**ქვითკირ** *ჲ ჲ* (ქვითკირეჼ) ქვითკირი
kviš,ქვიშ,j j,J,GE,n,,kvišeⁿ,ქვიშა,,песок,**ქვიშ** *ჲ ჲ* (ქვიშეჼ) ქვიშა
"kvišarna, kvišerna","ქვიშარნა, ქვიშერნა",d d,,,,,,,,,"**ქვიშარნა, ქვიშერნა** *დ დ* ქვიშიანი, ქვიშნარი"
kit,ქით,d d,D,,n,,kiti; kiteⁿ,ტიკი; ტიკჭორა,wineskin,бурдюк,**ქით** *დ დ* (ქითი; ქითეჼ) ტიკი; ტიკჭორა **ყარ ქუთრენაჰ’საჼ მეხკოჲო̆** - კოკისპირულად წვიმს
kitiⁿ,ქითიჼ,j j,J,GE,n,,,ქვითინი,,рыдание,**ქითიჼ**  *ჲ ჲ* ქვითინი
kim,ქიმ,j j,J,GE,n,,kimi; kimeⁿ,ნესტი; ქიმი,,ноздря,**ქიმ** *ჲ ჲ* (ქიმი; ქიმეჼ) 1. ნესტო 2. ქიმი
kindlaɁŏ,ქინდლაჸო̆,d,D,,n,,kindlaɁoⁿ,ფაფა,porridge,мучная кашица,**ქინდლაჸო̆** *დ* (ქინდლაჸოჼ) ძვ. ფაფა
kinʒ,ქინძ,d d,D,GE,n,,kinʒeⁿ,ქინძი,,кишмец,**ქინძ** *დ დ* (ქინძეჼ) ქინძი
kinʒistav,ქინძისთავ,b d,B,GE,n,,kinʒistaveⁿ,ქინძისთავი,,булавка,**ქინძისთავ** *ბ დ* (ქინძისთავეჼ) ქინძისთავი
kir1,ქირ1,j j,J,,n,,kireⁿ/kiruⁿ,შრატი,whey,сыворотка,**ქირ1** *ჲ ჲ* (ქირეჼ/ქირუჼ) შრატი
kir2,ქირ2,d d,D,GE,n,,kireⁿ,ქირა,,плата (за наем),**ქირ2** *დ დ* (ქირეჼ) ქირა
kirbad-d-ar,ქირბად-დ-არ,,,,,,ikiravebs,,,,**ქირბად-დ-არ** გრდმ. 1. დაქირავება (იქირავებს) 2. გაქირავება (აქირავებს)
kirǯod-d-ar,ქირჯოდ-დ-არ,,,GE,vt,,aʒagebs,ძაგება (აძაგებს),,"порицать, хулить",**ქირჯოდ-დ-არ** გრდმ. ძაგება (აძაგებს)
kis,ქის,b d,B,GE,n,,kisi; kiseⁿ,ქისა,,кошелек,**ქის** *ბ დ* (ქისი; ქისეჼ) ქისა
kik-d-eɁenŏ,ქიქ-დ-ეჸენო̆,,,,,,,,,,"**ქიქ-დ-ეჸენო̆** მიმღ. ადრე მოსული, ადრეული, ნაადრევი"
kikixujnĭ,ქიქიხუჲნი̆,,,,,,,,,,"**ქიქიხუჲნი̆** მიმღ. ადრეულა, საადრეო"
kikkʼaɁ,ქიქკაჸ,,,,,,,,,,"**ქიქკაჸ** ცოტა უფრო ადრე, დროზე"
kikluⁿ,ქიქლუჼ,,,,,,,,,,"**ქიქლუჼ** უწინდელი, ადრინდელი, ძველებური"
kikoɁ,ქიქოჸ,,,,adv,,,"ადრე, წინათ, უწინ","early, earlier, before","рано, раньше в старину","**ქიქოჸ** ზმნს. ადრე, წინათ, უწინ"
kikoɁx,ქიქოჸხ,,,,,,,,,,**ქიქოჸხ** ზმნს. უფრო ადრე
kišmiš,ქიშმიშ,j j,J,GE,n,,kišmiši; kišmišeⁿ,ქიშმიში,,"кишмиш, изюм",**ქიშმიშ** *ჲ ჲ* (ქიშმიში; ქიშმიშეჼ) ქიშმიში
kičil,ქიჩილ,d d,D,,n,,čikleⁿ,ვიწრო ბაფთა მანდილის კუჭურაზე დასამაგრებლად (ჩიქილა),,лента для обтягивания женского головного убора,**ქიჩილ** *დ დ* (ჩიქლეჼ) ვიწრო ბაფთა მანდილის კუჭურაზე დასამაგრებლად (ჩიქილა)
kiceⁿ,ქიცეჼ,,,GE,a,,,ქეციანი,,паршивый,**ქიცეჼ** ქეციანი
klešad-d-ar,ქლეშად-დ-არ,,,GE,vt,,klešs,"ქლეშა (ქლეშს), [და]გლეჯა",,"растирать, разрывать",**ქლეშად-დ-არ** გრდმ. ქლეშა (ქლეშს)
kliav,ქლიავ,d d,D,GE,n,,klivi; kliveⁿ,ქლიავი,,слива,**ქლიავ** *დ დ* (ქლივი; ქლივეჼ) ქლიავი
klib,ქლიბ,b d,B,GE,n,,klibi; klibeⁿ,ქლიბი,,напильник,**ქლიბ** *ბ დ* (ქლიბი; ქლიბეჼ) ქლიბი
klibad-d-ar,ქლიბად-დ-არ,,,GE,vt,,klibavs,ქლიბვა (ქლიბავს),,пилить (напильником),**ქლიბად-დ-არ** გრდმ. ქლიბვა (ქლიბავს)
ko,ქო,d,D,,n,,laħar,ხელი,hand,рука,"**ქო** *დ* სხვა ბრუნვებშო იხმარება ქორ ფუძე 1. ხელი **ქო დარჯდარ, ქო დასტარ** გრდმ. ხელგაშლილობის გამოჩენა, გულუხვობა, ხელის გაშლა **ქო ეცარ** გრდმ. ხელის აღება **ქო ლატდარ** გრდმ. ხელის შეშველება, დახმარება **ქო ლაჰ’დარ (ლაჰ’არ), ქო ლეჰ’დარ (ლეჰ’არ)** გრდმ. ხელის ხლება **ქო ლერწდარ** გრდმ. ხელის შებრუნება **ქოდუხდერწდარ** გრდმ. იგივეა, რაც ქოდერწდარ **ქო მოწერადარ** გრდმ. ხელის მოწერს **ქო შარდარ** გრდმ. ხელის შეჩვევა, დახელოვნება (რამეში) **ქო ჴაჸდარ** გრდმ. 1) ხელის წავლება 2) გადატ. ხელის მოკიდება (რაიმე საქმის) **ქო ჴაწდარ, ქო ჴეპწდარ** გრდმ. ხელის მოკიდება, დავლება **ქო ჰ’აჭყდარ** გრდმ. ხელის მოჭერა (ხელს მოუჭერს), ძუნწობა, წუწკობა **ქო ჰ’აჭყინო̆, ქო ჰ’აჭყდიჲენო̆** მიმღ. ხელმოჭერილი"
kob,ქობ,d d,D,GE,n,,,ქობა,,кайма (на подоле.),**ქობ** *დ დ* ქობა
kodaseⁿ,ქოდასეჼ,,,,,,,,,,"**ქოდასეჼ**  1. ხელცარიელი 2. გადატ. ხელმოკლე, უქონელი"
kodacuⁿ,ქოდაცუჼ,,,,,,,,,,**ქოდაცუჼ** 1. მოკლე ხელიანი 2. გადატ. ხელმოკლე
kodux,ქოდუხ,,,,,,,,,,**ქოდუხ** ზმნს. ხელუკუღმა
koecinŏ,ქოეცინო̆,,,,,,,,,,"**ქოეცინო̆** მიმღ. ხელაღებული, თავზეხელაღებული"
kot,ქოთ,j,J,GE,n,,,"ქოთი, ღრიანცელი, შფოთი",hullabaloo,шум-гам,"**ქოთ** *ჲ* ქოთი, ღრიანცელი, შფოთი"
kotav,ქოთავ,j,,,,,cxenis daavadeba,,,,**ქოთავ** *ჲ* ქოთაო *(ცხენის დაავადება)*
kotam,ქოთამ,d d,D,GE,n,,kotmi; kotmeⁿ,ქათამი,chicken,курица,**ქოთამ** *დ დ* (ქოთმი; ქოთმეჼ) ქათამი
kotaⁿ,ქოთაჼ,j j,J,GE,n,,kotni; kotneⁿ,ქოთანი,,горошок глиняный,**ქოთაჼ** *ჲ ჲ* (ქოთნი; ქოთნეჼ) ქოთანი
kotbad-d-ar,ქოთბად-დ-არ,,,GE,vt,,,"[ა]ქოთება, აწიოკება",,"переполошить, производить беспорядок","**ქოთბად-დ-არ** გრდმ. [ა]ქოთება, აწიოკება"
kott-d-alar,ქოთთ-დ-ალარ,,,,,,"cʼuxs, šecʼuxdeba",,,,"**ქოთთ-დ-ალარ** გრდუვ. შეწუხება (წუხს, შეწუხდება)"
kott-d-ar,ქოთთ-დ-არ,,,,,,[da]avicʼroebs,,,,"**ქოთთ-დ-არ** გრდმ. 1. დავიწროება ([და]ავიწროებს) 2. გადატ. შევიწროება, შეწუხება, დაღონება"
kottiⁿ,ქოთთიჼ,,,,a,,,"ვიწრო; მძიმე, დუხჭირი","narrow; heavy, serious","узкий, тесный; стесненный, тяжелый (о жизни)","**ქოთთიჼ**  1. ვიწრო 2. გადატ. მძიმე, დუხჭირი"
kottxol,ქოთთხოლ,j j,J,,n,,,"სიდუხჭირე, სივიწროვე, გაჭირვება",,стесненность,"**ქოთთხოლ** *ჲ ჲ* სიდუხჭირე, სივიწროვე, გაჭირვება"
kokʼ1,ქოკ1,b j,,,,,kokʼi; kokʼeⁿ,,,,"**ქოკ1** *ბ ჲ* (ქოკი; ქოკეჼ) 1. ფეხი **ქოკიმაქ** ზმნს. ფეხზე **ქოკიგო̆ დ-აჰ’ითარ** - გრდმ. გადატანა(ფეხს გაატანინებს), გათელვა, გასრესა **ქოკივ დ-აჰ’ინო̆** მიმღ. გათელილი **ქოკ ოთთბარ, ქოკ ეთთბარ** გრდმ. ფეხის დადგმა, დაბიჯება **ქოკ ჴოლლბარ, ქოკ ჴებლბარ** გრდმ. ფეხის მიბჯენა **ქოკ ჴაჸბარ, ქოკ ჴეჸბარ** გრდმ. ფეხის წაკვრა, წაბორძიკება, ფეხის მოხვედრება **ქოკ ჰ’აჴბარ** გრდმ. გასრესა, გაჭყლეტა **ქოკეჼ ადგილ** *ჲ ჲ* ფეხისადგილი **ხოკეჼ ქოკ** *ბ ჲ* კალაპოტი (ფეხსაცმლისა)"
kokʼax qecʼŏ qʼovelum (vumaɁ),ქოკახ ჴეწო̆ ყოველუმ (ვუმაჸ),,,,,,vumaɁ,,,,**ქოკახ ჴეწო̆ ყოველუმ (ვუმაჸ)** *ფეხზე ჰკიდია ყველაფერი* *(ექსპ.)*
"kokʼdoŭpxŭ, kokʼduupxŭ","ქოკდოუ̆ფხუ̆, ქოკდუუფხუ̆",d d,,,,,"kokʼdoŭpxi, kokʼduupxi",,,,"**ქოკდოუ̆ფხუ̆, ქოკდუუფხუ̆** *დ დ* (ქოკდოუ̆ფხი, ქოკდუუფხი) ფეხსაცმელი"
kokʼen gagaɁŏ,ქოკენ გაგაჸო̆,,,,,,ekspʼ.,,,,**ქოკენ გაგაჸო̆** ფეხის ტერფი *(ექსპ.)*
kokʼikʼel,ქოკიკელ,,,,,,,,,,**ქოკიკელ** ზმნს. ფეხქვეშ
kokʼliⁿ,ქოკლიჼ,,,,,,itʼqʼvian upro cxvarze,,,,**ქოკლიჼ** 1. ფეხიანი 2. საქონელი (იტყვიან უფრო ცხვარზე)
kokʼottbinŏ,ქოკოთთბინო̆,,,,,,,,,,"**ქოკოთთბინო̆** ფეხის ნადგამი ადგილი, ფეხის კვალი, ნატერფალი, ნაფეხარი"
kokʼottbijenŏ,ქოკოთთბიჲენო̆,,,,,,,,,,"**ქოკოთთბიჲენო̆** მიმღ. ფეხისნადგამი, ნაკვალევი"
kokʼjaxkʼiⁿdoⁿ,ქოკჲახკიჼდოჼ,,,,,,alir.,,,,**ქოკჲახკიჼდოჼ** დუშაყი *(ალირ.)*
kolt,ქოლთ,d d,D,,n,,kolti; kolteⁿ,"სახელური, ტარი",handle,ручка,"**ქოლთ** *დ დ* (ქოლთი; ქოლთეჼ) სახელური, ტარი"
kološ,ქოლოშ,,,,adv,,,"სწორად, თანაბრად, გლუვად; თავისუფლად; ხელსაყრელად",,"гладко, ровно, плавно; выгодно","**ქოლოშ** 1. სწორად, თანაბრად, გლუვად; თავისუფლად 2. ხელსაყრელად"
kolujnĭ,ქოლუჲნი̆,,,,ptcp,,,"ხელის მომცემი, ხელსაყრელი, გამოსადეგი; ხელწამოსაკრავი",,"выгодный; пренебрегаемый, достойный пренебрежения","**ქოლუჲნი̆** მიმღ. 1. ხელის მომცემი, ხელსაყრელი, გამოსადეგი 2. ხელწამოსაკრავი"
komoⁿ,ქომოჼ,,,,a,,cxoveli,"ხვადი, მამალი (ცხოველი)",male (animal),"самец, мужского рода","**ქომოჼ** ხვადი, მამალი (ცხოველი)"
konbareⁿ,ქონბარეჼ,,,,,,,,,,"**ქონბარეჼ** ქონებიანი, შეძლებული"
kondar,ქონდარ,d d,D,GE,n,,kondreⁿ,ქონდარი,savory,чабер,**ქონდარ** *დ დ* (ქონდრეჼ) ქონდარი
koneb,ქონებ,j j,J,GE,n,,konbi; konbeⁿ,"ქონება, სარჩო",,"имущество, состояние","**ქონებ** *ჲ ჲ* (ქონბი; ქონბეჼ) ქონება, სარჩო"
kor,ქორ,d d,,,,,kori; koreⁿ,,,,"**ქორ** *დ დ* (ქორი; ქორეჼ) სარკმელი, ფანჯარა, სათვალთვალო, სათოფური"
kor,ქორ,b d,,,,,saxelobitši ixmareba ko,,,,"**ქორ** რთული ფუძის ან შესიტყვების ნაწილი (სახელობითში იხმარება ქო) **ქორ ეცარ** **ქორ დ-აჰ’არ, ქორ ჴეჰ’არ** გდრმ. ხელში ჩაგდება, დამორჩილება, მობოჭვა გრდმ. პირდ. და გადატ. ხელში აყვანა, აღება **ქორ თასარ** გრდმ. ხელში ჩაგდება **ქორლაცარ** გრდმ. ხელში დაჭერა, აღება **ქორ ჰ’ოტტ-დ-არ** გრდმ. ხელში ჩაჩრა (ხელში ჩაჩრის), მიჩეჩება **ქორ ჵამ-დ-არ** ხელზე დაჩვევა, მიჩვევა ([მი]იჩვევს), შემოჩვევა, მოშინაურება **ქორეჼ ბოთხ** *ბ დ* ხელსაქმე, ქალის საქმე, საშინაო საქმე **ქორეხ ჰ’ერწ-დ-არ** გრდმ. საქმის გაჭიანურება, საბლის თრევა **ქორლეჼ დ-ალ’არ, ქორლეჼ იხარ** გრდუვ. 1) ხელიდან გავარდნა (გაუვარდება, უვარდება) 2) გადატ. ხელიდან გაშვება (ხელიდან[გა]ეშვება), გაქცევა (გაექცევა), წაუვა, [და]უსხლტება, ხელიდან გამოეცლება **ქორლეჼ დ-აჴარ, ქორლეჼ დ-ახარ** გრდმ. ხელიდან გამოგლეჯა (ხელიდან [გაა]მოგლეჯს)"
kor-d-ar,ქორ-დ-არ,,,,vt,,išovis,შოვნა (იშოვის),"obtain, get, manage to find","приобрести, достать, доставать",**ქორ-დ-არ** გრდმ. შოვნა (იშოვის)
kordacʼiⁿ,ქორდაწიჼ,,,,,,,,,,**ქორდაწიჼ** უშოვნელი
kor-d-ujnĭ,ქორ-დ-უჲნი̆,,,,ptcp,,,საშოვნელი,,"то, что нужно достать",**ქორ-დ-უჲნი̆** მიმღ. საშოვნელი
kortbarcʼinŏ,ქორთბარწინო̆,,,,,,,,,,**ქორთბარწინო̆** 1. მელოტი 2. თავშიშველი
"kortlastʼbar, kortlestʼbar","ქორთლასტბარ, ქორთლესტბარ",,,,,,tavs [ga]aknevs,,,,"**ქორთლასტბარ, ქორთლესტბარ** გრდმ.თავის [გა]ქნევა (თავს [გა]აქნევს), თანხმობის, ან უარის ნიშნად **ქორთლაწარ** გრდუვ. გულისტკივილი, წუხილი (ვინმეზე) **ქორთლაწბარ** გრდმ. თავის ატკივება (თავს აიტკივებს) **ქორთო̆ ჭირუღბალ’არ** გრდუვ. თავის მობეზრება, თავისი თავის ჭირად გახდომა **ქორთჩქერბადბალარ** გრდუ. თავის გამეტება (თავის ემეტება) **ქორთო̆ სტაკ** თავკაცი **იტტეჼ ქორთო̆** მეათედი, ათზე (ათში) ერთი **ქორთო̆ ბაწბარ** გრდმ. თავის მოწონება **ქორთინ ლატარ, ქორთინ ლეტარ** გრდუვ. თავის შველა (თავს [უ]შველის) **ქორთიხ დ-ალ’არ** გრდუვ. თავს გასვლა, გათავხედება **ქოთიხ დილლარ, ქორთიხ დებლარ** გრდმ. თავის თავზე აღება (თავის თავზე აიღებს), ვალდებულება, კისრება **ქორთიხ ჭჵაღოჼ** ჯიუტი, თავის ნათქვამა **ქორთიხ თაგდარ, ქორთიხ თეგდარ** კადრება (იკადრებს, კადრულობს) **ქორთიხ დაჸარ, ქორთიხ იხარ** გრდუვ. შემთხვევა (შეემთხვევა) **ქუჲრთმაქ ეცარ, ქუჲრთმაქ ევდარ** გრდმ. თავის თავზე აღება ([ა]იღებს) **ქუჲრთბარჩალო̆: ქუჲრთბარჩალო̆ დ-ახარ** გრდუვ. თავდაყირა წასვლა"
"kortŏ, kort","ქორთო̆, ქორთ",b d,,,,,kortmi; kortiⁿ,,,,"**ქორთო̆, ქორთ** *ბ დ* (ქორთმი; ქორთიჼ) 1. თავი 2. თავი, სათავე 3. (მთის) წვერი 4. მეთაური, მოთავე 5. უკუქც. ნაცვალსახ. თავი"
korleⁿ daɬeⁿ,ქორლეჼ დალ’ეჼ,,,,v phras,,,რთული ფუძის ან შესიტყვების შემადგენელი ნაწილი ზმნისწინებთან,,,**ქორლეჼ დალ’ეჼ** *1) ხელიდან გაუვარდა. 2) გაექცა* 2. რთული ფუძის ან შესიტყვების შემადგენელი ნაწილი. 3. ზმნისწინებთან უსრ. იხარ.
koruj: tʼotʼa koruj,ქორუჲ: ტოტა ქორუჲ,,,,,,šipn. alir.,,,,**ქორუჲ: ტოტა ქორუჲ** ხელთათმანი *(შიფნ. ალირ.)*
korkokʼliⁿ,ქორქოკლიჼ,,,,,,,,,,**ქორქოკლიჼ** ხელფეხიანი
korcʼil,ქორწილ,d d,D,GE,n,,kujrcʼli; kujrcʼleⁿ,ქორწილი,wedding,свадьба,**ქორწილ** *დ დ* (ქუჲრწლი; ქუჲრწლეჼ) ქორწილი **ქორწილდარ** გრდმ. ქორწილის გადახდა
korx (korxul),ქორხ (ქორხულ),,,,,,korxul,,,,**ქორხ (ქორხულ)** ნეკად ამოხვეული ძაფი დართვისას *(აზიკ.)*
kos,ქოს,,,GE,a,,,ქოსა,,безбородый,**ქოს** ქოსა
kosmel,ქოსმელ,d d,D,GE,n,,,ქოსმენი,,откормленная овца ии свинья,**ქოსმელ** *დ დ* ქოსმენი
koš,ქოშ,b d,B,GE,n,,koši; košeⁿ,ქოში,,вид обуви,**ქოშ** *ბ დ* (ქოში; ქოშეჼ) ქოში
kočor1,ქოჩორ1,b d,B,GE,n,,,ქოჩორი,forelock,чуб,**ქოჩორ1** *ბ დ* ქოჩორი
kočor2,ქოჩორ2,b d,B,GE,n,,kočreⁿ,დეკა,Caucasian azalea,рододендрон,**ქოჩორ2** *ბ დ* (ქოჩრეჼ) დეკა
kočraleⁿ,ქოჩრალეჼ,,,,,,,,,,**ქოჩრალეჼ** დეკიანი
kočralna,ქოჩრალნა,,,,,,,,,,**ქოჩრალნა** დეკიანი ადგილი
kočraɁŏ,ქოჩრაჸო̆,,,GE,n,,,ქოჩორა,moth,хохлатка,**ქოჩრაჸო̆** ქოჩორა
kocŏ,ქოცო̆,j j,J,,n,,kocuj; kocujⁿ,ქვევრი,,большой глиняный кувшин для вина,**ქოცო̆** *ჲ ჲ* (ქოცუჲ; ქოცუჲჼ) ქვევრი
kocħaveⁿ,ქოცჰ’ავეჼ,,,,,,,,,,**ქოცჰ’ავეჼ** მარტოხელა
kočʼ,ქოჭ,,,,,,ekspʼ.,,,,"**ქოჭ** უნაგირის მსგავსი პატარა კეხი ვირისათვის, ტვირთის საზიდავად *(ექსპ.)*"
kočʼʕağoⁿ,ქოჭჵაღოჼ,,,,,,,,,,"**ქოჭჵაღოჼ** ხელმოჭერილი, ძუნწი"
kox,ქოხ,j j,J,GE,n,,koxi; koxeⁿ,ქოხი,,хижина,**ქოხ** *ჲ ჲ* (ქოხი; ქოხეჼ) ქოხი
koxmax,ქოხმახ,j j,J,GE,n,,koxmaxi; koxmaxeⁿ,ქოხმახი,,избушка,**ქოხმახ** *ჲ ჲ* (ქოხმახი; ქოხმახეჼ) ქოხმახი
koǯŏ,ქოჯო̆,b d,B,,n,,koǯuj; koǯniⁿ,ცოცხი,,веник,"**ქოჯო̆** *ბ დ* (ქოჯუჲ; ქოჯნიჼ) ცოცხი **ქოჯლასტბარ** გრდმ. ცოცხის გაქნევა, დაუდევრად დაგვა, მოგვა"
kristʼad-d-ar,ქრისტად-დ-არ,,,GE,vt,,,მონათვლა,baptise,крестить,**ქრისტად-დ-არ** გრდმ. მონათვლა
kristʼaⁿ,ქრისტაჼ,"j v, d b",M/F,GE,n,,kristʼani; kristʼaneⁿ,ქრისტიანი,Christian,христианин,"**ქრისტაჼ** *ჲ ვ, დ ბ* (ქრისტანი; ქრისტანეჼ) ქრისტიანი"
kristʼi,ქრისტი,d,0d,,n,,,შობა,Christmas,рождество,**ქრისტი** *დ* მრ. შობა
kristʼišobi,ქრისტიშობი,d,,,,,,,,,"**ქრისტიშობი** *დ* მრ. ქრისტეშობა, საშობაო დღესასწაულები"
kristʼcʼeltʼi,ქრისტწელტი,d,,,,,,,,,**ქრისტწელტი** *დ* შობა-ახალი წელი
kristʼĕ,ქრისტე̆,v,,,,,kristʼeⁿ,,,,**ქრისტე̆** *ვ* (ქრისტეჼ) ქრისტე
krišob,ქრიშობ,d,D,GE,n,,krišobeⁿ,ქრისტეშობა,Christmas and New Year,рождество (и новый год),**ქრიშობ** *დ* (ქრიშობეჼ) ქრისტეშობა
krišoben butt,ქრიშობენ ბუთთ,b,,,,,,,,,**ქრიშობენ ბუთთ** *ბ*ქრისტეშობის თვე
kriǯ,ქრიჯ,,,,,,alir.,,,,**ქრიჯ** ფქვილის ასაღები ხის პატარა ნიჩაბი *(ალირ.)*
ksiv,ქსივ,,,GE,a,,,"ქსუვი, ქსუ",,"бычливый, избегающий людей","**ქსივ** ქსუვი, ქსუ"
kud,ქუდ,b d,B,GE,n,,kadbi; kudeⁿ,ქუდი,hat,"шапка, фуражка",**ქუდ** *ბ დ* (ქადბი; ქუდეჼ) ქუდი
kulpat,ქულფათ,j j,J,,n,,,ოჯახი,family,семья,**ქულფათ** *ჲ ჲ* კრებ. ოჯახი
kumel,ქუმელ,j j,J,,n,,kumleⁿ,ჟოლო,raspberry,малина,**ქუმელ** *ჲ ჲ* (ქუმლეჼ) ჟოლი
kumlilo,ქუმლილო,j j,J,,n,,,ჟოლოიანი (ადგილი),place rich in raspberries,"место, где много малины",**ქუმლილო** *ჲ ჲ* ჟოლიანი ადგილი
kuntruš,ქუნთრუშ,d,D,GE,n,,,ქუნთრუშა,scarlet fever,скарлатина,**ქუნთრუშ** *დ* ქუნთრუშა
kujrtbarčal,ქუჲრთბარჩალ,,,,,,ekspʼ.,,,,**ქუჲრთბარჩალ** თავდაყირა *(ექსპ.)*
kur,ქურ,d d,D,GE,n,,kuri; kureⁿ,ქურა,,"горн, горнило",**ქურ** *დ დ* (ქური; ქურეჼ) ქურა
kuraⁿ,ქურაჼ,b d,B,GE,n,,cxeni,ქურანი (ცხენი),,"гнедой, каштановый (конь...)",**ქურაჼ**  *ბ დ* ქურანი (ცხენი)
kurk,ქურქ,j j,J,GE,n,,kurki; kurkeⁿ,ქურქი,,шуба,**ქურქ** *ჲ ჲ* (ქურქი; ქურქეჼ) ქურქი
kuš,ქუშ,j,J,,n,,cxenisa,ხველა (ცხენისა),kind of horse illness,болезнь лошади,**ქუშ** *ჲ* ხველა (ცხენისა)
kuč1,ქუჩ1,b d,B,GE,n,,kučeⁿ,ქუჩი (ბალახი),,овсянница бороздчатая,**ქუჩ1** *ბ დ* (ქუჩეჼ) ქუჩი (ბალახი)
kuč2,ქუჩ2,j j,J,GE,n,,kuči; kučeⁿ,ქუჩა,,улица,**ქუჩ2** *ჲ ჲ* (ქუჩი; ქუჩეჼ) ქუჩა
kujtad,ქუჲთად,,,GE,adv,,,ქვეითად,,пешком,**ქუჲთად** ზმნს. ქვეითად
kujrcʼlobi,ქუჲრწლობი,d,0d,GE,n,,,მექორწილენი; ქორწილების დრო,,гости на свадьбе; время свадеб (обычно осенью),**ქუჲრწლობი** *დ* მრ. 1. მექორწილენი 2. ქორწილების დრო
kujhkʼi,ქუჲჰკი,d,0d,,n,,,ოჩოფეხები,stilts,ходули,**ქუჲჰკი** *დ* მრ. ოჩოფეხები
kcevad-d-alar,ქცევად-დ-ალარ,,,GE,vi,,ikceva,მომზადება (მზადება),,готовиться,**ქცევად-დ-ალარ** გრდუვ. მოქცევა (იქცევა)
kħek-d-alar,ქჰ’ექ-დ-ალარ,,,,,,mzadeba,,,,**ქჰ’ექ-დ-ალარ** გრდუვ. მომზადება (მზადება)
kħek-d-ar,ქჰ’ექ-დ-არ,,,,,,moamzadebs,,,,**ქჰ’ექ-დ-არ** გრდმ. მომზადება (მოამზადებს)
kħekiⁿ,ქჰ’ექიჼ,,,,a,,,"მზად, მზა",ready,готовый,"**ქჰ’ექიჼ** მზად, მზა"
kħikna,ქჰ’იქნა,d,,,,,,,,,**ქჰ’იქნა** *დ* მომზადებულ მდგომარეობაში ყოფნა
ğa,ღა,d j,Dj,,n,,ğajⁿ,"ფერადი, საზარდული, ლაჯი",groin,пах,"**ღა** *დ ჲ* (ღაჲჼ) ფერდი, საზარდული, ლაჯი **ღა ყატტჲარ** გრდმ. ლაჯის გაშლა, გალაჯვა"
ğag,ღაგ,b d,B,,n,,ğagi; ğageⁿ,სასთუმალი,pillow,изголовье,**ღაგ** *ბ დ* (ღაგი; ღაგეჼ) სასთუმალი
ğadar,ღადარ,j,J,GE,n,,,ღადარი,"embers, hot ash",горячий уголь с золой,**ღადარ** *ჲ* ღადარი
ğav-ğav,ღავ-ღავ,d,D,,n,,,"ღავ-ღავი, ხმაური, ჩოჩქოლი",,"шум, гам","**ღავ-ღავ**  *დ* ღავღავი, ხმაური"
ğazar-d-ar,ღაზარ-დ-არ,,,,,,gamoakʼetebs,,,,"**ღაზარ-დ-არ** გრდმ. გამოკეთება (გამოაკეთებს), გალამაზება"
ğazeⁿ,ღაზეჼ,,,,a,,,"კარგი, კეთილი",good,"хороший, добрый","**ღაზეჼ** კარგი, კეთილი"
ğazexučʼ,ღაზეხუჭ,,,,,,,,,,**ღაზეხუჭ** საუკეთესო
"ğazejvxŭ, ğazivxŭ","ღაზეჲვხუ̆, ღაზივხუ̆",,,,,,,,,,"**ღაზეჲვხუ̆, ღაზივხუ̆** უკეთესი, უფრო კარგი"
ğazl,ღაზლ,d,D,GE,n,,,ღაზლი,,веревка из грубой шерсти,**ღაზლ** *დ* ღაზლი
ğazna,ღაზნა,d,,,,,,,,,"**ღაზნა** *დ* სიკარგის, სიმშვენიერის, სილამაზის სიკეთის მდგომარეობა"
ğazol,ღაზოლ,j j,,,,,,,,,"**ღაზოლ** *ჲ ჲ* კარგობა, სიკეთე"
ğajmpraɁŏ,ღაჲმფრაჸო̆,,,,,,ğajmpraɁuj,,,,**ღაჲმფრაჸო̆** (ღაჲმფრაჸუჲ) ღამურა *(ექსპ.)*
ğajpʼğujpʼĭ,ღაჲპღუჲპი̆,d d,D,GE,n,,,"ღაპაღუპის ხმა, ღაპაღუპი",,"шум от падения капель дождя, слез","**ღაჲპღუჲპი̆** *დ დ* ღაპაღუპის ხმა, ღაპაღუპი"
ğajrĭ,ღაჲრი̆,j j,J,,n,,ğaruⁿ,"კონა; ჯგუფი, გუნდი, ხროვა",,"связка; труппа, отряд, сборище","**ღაჲრი̆** *ჲ ჲ* (ღარუჼ) 1. კონა 2. ჯგუფი, გუნდი, ხროვა"
ğajpšebad-d-alar,ღაჲფშებად-დ-ალარ,,,GE,vi,,laqʼbobs,ლაყბობა (ლაყბობს),,"болтать, вести пустой, праздный разговор",**ღაჲფშებად-დ-ალარ** გრდუვ. ლაყბობა (ლაყბობს)
ğajčʼğujčʼĭ,ღაჲჭღუჲჭი̆,d,,,,,,,,,**ღაჲჭღუჲჭი̆** *დ* *დ* ღაჭაღუჭი
ğal,ღალ,d d,,,,,ğaljⁿ,,,,**ღალ** *დ დ* (ღალჲჼ) ღალა
ğal ğal d-a,ღალ ღალ დ-ა,,,,,,,,,,**ღალ ღალ დ-ა** გრდუვ. ვარგა
ğaltʼbadar,ღალტბადარ,,,GE,vt,,uğalatʼebs,ღალატი (უღალატებს),,изменить,**ღალტბადარ** გრდმ. ღალატი (უღალატებს)
ğalğ,ღალღ,d d,D,GE,n,,ğalğui; ğalğujⁿ,ღალღა,"corncrake, jackdaw",галка,**ღალღ** *დ დ* (ღალღუი; ღალღუჲჼ) ღალღა *(ჭაობის ფრინველი)*
ğaⁿ,ღაჼ,d d,D,,n,,ğani; ğanujⁿ,სიზმარი,dream,"сон, сновидение",**ღაჼ** *დ დ* (ღანი; ღანუჲჼ) სიზმარი
ğanʒil,ღანძილ,b d,B,GE,n,,,ღანძილი,,черемша,**ღანძილ** *ბ დ* ღანძილი
ğar,ღარ,j d,F,GE,n,,ğari; ğareⁿ,ღარი,,желоб,**ღარ** *ჲ დ* (ღარი; ღარეჼ) ღარი
ğarod-d-ar,ღაროდ-დ-არ,,,GE,vt,,,ღარვა,,выдалбливать жёлоб,**ღაროდ-დ-არ** გრდმ. ღარვა
ğaršajnŏ,ღარშაჲნო̆,,,,adv,,,"ცხადად, აშკარად",,"ясно, явно, очевидно","**ღარშაჲნო̆** ზმნს. ცხადად, აშკარად"
ğapang,ღაფანგ,j j,J,GE,n,,ğapangi; ğapangeⁿ,ხაფანგი,,"ловушка, капкан",**ღაფანგ** *ჲ ჲ* (ღაფანგი; ღაფანგეჼ) ხაფანგი
ğapğap,ღაფღაფ,,,,,,,,,,**ღაფღაფ** ღაფღაფი
ğacʼ,ღაწ,d d,D,,n,,ğacʼi; ğacʼeⁿ,"ბზარი, ნაპრალი, ნაკაწრი","crack, scratch, stripe","трещина, царапина","**ღაწ** *დ დ* (ღაწი; ღაწეჼ) ბზარი, ნაპრალი, ნაკაწრი **ღაწ დალ’არ, ღაწ იხარ** გრდუვ. ბზარის გაჩენა **ღაწ დაჴარ, ღაწ დახარ** გრდმ. გაკაწვრა ([გა]კაწრავს)"
ğebad-d-ar,ღებად-დ-არ,,,GE,vt,,,"ღებვა, შეღებვა",,"красить, окрашивать","**ღებად-დ-არ** გრდმ. ღებვა, შეღებვა"
ğel-d-alar,ღელ-დ-ალარ,,,,,,[da]sustʼdeba,,,,"**ღელ-დ-ალარ** გრდუვ. დასუსტება ([და]სუსტდება), დაძაბუნება"
ğel-d-ar,ღელ-დ-არ,,,,,,[da]asustʼebs,,,,**ღელ-დ-არ** გრდმ. დასუსტება ([და]ასუსტებს) დაუძლურება
ğeliⁿ,ღელიჼ,,,,a,,,"სუსტი, უღონო, ძაბუნი",weak,"слабый, бессильный","**ღელიჼ** სუსტი, უღონო, ძაბუნი"
ğelol,ღელოლ,j j,,,,,,,,,"**ღელოლ** *ჲ ჲ* სისუსტე, უღონობა"
ğelğetʼinĭ,ღელღეტინი̆,,,,,,,,,,"**ღელღეტინი̆** მიმღ. სუსტობა, უსუსურობა"
ğelĕ,ღელე̆,j j,J,GE,n,,,ღელე,gorge,"овраг, ложбина, река, ручей в ложбине",**ღელე̆** *ჲ ჲ* ღელე
ğemnajza,ღემნაჲზა,j j,J,RU,n,,ğemnazi; ğamnazajⁿ,გიმნაზია,,гимназия,**ღემნაჲზა** *ჲ ჲ* (ღემნაზი; ღამნაზაჲჼ) გიმნაზია
=ğeⁿ,=ღეჼ,,,,aff,,,მსგავსების აღმნიშნელი სუფიქსები,,,**=ღეჼ**  მსგავსების აღმნიშვნელი სუფიქსი =ებრი
ğernal,ღერნალ,v b,M,RU,n,,ğernali; ğernleⁿ,გენერალი,,генерал,**ღერნალ** *ვ ბ* (ღერნალი; ღერნლეჼ) გენერალი
ğerğad-d-ar,ღერღად-დ-არ,,,GE,vt,,ğrğnis,ღრღნა (ღრღნის),,грызть,**ღერღად-დ-არ** გრდმ. ღრღნა (ღრღნის)
ğerğad-d-ujnĭ,ღერღად-დ-უჲნი̆,,,,,,,,,,**ღერღად-დ-უჲნი̆** მიმღ. მღრღნელი
ğerʒ,ღერძ,b d,B,GE,n,,ğerʒi; ğerʒeⁿ,ღერძი,,ось,**ღერძ** *ბ დ* (ღერძი; ღერძეჼ) ღერძი
ğerʒcʼi,ღერძწი,,,,,,,,,,**ღერძწი**ნ  უღერძო
ğvarʒl,ღვარძლ,j,J,GE,n,,,ღვარძლი; ღვარძლი,"ergot-infected rye-grass, darnel; spite, evil","плевел; злоба, желчь",**ღვარძლ** *ჲ* მხ. 1. ღვარძლი 2. ღვარძლი
ğvarʒleⁿ,ღვარძლეჼ,,,,,,,,,,**ღვარძლეჼ**  ღვარძლიანი
"ğvtisrisxv, ğtisrisx","ღვთისრისხვ, ღთისრისხ",j j,,,,,,,,,"**ღვთისრისხვ, ღთისრისხ** *ჲ ჲ* ღვთისრისხვა"
"ğvtisšobel, ğtišobel","ღვთისშობელ, ღთიშობელ",j j,,,,,,,,,"**ღვთისშობელ, ღთიშობელ** *ჲ ჲ* ღვთისმშობელი"
ğvtiscʼqʼalob,ღვთისწყალობ,j,,,,,,,,,**ღვთისწყალობ** *ჲ* მხ. ღვთისწყალობა
ğviv,ღვივ,d d,D,GE,n,,ğviveⁿ,ღვია,,можжевельник,**ღვივ** *დ დ* (ღვივეჼ) ღვია
"ğvinbajn, ğvinbajn butt","ღვინბაჲნ, ღვინბაჲნ ბუთთ",b d,,,,,,,,,"**ღვინბაჲნ, ღვინბაჲნ ბუთთ** *ბ დ* ღვინობისთვე, ოქტომბერი"
ğipʼ,ღიპ,d d,D,GE,n,,ğipʼeⁿ,ღიპი,,брюхо,**ღიპ** *დ დ* (ღიპეჼ) ღიპი
ğipʼareⁿ,ღიპარეჼ,,,,,,,,,,**ღიპარეჼ** ღიპიანი
ğirs,ღირს,,,GE,a,,,ღირსი,,"достойный, заслуживающий",**ღირს** ღირსი
ğirseb,ღირსებ,j j,,,,,ğirsbajⁿ,,,,"**ღირსებ** *ჲ ჲ* (ღირსბაჲჼ) ხარისხი (საქონლისა), გადატ. ღირსება"
ğirsuvx,ღირსუვხ,,,,,,,,,,**ღირსუვხ** უფრო ღირსი
ğlevad-d-alar,ღლევად-დ-ალარ,,,GE,vi,,iznikeba,"ზნექა (იზნიქება), დრეკა, მოხრა",,сгибаться,"**ღლევად-დ-ალარ** გრდუვ. ზნექა (იზნიქება) დრეკა, მოხრა"
ğlevad-d-ar,ღლევად-დ-არ,,,GE,vt,,zneks,"ზნექა (ზნექს), დრეკა, მოხრა",,сгибать,"**ღლევად-დ-არ** გრდმ. ზნექა (ზნექს) დრეკა, მოხრა"
ğo,ღო,,,,vi,,,წავა,will go,уйти,**ღო** მყოფ. წავა
ğob,ღობ,j j,J,GE,n,,ğobi; ğobeⁿ,ღობე,fence,забор,"**ღობ** *ჲ ჲ* (ღობი; ღობეჼ) ღობე **ღობ ჲიკარ** გრდმ. ღობის გავლება, შემოღობვა **ღობ ჲოფცარ** გრდმ. ღობის დაწვნა, გაკეთება, შემოღობვა **ღობ ჴასტჲა**რ გრდმ. ღობის შემოვლება, შემოღობვა"
ğoz,ღოზ,b d,B,,n,,ğozi; ğozeⁿ ,წნელი,,прут,**ღოზ** *ბ დ* (ღოზი; ღოზეჼ ) წნელი
ğolŏ,ღოლო̆,d d,D,GE,n,,ğolujⁿ,ღოლო,,конский щавель,**ღოლო̆** *დ დ* (ღოლუჲჼ) ღოლო
ğoⁿ,ღოჼ,j j,J,GE,n,,,"ღონე, ძალა, ილაჯი",,сила,"**ღოჼ** *ჲ ჲ* ღონე, ძალა, ილაჯი"
ğonar-d-alar,ღონარ-დ-ალარ,,,,vi,,gağonivrdeba,"გაღონივრება (გაღონივრდება), მოღონივრება",,становиться сильным,"**ღონარ-დ-ალარ** გრდუვ. გაღონივრება (გაღონივრდება), მოღონივრება"
ğonar-d-ar,ღონარ-დ-არ,,,,vt,,[ga]ağonivrrebs,გაღონივრება ([გა]აღონივრებს),,(с)делать сильным,**ღონარ-დ-არ** გრდმ. გაღონივრება ([გა]აღონივრრებს)
ğonša : ğonša d-a-xar,ღონშა : ღონშა დ-ა-ხარ,,,,,,grʒnoba [da]ekʼargeba,,,,"**ღონშა : ღონშა დ-ა-ხარ** გრდუვ. გრძნობის დაკარგვა (გრძნობა [და]ეკარგება), გულის შეღონება"
ğor1,ღორ1,j j,J,,n,,,"დიდი სიცივე, ყინვა",,"стужа, мороз","**ღორ1** *ჲ ჲ* დიდი სიცივე, ყინვა"
ğor2,ღორ2,,J,GE,n,,,"ღვარი, ნიაღვარი",,"поток дождевой, наводнение","**ღორ2** ღვარი, ნიაღვარი"
ğor-d-ar,ღორ-დ-არ,,,,,,gaqʼinavs,,,,"**ღორ-დ-არ** გრდმ. გაყინვა (გაყინავს) გაცივება, დაზრობა"
ğor-d-ijenŏ,ღორ-დ-იჲენო̆,,,,,,,,,,"**ღორ-დ-იჲენო̆** მიმღ. გაყინული, დამზრალი"
ğoriⁿ,ღორიჼ,,,,,,,,,,"**ღორიჼ**  ყინულოვანი, ძალიან ცივი"
ğorğ,ღორღ,j,J,GE,n,,,ღორღი,,щебень,**ღორღ** *ჲ* მრ. ღორღი
ğosxetar,ღოსხეთარ,d d,D,,,vi,uxaria,,,,**ღოსხეთარ** 1. გრდუვ. გახარება (უხარია) 2. *დ დ* სიხარული
"ğoğnašŏ, ğoğnošŏ","ღოღნაშო̆, ღოღნოშო̆",d d,,,,,,,,,"**ღოღნაშო̆, ღოღნოშო̆** *დ დ* ღოღნოშო"
ğočʼ,ღოჭ,j j,J,,n,,ğačʼbi; ğočʼeⁿ,ჯოხი,,палка,**ღოჭ** *ჲ ჲ* (ღაჭბი; ღოჭეჼ) ჯოხი
ğoǯ,ღოჯ,j j,J,GE,n,,ğoǯi; ğoǯeⁿ,ღოჯი,,клык,**ღოჯ** *ჲ ჲ* (ღოჯი; ღოჯეჼ) ღოჯი
ğrantʼ,ღრანტ,j,,,:,,,"კრინტის დაძვრა, ხმის ამოღება",,"издать звук, пищать","**ღრანტ** *ჲ* ღრანტ ჲაჴარ გრდმ. კრინტის დაძვრა, ხმის ამოღება"
ğračʼ,ღრაჭ,d,D,,n,,,კრაჭუნი,,скрежет (зубов),**ღრაჭ** *დ* კრაჭუნი
ğrinad-d-alar,ღრინად-დ-ალარ,,,GE,vi,,iğrineba,ღრინვა (იღრინება),,ворчать (о собаке),**ღრინად-დ-ალარ** გრდუვ. ღრინვა (იღრინება)
ğrinad-d-ar,ღრინად-დ-არ,,,GE,vt,,ağrens,ღრენა (აღრენს),,"заставить огрызаться, ворчать",**ღრინად-დ-არ** გრდმ. ღრენა (აღრენს)
ğruv,ღრუვ,j j,J,GE,n,,,ღრუ,,дупло,**ღრუვ** *ჲ ჲ* ღრუ
ğrutʼ,ღრუტ,d d,J,,n,,ğrutʼeⁿ,"ხვრელი, ნახვრეტი, ნაჩხვრეტი","hole, opening, perforation",дыра,**ღრუტ** *დ დ* (ღრუტეჼ) ნესტო *(ქადაგიძ.)*
ğrutʼ,ღრუტ,j j,J,,n,,ğratʼbi; ğrutʼeⁿ,"ხვრელი, ნახვრეტი, ნაჩხვრეტი","hole, opening, perforation",дыра,"**ღრუტ** *ჲ ჲ* (ღრატბი; ღრუტეჼ) ხვრელი, ნახვრეტი, ნაჩვრეტი"
ğupʼad-d-alar,ღუპად-დ-ალარ,,,GE,vi,,iğupʼeba,დაგუპვა (იღუპება),,погибать,**ღუპად-დ-ალარ** გრდუვ. დაღუპვა (იღუპება)
ğupʼad-d-ar,ღუპად-დ-არ,,,GE,vt,,ğupʼavs,დაღუპვა (ღუპავს),,губить,**ღუპად-დ-არ** გრდმ. დაღუპვა (ღუპავს)
qʼa,ყა,b d,B,,n,,qʼiš; qʼajⁿ,ცოდვა,sin,грех,"**ყა** *ბ დ* (ყიშ; ყაჲჼ) ცოდვა **ყაბარ** გრდმ. ცოდვის ქმნა, შესცოდებს"
qʼabul,ყაბულ,b,B,GE,n,,,ყაბული,,согласие,**ყაბულ** *ბ* ყაბული
qʼabujnĭ,ყაბუჲნი̆,,,,,,,,,,**ყაბუჲნი̆** მიმღ. ცოდვის ჩამდენელი
qʼadağ1,ყადაღ1,d d,D,GE,n,,qʼadğeⁿ,ყადაღა,,"наложить запрет, арест на имущество",**ყადაღ1** *დ დ* (ყადღეჼ) ყადაღა
qʼadağ2,ყადაღ2,b d,B,GE,n,,qʼadğeⁿ,"ყადაღა, მსხვილი ლურსმანი",,крупный гвоздь,"**ყადაღ2** *ბ დ* (ყადღეჼ) ყადაღა, მსხვილი ლურსმანი"
qʼadr,ყადრ,b,B,GE,n,,,ყადრი,,"достоинство, цена",**ყადრ** *ბ* ყადრი
qʼav,ყავ,d,D,GE,n,,qʼaviⁿ,ყავა,coffee,кофе,**ყავ** *დ* (ყავიჼ) ყავა
qʼavar,ყავარ,d d,D,GE,n,,qʼavreⁿ,ყავარი,,дрань,**ყავარ** *დ დ* (ყავრეჼ) ყავარი
qʼavarǯaⁿ,ყავარჯაჼ,j j,J,GE,n,,qʼavarǯni; qʼavarǯneⁿ,ყავარჯენი,,костыль,**ყავარჯაჼ** *ჲ ჲ* (ყავარჯნი; ყავარჯნეჼ) ყავარჯენი
qʼavl,ყავლ,j j,J,GE,n,,qʼavleⁿ,ყავლი,,срок,**ყავლ** *ჲ ჲ* (ყავლეჼ) ყავლი
qʼazax,ყაზახ,v b,M,GE,n,,qʼazxuj; qʼazxeⁿ,ყაზახი,,казак,**ყაზახ** *ვ ბ* (ყაზხუჲ; ყაზხეჼ) ყაზახი
qʼakʼ,ყაკ,j d,F,,n,,qʼakʼi; qʼakʼeⁿ,ურო,,борода (трава),**ყაკ** *ჲ დ* (ყაკი; ყაკეჼ) ურო
qʼalar,ყალარ,,,,vi,,šeečxvlitʼeba,ჩხვლეტა (შეეჩხვლიტება),,уколоться,**ყალარ** გრდუვ. ჩხვლეტა (შეეჩხვლიტება)
qʼal-d-alar,ყალ-დ-ალარ,,,,,,,,,,**ყალ-დ-ალარ** გრდუვ. იხ. ყალარ
qʼal-d-ar,ყალ-დ-არ,,,,,,učxvletʼs,,,,**ყალ-დ-არ** გრდმ. ჩხვლეტა (უჩხვლეტს)
qʼalib,ყალიბ,b d,B,GE,n,,qʼajlbi; qʼajlbeⁿ,ყალიბი,,"калибр, форма",**ყალიბ** *ბ დ* (ყაჲლბი; ყაჲლბეჼ) ყალიბი
qʼaliqʼal,ყალიყალ,,,,,,šipn.,,,,"**ყალიყალ** საპირპისპირო, საწინააღმდეგო *(შიფნ.)*"
qʼalol,ყალოლ,,,,,,šipn.,,,,**ყალოლ** შეურაცხყოფა *(შიფნ.)*
qʼalqʼalaɁŏ,ყალყალაჸო̆,j j,J,GE,n,,,ყარყარა,jug with narrow neck,кувшинчик с узким горлышком,**ყალყალაჸო̆** *ჲ ჲ* ყარყარა
qʼan-d-alar,ყან-დ-ალარ,,,,,,[da]berdeba,,,,**ყან-დ-ალარ** გრდუვ. დაბერება ([და]ბერდება)
qʼan-d-ar,ყან-დ-არ,,,,,,[da]aberebs,,,,**ყან-დ-არ** გრდმ. დაბერება ([და]აბერებს)
qʼantar,ყანთარ,,,,,,alir.,,,,"**ყანთარ** ფუღურო, ფუტურო *(ალირ.)*"
qʼanoz,ყანოზ,d,D,GE,n,,qʼanozeⁿ,ყანაოზი,,сорт шелковой ткани,**ყანოზ** *დ* (ყანოზეჼ) ყანაოზი *(აბრეშუმის ერთგვარი ქსოვილი)*
qʼanol,ყანოლ,j,,,,,,,,,"**ყანოლ** *ჲ* სიბერე, მოხუცებულობა"
qʼapʼqʼar,ყაპყარ,,,,vi,,daikuxebs,"დაქუხება (დაიქუხებს), გრგვინვა, დაჭექა",,загреметь (о громе),"**ყაპყარ** გრდუვ. დაქუხება (დაიქუხებს), გრგვინვა, დაჭექა"
qʼar,ყარ,j j,J,,n,,qʼaroⁿ,წვიმა,rain,дождь,"**ყარ** *ჲ ჲ* (ყაროჼ) წვიმა **ყარ ჲათხე̆** გრდუვ. წვიმს **ყარ ჴასარ, ყარ ჴეფსარ** გრდმ. წვიმის ჩამოყრა, წამოწვიმება, წვიმის შემოშხეფება **ყაროჼ ნჵაჼ** *ბ დ* წვიმის ჭია"
qʼarta evdar,ყართა ევდარ,,,,,,šipn.,,,,**ყართა ევდარ**დაცინვა *(შიფნ.)*
qʼarta,ყართა,,,,,,šipn.,,,,**ყართა** სასაცილო *(შიფნ.)*
qʼaroleⁿ,ყაროლეჼ,,,,,,,,,,**ყაროლეჼ**  წვიმიანი
qʼarul,ყარულ,d d,D,GE,n,,qʼaruli; qʼaruleⁿ,ყარაული,,сторож,**ყარულ** *დ დ* (ყარული; ყარულეჼ) ყარაული
qʼarulob,ყარულობ,d,,,,,,,,,**ყარულობ** *დ* ყარულობ დარ გრდმ. ყარაულობა
qʼarpuz,ყარფუზ,j j,J,GE,n,,qʼajrpsi; qʼajrpseⁿ,საზამთრო,watermelon,арбуз,**ყარფუზ** *ჲ ჲ* (ყაჲრფსი; ყაჲრფსეჼ) საზამთრო
qʼarğŏ,ყარღო̆,d d,D,,n,,qʼarğuj; qʼarğujⁿ,ლერწამი,,"камыш, тростник",**ყარღო̆** *დ დ* (ყარღუჲ; ყარღუჲჼ) ლერწამი
qʼarqʼuri,ყარყური,j,J,,n,,,"ლაქლაქი, ენის ტარტარი",,болтовня,"**ყარყური** *ჲ* ლაქლაქი, ენის ტარტარი"
qʼarcʼ-d-ar,ყარწ-დ-არ,,,,,,aačʼrelebs,,,,**ყარწ-დ-არ** გრდმ. აჭრელება (ააჭრელებს)
qʼarcʼeⁿ,ყარწეჼ,,,,a,,,ჭრელი,"colourful, many-coloured",пестрый,**ყარწეჼ** ჭრელი
qʼarcʼol,ყარწოლ,j,,,,,,,,,**ყარწოლ** *ჲ* სიჭრელე
qʼarcʼujla,ყარწუჲლა,,,,,,ekspʼ.,,,,"**ყარწუჲლა** სიჭრელე, ქსოვისა და ქარგვის ერთ-ერთი სახე *(ექსპ.)*"
qʼarcʼujlareⁿ,ყარწუჲლარეჼ,,,,,,,,,,**ყარწუჲლარეჼ** ჭრელ-სახეებიანი
"qʼasa qʼasa dotʼar, qʼasa detʼar","ყასა ყასა დოტარ, ყასა დეტარ",,,,,,[da]čačanakʼddeba,,,,"**ყასა ყასა დოტარ, ყასა დეტარ** გრდუვ. დაჩაჩანაკება ([და]ჩაჩანაკდდება), გაძვალტყავება, გაღატაკება"
qʼasab,ყასაბ,v b,M,GE,n,,qʼasbi; qʼasbeⁿ,ყასაბი,,мясник,**ყასაბ** *ვ ბ* (ყასბი; ყასბეჼ) ყასაბი
qʼastʼar,ყასტარ,,,,vi,,mošordeba,"მოშორება (მოშორდება), მოცილება",,"расстаться, отделиться",**ყასტარ** გრდუვ. მოშორება (მოშორდება)
qʼastʼ-d-ar,ყასტ-დ-არ,,,,,,moašorebs,,,,"**ყასტ-დ-არ** გრდმ. მოშორება (მოაშორებს), მოცილება, მოსხლეტა"
qʼatʼtʼ-d-ar,ყატტ-დ-არ,,,,vt,,daabčens,"დაბჩენა (დააბჩენს), გაღება",,"открыть, раскрыть, разинуть",**ყატტ-დ-არ** გრდმ. დაბჩენა (დააბჩენს) გაღება
qʼatʼjar,ყატჲარ,,,,,,tvakʼebs gaaxels,,,,"**ყატჲარ** გრდმ. გახელა (თვაკებს გაახელს), გაღება, დაჭყეტა"
"qʼaurban, qʼaurmaⁿ","ყაურბან, ყაურმაჼ",b,,,,,,,,,"**ყაურბან, ყაურმაჼ** *ბ* ყაურმა"
qʼağ,ყაღ,j j,J,GE,n,,qʼağeⁿ,ყაღი,,"мясо, высушенное на солнце",**ყაღ** *ჲ ჲ* (ყაღეჼ) ყაღი
qʼašaⁿ,ყაშაჼ,,,,,,"ekspʼ., bertl. da sxv.",,,,"**ყაშაჼ** ბატიბუტი *(ექსპ., ბერთლ. და სხვ.)*"
qʼaqʼačŏ,ყაყაჩო̆,d d,D,GE,n,,qʼaqʼačuj; qʼaqʼčujⁿ,ყაყაჩო,poppy,мак,**ყაყაჩო̆** *დ დ* (ყაყაჩუჲ; ყაყჩუჲჼ) ყაყაჩო
qʼačağ,ყაჩაღ,v b,M,GE,n,,qʼačxuj; qʼačğujⁿ,ყაჩაღი,bandit,разбойник,**ყაჩაღ** *ვ ბ* (ყაჩხუჲ; ყაჩღუჲჼ) ყაჩაღი
qʼacʼim,ყაწიმ,d d,D,GE,n,,qʼajcʼmi; qʼajcʼmeⁿ,ყაწიმი,,украшение на сабельном и др. ремне,**ყაწიმ** *დ დ* (ყაჲწმი; ყაჲწმეჼ) ყაწიმი
qʼacʼrmarcʼeⁿ,ყაწრმარწეჼ,,,,,,,,,,**ყაწრმარწეჼ** ჭრელაჭრული
qʼačʼ,ყაჭ,d d,D,GE,n,,qʼačʼeⁿ,"ძაფი, ყაჭი",,нитка,"**ყაჭ** *დ დ* (ყაჭეჼ) ძაფი, ყაჭი"
qʼaxetar,ყახეთარ,,,,vi,,ecodeba,შეცოდება (ეცოდება),feel sorry for,жалеть,**ყახეთარ** გრდუვ. შეცოდება (ეცოდება)
qʼaxet-d-ar,ყახეთ-დ-არ,,,,,,[še]icodebs,,,,**ყახეთ-დ-არ** გრდმ. შეცოდება ([შე]იცოდებს)
qʼaxet-d-ujnĭ,ყახეთ-დ-უჲნი̆,,,,,,,,,,"**ყახეთ-დ-უჲნი̆** მიმღ. 1. შესაცოდი, საცოდავი, საბრალო, შესაბრალისი 2. შემცოდებელი, შემბრალებელი"
qʼaxetlajnĭ,ყახეთლაჲნი̆,,,,,,,,,,"**ყახეთლაჲნი̆** მიმღ. შესაცოდი, საცოდავი, საბრალო, შესაბრალისი"
qʼaħ-d-alar,ყაჰ’-დ-ალარ,,,,,,[ga]mcʼardeba,,,,"**ყაჰ’-დ-ალარ** გრდუვ. 1. გამწარება ([გა]მწარდება) 2. გადატ. გაცხარება, წაჩხუბება"
qʼaħ-d-ar,ყაჰ’-დ-არ,,,,,,[ga]amcʼarebs,,,,**ყაჰ’-დ-არ** გრდმ. გამწარება ([გა]ამწარებს) დამწარება
qʼaħeⁿ,ყაჰ’ეჼ,,,,a,,,მწარე,bitter,горький,**ყაჰ’ეჼ** მწარე
qʼaħenkʼaɁ,ყაჰ’ენკაჸ,,,,,,,,,,**ყაჰ’ენკაჸ** მომწარო
qʼaħkʼaɁ-d-alar,ყაჰ’კაჸ-დ-ალარ,,,,,,[da]mcʼardeba,,,,**ყაჰ’კაჸ-დ-ალარ** გრდუვ. მცირედ დამწარება ([და]მწარდება)
qʼaħol,ყაჰ’ოლ,j j,,,,,,,,,**ყაჰ’ოლ** *ჲ ჲ* სიმწარე
"qʼajlvan, qʼajloⁿ","ყაჲლვან, ყაჲლოჼ",d d,,,,,,,,,"**ყაჲლვან, ყაჲლოჼ** *დ დ* ყალიონი, ჩიბუხი"
"qʼajndad, qʼajnĭ","ყაჲნდად, ყაჲნი̆",v b,,,,,"qʼajndadi, qʼajnĭ dadi; qʼajndadeⁿ",,,,"**ყაჲნდად, ყაჲნი̆** **დად** *ვ ბ* (ყაჲნდადი, ყაჲნი̆ დადი; ყაჲნდადეჼ) ბერმამა, პაპა, ბაბუა"
"qʼajnnan, qʼajnĭ naⁿ","ყაჲნნან, ყაჲნი̆ ნაჼ",j d,,,,,"qʼajnnani, qʼajnĭ nani; qʼajnnaneⁿ",,,,"**ყაჲნნან, ყაჲნი̆ ნაჼ** *ჲ დ* (ყაჲნნანი, ყაჲნი̆ ნანი; ყაჲნნანეჼ) ბერდედა, ბებია"
qʼajnĭ,ყაჲნი̆,,,,a,,,"ბებერი, მოხუცი",old,старый,"**ყაჲნი̆** ბებერი, მოხუცი"
qʼajtʼ,ყაჲტ,,,,,,ekspʼ.,,,,**ყაჲტ** ლაქა სახეზე *(ექსპ.)*
qʼajtʼŭ,ყაჲტუ̆,d d,D,,n,,qʼatʼajrč; qʼatʼneⁿ,დუქარდი,sheep-shears,ножницы для стрижки овец,**ყაჲტუ̆** *დ დ* (ყატაჲრჩ; ყატნეჼ) დუქარდი
qʼaqettar,ყაჴეთთარ,,,,vi,,codvilobs,"ტანჯვა-წვალება, ცოდვილობა (ცოდვილობს)",,"мучиться, изнуряться, в поте лица своего трудиться","**ყაჴეთთარ** გრდუვ. ტანჯვა-წვალება, ცოდვილობა (ცოდვილობს)"
qʼbed,ყბედ,,,GE,n,,,ყბედი,,болтун,**ყბედ** ყბედი
qʼbedbad-d-alar,ყბედბად-დ-ალარ,,,,,,qʼbedobs,,,,**ყბედბად-დ-ალარ** გრდუვ. ყბედობა (ყბედობს)
qʼbedbad-d-ar,ყბედბად-დ-არ,,,,,,aqʼbedebs,,,,**ყბედბად-დ-არ** გრდმ. ყბედობა (აყბედებს)
qʼda,ყდა,j j,J,GE,n,,qʼdajšĭ; qʼdajⁿ,ყდა,,обложка (книги),**ყდა** *ჲ ჲ* (ყდაჲში̆; ყდაჲჼ) ყდა
qʼebz-d-ar,ყებზ-დ-არ,,,,vt,,ağvivebs,გაღვივება (აღვივებს),,разжигать (огонь),**ყებზ-დ-არ** გრდმ. გაღვივება (აღვივებს)
qʼegar,ყეგარ,,,,vt,,tʼexs,"ტეხა (ტეხს), მტვრევა",break,"разбивать, ломать, бить","**ყეგარ** გრდმ. ტეხა (ტეხს), მტვრევა"
qʼeg-d-alar,ყეგ-დ-ალარ,,,,,,tʼqʼdeba,,,,"**ყეგ-დ-ალარ** გრდუვ. ტყდომა (ტყდება), მტვრევა, მსხვრევა"
"qʼeg-d-alinŏ, qʼeg-d-ajlnŏ","ყეგ-დ-ალინო̆, ყეგ-დ-აჲლნო̆",,,,,,,,,,"**ყეგ-დ-ალინო̆, ყეგ-დ-აჲლნო̆** მიმღ. დამტვრეული, დატეხილი"
qʼeginŏ,ყეგინო̆,,,,,,,,,,**ყეგინო̆** მიმღ. დამტვრეული
qʼegujnĭ,ყეგუჲნი̆,,,,,,,,,,**ყეგუჲნი̆** მიმღ. სამტვრევი
qʼevar,ყევარ,d d,D,GE,n,,qʼevreⁿ,ყევარი,,две пары волов,**ყევარ** *დ დ* (ყევრეჼ) ყევარი
qʼelar,ყელარ,,,,vi,,ečxvlitʼeba,"ჩხვლეტა (ეჩხვლიტება), შერჭობა (ერჭობა)",,укалываеться,"**ყელარ** გრდუვ. ჩხვლეტა (ეჩხვლიტება), შერჭობა (ერჭობა)"
qʼel-d-alar,ყელ-დ-ალარ,,,,,,ečxvlitʼeba,,,,**ყელ-დ-ალარ** გრდუვ. ჩხვლეტა (ეჩხვლიტება)
qʼel-d-ar,ყელ-დ-არ,,,,,,čxvletʼs,,,,**ყელ-დ-არ** გრდმ. ჩხვლეტა (ჩხვლეტს)
qʼelod-d-ar,ყელოდ-დ-არ,,,GE,vt,,qʼelavs,შეყელვა (ყელავს),,подвязывать лозу,**ყელოდ-დ-არ** გრდმ. შეყელვა (ყელავს)
qʼeⁿ,ყეჼ,,,,a,,,"გამხდარი, მჭლე, ლუბი; ღარიბი, საწყალი, საცოდავი, გლახაკი","thin, lean; poor, pitiful","тощий; бедный, жалкий","**ყეჼ**  1. გამხდარი, მჭლე, ლუბი 2. ღარიბი, საწყალი, საცოდავი, გლახაკი"
qʼepʼqʼar,ყეპყარ,,,,vi,,kuxs,"ქუხილი (ქუხს), გრგვინვა, ჭექა",,греметь (о громе),"**ყეპყარ** გრდუვ. ქუხილი (ქუხს), გრგვინვა, ჭექა"
qʼepʼqʼlajla,ყეპყლაჲლა,d,,,,,,,,,**ყეპყლაჲლა** *დ* მოთმინება
qʼepʼqʼjar,ყეპყჲარ,,,,,,[mo]itmens,,,,**ყეპყჲარ** გრდმ. მოთმინება ([მო]ითმენს)
qʼestʼar,ყესტარ,,,,vt,,[mo]šordeba,"მოშორება ([მო]შორდება), მოცილება",,"отделяться, расставаться","**ყესტარ** გრდმ. მოშორება ([მო]შორდება), მოცილება"
qʼetʼtʼ-d-ar,ყეტტ-დ-არ,,,,vt,,abčens,"დაბჩენა (აბჩენს), ხსნა",,"открывать, раздевать","**ყეტტ-დ-არ** გრდმ. დაბჩენა (აბჩენს), ხსნა"
qʼetʼjar,ყეტჲარ,,,,,,axels,,,,"**ყეტჲარ** გრდმ. გახელა (ახელს), თვალების ჭყეტა"
qʼexkʼ-d-ar,ყეხკ-დ-არ,,,,vt,,[da]abrkʼolebs,დაბრკოლებ ([და]აბრკოლებს),,"помешать, препятствовать",**ყეხკ-დ-არ** გრდმ. დაბრკოლება ([და]აბრკოლებს)
qʼvlepad-d-ar,ყვლეფად-დ-არ,,,GE,vt,,,ყვლეფა,,сдирать (кожу),**ყვლეფად-დ-არ** გრდმ. ყვლეფა
qʼiv,ყივ,j j,J,,n,,qʼivi; qʼivaⁿ,"ყლორტი, ღივი",,"росток, почка (раст.)","**ყივ** *ჲ ჲ* (ყივი; ყივაჼ) ყლორტი, ღივი"
"qʼivol, qʼiol","ყივოლ, ყიოლ",j j,,,,,,,,,"**ყივოლ, ყიოლ** *ჲ ჲ* 1. სიგამხდრე 2. სიღარიბე, სისაწყლე"
qʼivol-qʼaħla,ყივოლ-ყაჰ’ლა,d d,,,,,,,,,"**ყივოლ-ყაჰ’ლა** *დ დ* სიღარიბე-სიმწარე, სიღატაკე, სიგლახაკე"
qʼivol-qʼaħol,ყივოლ-ყაჰ’ოლ,j j,J,,n,,,,,,**ყივოლ-ყაჰ’ოლ** *ჲ ჲ* იხ. ყივოლ-ყაჰლა
qʼintʼroⁿ,ყინტროჼ,,,,a,,,"ნორჩი, ქორფა, წვნიანი","new, tender, fresh","молодой, сочный (о растении)","**ყინტროჼ** ნორჩი, ქორფა, წვნიანი"
qʼinč-d-ar,ყინჩ-დ-არ,,,,,,aumsuqʼebs,,,,**ყინჩ-დ-არ** გრდმ. გულის ამსუყება (აუმსუყებს)
qʼinčoⁿ,ყინჩოჼ,,,,a,,,"მსუყე, მსუქანი, ნოყიერი; ძუნწი","rich, fatty, nutricious","сытный, жирный (о птице); скряга","**ყინჩოჼ**  მსუყე, მსუქანი, ნოყიერი"
qʼitʼ,ყიტ,j j,J,,n,,qʼitʼeⁿ,"ყვინტლი, წვინტლი",,сопля,"**ყიტ** *ჲ ჲ* (ყიტეჼ) ყვინტლი, წვინტლი"
qʼitʼoreⁿ,ყიტორეჼ,,,,,,,,,,**ყიტორეჼ** ყვინტლიანი
qʼlortʼ1,ყლორტ1,j j,J,,n,,,,,,**ყლორტ1** *ჲ ჲ* იხ. ყივ
qʼlortʼ2,ყლორტ2,b d,B,,n,,,"ყლუპი, ყლაპი",,глоток,"**ყლორტ2** *ბ დ* ყლუპი, ყლაპი"
qʼnobad-d-ar,ყნობად-დ-არ,,,GE,vt,,amqʼnobs,მყნობა (ამყნობს),,прививать (растение),**ყნობად-დ-არ** გრდმ. მყნობა (ამყნობს)
qʼobzjalar,ყობზჲალარ,,,,vi,,ainteba cecxli,ანთება (აინთება ცეცხლი),,зажигаться (об огне),**ყობზჲალარ** გრდუვ. ანთება (აინთება ცეცხლი)
qʼobzjar,ყობზჲარ,,,,vt,,aantebs cecxls,ანთება (აანთებს ცეცხლს),,зажигать,**ყობზჲარ** გრდმ. ანთება (აანთებს ცეცხლს)
qʼodlaɁŏ,ყოდლაჸო̆,d d,D,GE,n,,qʼodlaɁuj; qʼodlaɁujⁿ,კოდალა,,дятел,**ყოდლაჸო̆** *დ დ* (ყოდლაჸუჲ; ყოდლაჸუჲჼ) კოდალა
qʼoil,ყოილ,d d,D,GE,n,,daavadeba,ყვავილი,smallpox,оспа,**ყოილ** *დ დ* ყვავილი *(დაავადება)*
qʼol,ყოლ,d d,D,,n,,,ქურდობა,thievery,воровство,**ყოლ** *დ დ* ქურდობა
qʼolŏ,ყოლო̆,b d,B,,n,,,ხარშო; წვენში ჩაყრილი პურის ნატეხები,,"суп из ломтиков хлеба с сыром, яйцами, маслом; суп с ломтиками хлеба",**ყოლო̆** *ბ დ* 1. ხარშო 2. წვენში ჩაყრილი პურის ნატეხები
qʼomral,ყომრალ,,,GE,a,,,"ყომრალი, ლეგა",,"серый, землистого цвета","**ყომრალ** ყომრალი, ლეგა"
qʼonar-d-alar,ყონარ-დ-ალარ,,,,,,[ga]aaxalgazrdavdeba,,,,**ყონარ-დ-ალარ** გრდუვ. გაახალგაზრდავება ([გა]აახალგაზრდავდება)
qʼonar-d-ar,ყონარ-დ-არ,,,,,,[ga]aaxalgazrdavebs,,,,**ყონარ-დ-არ** გრდმ. გაახალგაზრდავება ([გა]აახალგაზრდავებს)
qʼonol,ყონოლ,j,,,,,,,,,"**ყონოლ** *ჲ* სიყმაწვილე, სიჭაბუკე, ახალგაზრდობა"
qʼonoⁿ,ყონოჼ,,,,a,,,ახალგაზრდა,young,молодой,**ყონოჼ** ახალგაზრდა
qʼopʼqʼ,ყოპყ,j,J,,n,,qʼopʼqʼeⁿ,ფიფქი,,пороша,**ყოპყ** *ჲ* (ყოპყეჼ) ფიფქი
qʼor-d-alar,ყორ-დ-ალარ,,,,vi,,[da]qʼruvdeba,დაყრუება ([და]ყრუვდება),,(о)глохнуть,**ყორ-დ-ალარ**  გრდუვ. დაყრუება ([და]ყრუვდება)
qʼor-d-ar,ყორ-დ-არ,,,,vt,,daaqʼruebs,დაყრება (დააყრუებს),,(с)делать глухим,**ყორ-დ-არ** გრდმ. დაყრუება (დააყრუებს)
qʼorol,ყოროლ,j,J,,n,,,სიყრუვე,,глухота,**ყოროლ** *ჲ*  სიყრუვე
qʼortʼ,ყორტ,b d,B,,n,,,,,,**ყორტ** *ბ დ* იხ. ყლორტ
qʼoruğ,ყორუღ,j j,J,GE,n,,qʼujrği,"ყურუღი, ნაკრძალი, სათიბი",,охраняемое постбище,"**ყორუღ** *ჲ ჲ* (ყუჲრღი) ყორუღი, ნაკრძალი, სათიბი"
qʼočağ,ყოჩაღ,,,GE,a,,,ყოჩაღი,,"молодчина, бравый, деловой, решительный",**ყოჩაღ** ყოჩაღი
qʼoǯ,ყოჯ,v b,M,,n,,,მოხუცებული კაცის ეპითეტი,,эпитет престарелого мужщины,**ყოჯ** *ვ ბ* მოხუცებული კაცის ეპითეტი
qʼoɁ,ყოჸ,b d,B,GE,n,,qʼoɁi; qʼoɁeⁿ,ყვავი,crow,ворона,**ყოჸ** *ბ დ* (ყოჸი; ყოჸეჼ)ყვავი
qʼrantʼ,ყრანტ,d d,D,GE,n,,,ყრანტალი,,карканье,**ყრანტ** *დ დ* ყრანტალი
qʼuv,ყუვ,j j,,,,, qʼuveⁿ,,,,"**ყუვ** *ჲ ჲ* ( ყუვეჼ) ყუა (ცულისა, პურისა)"
"qʼuv, qʼu","ყუვ, ყუ",v b,,,,,qʼui; qʼu[v]eⁿ,,,,"**ყუვ, ყუ** *ვ ბ* (ყუი; ყუ[ვ]ეჼ) ქურდი"
qʼuvteⁿ,ყუვთეჼ,,,GE,a,,,ყუათიანი,,питательный,**ყუვთეჼ**  ყუათიანი
qʼut,ყუთ,b d,B,GE,n,,qʼuti; qʼuteⁿ,ყუთი,box,"сундук, ящик",**ყუთ** *ბ დ* (ყუთი; ყუთეჼ) ყუთი
qʼulbad-d-ar,ყულბად-დ-არ,,,GE,vt,,qʼmuis,ყმუილი (ყმუის),,выть,**ყულბად-დ-არ**  გრდმ. ყმუილი (ყმუის)
qʼumbar,ყუმბარ,d d,D,GE,n,,qʼumbri; qʼumbreⁿ,ყუმბარა,,"бомба, снаряд",**ყუმბარ** *დ დ* (ყუმბრი; ყუმბრეჼ) ყუმბარა
qʼunad-d-ar,ყუნად-დ-არ,,,GE,vi,,ğrğnis tʼkʼivili,ღრღნა (ღრღნის ტკივილი),,ныть (от боли),**ყუნად-დ-არ** გრდუვ. ღრღნა (ღრღნის ტკივილი)
qʼuncʼ,ყუნწ,d d,D,GE,n,,qʼuncʼi; qʼuncʼeⁿ,ყუნწი,,"плодоножка, ушко (иголки)",**ყუნწ** *დ დ* (ყუნწი; ყუნწეჼ) ყუნწი
qʼunčʼul,ყუნჭულ,d d,D,GE,n,,qʼunčʼleⁿ,კუნჭული,,уголок,**ყუნჭულ** *დ დ* (ყუნჭლეჼ) კუნჭული
qʼur,ყურ,d d,D,GE,n,,qʼureⁿ,გვხდება ადგილის სახელებში,,,**ყურ** *დ დ* (ყურეჼ) 1. ყურე 2. გვხვდება ადგილის სახელებში
qʼuraɁŏ,ყურაჸო̆,,,GE,a,,,უყურო,"one-eared, earless",безухий,**ყურაჸო̆** უყურო
qʼurblaɁdar,ყურბლაჸდარ,,,,,,,,,,**ყურბლაჸდარ** გრდმ. ჩაყურყუმელავება
qʼurblaɁŏ,ყურბლაჸო̆,d d,D,GE,n,,qʼurblaɁuj,ყურბელა,earwig,уховертка,**ყურბლაჸო̆** *დ დ* (ყურბლაჸუჲ) ყურბელა *(ერთგვარი ჭია)*
qʼurtmaǯareⁿ,ყურთმაჯარეჼ,,,GE,a,,,ყურთმაჯებიანი,,с отворотами,**ყურთმაჯარეჼ** ყურთმაჯებიანი
qʼurmusağ,ყურმუსაღ,,,,,,,,,,**ყურმუსაღ** ყურმუსაღი
qʼuruⁿ,ყურუჼ,,,GE,a,,,ყრუ,,глухой,**ყურუჼ** ყრუ
qʼurqʼumelaɁo,ყურყუმელაჸო,d d,D,,n,,qʼurqʼumelaoba,ღურჭუმელაობა,,ныряние в воду,**ყურყუმელაჸო** *დ დ* ღურჭუმელაობა (ყურყუმელაობა)
qʼurqʼur,ყურყურ,d d,D,GE,n,,muclis griali,ყურყური,,урчание (в желудке),**ყურყურ** *დ დ* ყურყური *(მუცლის გრიალი)*
qʼuqʼnaɁŏ,ყუყნაჸო̆,j j,J,GE,n,,qʼuqʼnaɁuj; qʼuqʼnaɁujⁿ,"ბუკი, საყვირი","bugle, hunting horn","труба, рог","**ყუყნაჸო̆** *ჲ ჲ* (ყუყნაჸუჲ; ყუყნაჸუჲჼ)ბუკი, საყვირი"
qʼušqʼušdar,ყუშყუშდარ,,,,,,učičinebs,,,,**ყუშყუშდარ** გრდმ. ჩიჩინი (უჩიჩინებს)
qʼujv,ყუჲვ,d d,,,,,momcro,,,,**ყუჲვ** *დ დ* სადღვებელი (მომცრო)
qʼujlĭ,ყუჲლი̆,,,,n,,,ქურდი,,"вор, занимающийся воровством",**ყუჲლი̆** ქურდი
qʼujčĭ,ყუჲჩი̆,b d,B,,n,,qʼoči; qʼujčiⁿ,"ყოჩი, ერკემალი",,баран-производитель,"**ყუჲჩი̆** *ბ დ* (ყოჩი; ყუჲჩიჼ) ყოჩი, ერკემალი"
šaar,შაარ,j j,J,GE,n,,šaari; šaareⁿ,შარაგზა,,"шоссе, проселочная дорога",**შაარ** *ჲ ჲ* (შაარი; შაარეჼ) შარაგზა
šaarna,შაარნა,d d,,,,,,,,,"**შაარნა** *დ დ* სიბრტყე, , ვაკე, სიგლუვე"
šab,შაბ,b,B,GE,n,,šabeⁿ,შაბი,,квасцы,**შაბ** *ბ* (შაბეჼ) შაბი
šabat,შაბათ,d d,D,GE,n,,šabtiⁿ,შაბათი,Saturday,суббота,**შაბათ** *დ დ* (შაბთიჼ) შაბათი
šabartʼqʼal,შაბარტყალ,,,,,,alir.,,,,**შაბარტყალ** ნაცარში გამომცხვარი თხელი ლავაში *(ალირ.)*
šabaš,შაბაშ,b,B,,n,,,"დვრიტა, მაჭიკი",,сычуг,"**შაბაშ** *ბ* დვრიტა, მაჭიკი"
"šabedod-d-ar, šebedod-d-ar","შაბედოდ-დ-არ, შებედოდ-დ-არ",,,,,,šehbedavs,,,,"**შაბედოდ-დ-არ, შებედოდ-დ-არ** გრდმ. შებედვა (შეჰბედავს)"
šagird,შაგირდ,d d,D,GE,n,,,შეგირდი,,ученик (ремесленника),**შაგირდ** *დ დ* შეგირდი
"šavardan, ševardaⁿ","შავარდან, შევარდაჼ",d d,,,,,"šavardni, ševardni",,,,"**შავარდან, შევარდაჼ** *დ დ* (შავარდნი, შევარდნი) შევარდენი"
šavajno,შავაჲნო,,,,,,,,,,"**შავაჲნო** სრული სიჩუმე, სიმყუდროვე"
šavgvremel,შავგვრემელ,,,,,,,,,,**შავგვრემელ** შავგვრემანი
šavgvremelkʼaɁ,შავგვრემელკაჸ,,,,,,,,,,**შავგვრემელკაჸ** მოშავგვრემანო
šatlakʼ,შათლაკ,,,,n,,,დორბლიანი ადამიანი,,слюнтяй,**შათლაკ**  დორბლიანი ადამიანი
"šatx, šatx dercʼar","შათხ, შათხ დერწარ",,,,,,moixreba,,,,"**შათხ, შათხ დერწარ** გრდუვ. ხრა (მოიხრება), მოკუზვა"
šatxelin,შათხელინ,,,,,,"nagrexi, naksovi",,,,"**შათხელინ**ორწვერი, ორმაგი (ნაგრეხი, ნაქსოვი)"
šatŏ,შათო̆,j j,J,,n,,šatuj; šatujⁿ,"დორბლი, ნერწყვი",saliva,слюна,"**შათო̆** *ჲ ჲ* (შათუჲ; შათუჲჼ) დორბლი, ნერწყვი"
šakʼikʼ,შაკიკ,d,D,GE,n,,,შაკიკი,,мигрень,**შაკიკ** *დ* შაკიკი
šalap,შალაფ,d d,D,GE,n,,,შალაფა,,"дикий серго, гумай",**შალაფ** *დ დ* შალაფა
šalt,შალთ,j j,J,,n,,šalti; šalteⁿ,ხანჯალი,,кинжал,**შალთ** *ჲ ჲ* (შალთი; შალთეჼ) ხანჯალი
šalšiⁿ,შალშიჼ,d d,D,GE,n,,šelšni; šelšneⁿ,შალაშინი,,рубанок,**შალშიჼ** *დ დ* (შელშნი; შელშნეჼ) შალაშინი **შალშიჼ ჰ’აჴარ**  შალაშინის გასმა (გაშალაშინება)
šalšincʼiⁿ,შალშინწიჼ,,,,,,,,,,**შალშინწიჼ** უშალაშინო
šamaⁿ,შამაჼ,j j,J,GE,n,,šamneⁿ,"შამანი, სუსტი არაყი",,слабая водка,"**შამაჼ** *ჲ ჲ* (შამნეჼ) შამანი, სუსტი არაყი"
šamb,შამბ,d d,D,GE,n,,šambeⁿ,შამბი,,бурьян,**შამბ** *დ დ* (შამბეჼ) შამბი
šamocʼmad-d-ar,შამოწმად-დ-არ,,,GE,vt,,,შემოწმება,,"проверить, удостоверить",**შამოწმად-დ-არ** გრდმ. შემოწმება
šampur,შამფურ,d d,D,GE,n,,šajmpri; šajmpreⁿ,შამფური,,вертел,**შამფურ** *დ დ* (შაჲმფრი; შაჲმფრეჼ) შამფური
šanar,შანარ,,,GE,a,,,"შანარი, წყნარი, მშვიდი",,"спокойный, уживчивый (человек)","**შანარ** შანარი, წყნარი, მშვიდი"
šandal,შანდალ,d d,D,GE,n,,šandli; šandleⁿ,შანდალი,,подсвечник,**შანდალ** *დ დ* (შანდლი; შანდლეჼ) შანდალი
šantʼal,შანტალ,,,,,,cʼqʼlis čamonatʼani,,,,**შანტალ** კლდის წვრილი ნაფშვენი (წყლის ჩამონატანი) *(ექსპ.)*
šar eblar,შარ ებლარ,,,,,,šars sdebs,,,,**შარ ებლარ** გრდმ. შარის მოდება (შარს სდებს) სრ. ოლლარ
šar1,შარ1,d d,D,,n,,šareⁿ,დო,buttermilk,пахтанье,**შარ1** *დ დ* (შარეჼ) დო
šar2,შარ2,b d,B,GE,n,,šars mosdebs,შარი,,"придирка, кляуза","**შარ2** *ბ დ* შარი **შარ ოლლარ, შარ ებლარ** შარის მოდება (შარს მოსდებს)"
šarbat,შარბათ,d,D,GE,n,,,შარბათი,,шербет,**შარბათ** *დ* შარბათი
šar-d-ar,შარ-დ-არ,,,,,,[ga]ascʼorebs,,,,"**შარ-დ-არ** გრდმ. გასწორება ([გა]ასწორებს), მოშანდაკება; დახვეწა"
šareⁿ,შარეჼ,,,,a,,lapʼarakʼi,"სწორი, ბრტყელი, გლუვი; თავისუფალი, შეუფერხებელი (ლაპარაკი)","straight, level, flat, smooth; free, open (speech)","ровный, плоский, гладкий; плавный, гладкий (о речи)","**შარეჼ** 1. სწორი, ბრტყელი, გლუვი 2. თავისუფალი, შეუფერხებელი (ლაპარაკი)**შარეშ** ზმნს. თავისუფლად **შარეჩო̆ დ-ალ’არ** გრდუვ. 1) ვაკეზე, სწორზე გასვლა, გავაკება 2) გზის გაკვლევა, სამშვიდობოზე გამოსვლა"
šareš,შარეშ,,,,,,,,,,**შარეშ** ზმნს. თავისუფლად
šari maxkʼ,შარი მახკ,,,,,,šipn.,,,,**შარი მახკ** სამშობლო *(შიფნ.)*
šariⁿ,შარიჼ,,,,pro,,,"თავისი, იმისი","one's own, one's","свой, его","**შარიჼ** კუთვნ. ნაცვ. თავისი, იმისი **შარიჼ შარჼ** თავის თავს; თავისთვის **შარიჼ ლევდარ** გრდმ. დაჟინება, ახირება, გაჯიუტება, თავისის თქმა **შარიჼ დაჲნი̆** მიმღ. თავისიანი ნათესავი, თვისტომი"
šarinčʼ,შარინჭ,,,,adv,,,"საკუთრივ მისი, სწორედ მისი",,"именно его, полностью его","**შარინჭ** საკუთრივ მისი, სწორედ მისი"
šariš,შარიშ,,,,n,,,"წლიური, ერთი წლისა",,"годовалый, годовой",**შარიშ** მრ. იხ. შო
šarluⁿ,შარლუჼ,,,,,,,,,,"**შარლუჼ** წლიური, ერთი წლისა"
šarⁿ,შარჼ,,,,,,tavisi,,,,"**შარჼ** ზმნს. იწარმოება შარიჼ (თავისი) ნაცვალსახელისაგან, აძლიერებს ზმნის შინაარსს **შარნ დ-ოტარ** გრდუვ. 1. წასვლა (თავისთვის მიდის) 2. გადატ. მოკვდომა (კვდება) **შარნ დ-ოტუჲნი̆** მიმღ. მიმავალი, მომაკვდავი **შარნ ჰ’აჭ-დ-არ** გრდმ. დათხოვა (დაითხოვს), გაგდება"
šarnakʼ,შარნაკ,,,,,,,,,,"**შარნაკ** განკერძოებით, თავისთვის, ცალკე"
šarğeⁿ,შარღეჼ,,,,,,,,,,"**შარღეჼ** მისებური, მისი, თავისებური"
šaršar,შარშარ,b d,B,,n,,,"შრიალი, შარიშური",,шелест,"**შარშარ** *ბ დ* შრიალი, შარიშური"
šarxuj,შარხუჲ,,,,,,,,,,**შარხუჲ** მრ. თანატოლნი
šatʼ1,შატ1,b d,B,,n,,šatʼi; šatʼeⁿ,"კვანძი, ნასკვი",,узел,"**შატ1** *ბ დ* (შატი; შატეჼ) კვანძი, ნასკვი"
šatʼ,შატ,d d,,,,,šatʼeⁿ,,,,**შატ**2  *დ დ* (შატეჼ) ფიწალი
šauztʼqʼ,შაუზტყ,,,,,,,,,,**შაუზტყ** ორმოცი
šauztʼqʼaitʼtʼ,შაუზტყაიტტ,,,,,,,,,,**შაუზტყაიტტ** ორმოცდაათი
šauztʼqʼacʼ,შაუზტყაწ,,,,,,,,,,**შაუზტყაწ** ორმოცჯერ
šauztʼqʼde,შაუზტყდე,d,,,,,,,,,"**შაუზტყდე** *დ* 1. ორმოცი, მეორმოცე, დღე მიცვალებულისა"
šauztʼqʼğleⁿ,შაუზტყღლეჼ,,,,,,,,,,**შაუზტყღლეჼ** მეორმოცე[დი]
šakar,შაქარ,d,D,GE,n,,,შაქარი,sugar,сахар,**შაქარ** *დ* შაქარი
šakrecʼiⁿ,შაქრეწიჼ,,,,,,,,,,**შაქრეწიჼ**  უშაქრო
šašal,შაშალ,d,D,GE,n,,,შაშალი კვესი,,огниво,"**შაშალ** *დ* შაშლი, კვესი"
šašar,შაშარ,d,D,GE,n,,basri pʼatʼara dana,შაშარი (ცალკე აღარ იხმარება),,"острие, ланцет (отдельно не употр.)","**შაშარ** *დ* შაშარი *(ბასრი პატარა დანა)* (ცალკე აღარ იხმარება) **შაშარ თეფხარ, დიშადარ** შაშვრა, შაშრის ცემა"
šašŏ,შაშო̆,d d,D,GE,n,,šašvi; šašveⁿ,შაშვი,,дрозд,**შაშო̆** *დ დ* (შაშვი; შაშვეჼ) შაშვი
šacʼ,შაწ,,,,adv,,,ორჯერ,,"два раза, дважды",**შაწ** ორჯერ
šacʼdaxinŏ,შაწდახინო̆,,,,,,araqʼ,,,,**შაწდახინო̆** (არაყ) ორნახადი არაყი
šacʼloğeⁿ,შაწლოღეჼ,,,,,,,,,,"**შაწლოღეჼ** [ხელ]მეორე, ხელახალი, მეორეჯერი"
šaxšaxdar,შახშახდარ,,,GE,vt,,šišxinebs,შიშხინი (შიშხინებს),,шипение,**შახშახდარ** გრდმ. შიშხინი (შიშხინებს)
"šaŭrilin , šovriliⁿ","შაუ̆რილინ , შოვრილიჼ",d,,,,,,,,,"**შაუ̆რილინ , შოვრილიჼ** *დ* შურიანი"
"šajbaman, šajbjamaⁿ","შაჲბამან, შაჲბჲამაჼ",d,,,,,,,,,"**შაჲბამან, შაჲბჲამაჼ** *დ* შაბიამანი"
šajir,შაჲირ,b d,B,,n,,"šajri, šejri; šajreⁿ",შაირი,,частушка,"**შაჲირ** *ბ დ* (შაჲრი, შეჲრი; შაჲრეჼ) შაირი"
"šajraɬinŏ, šejraɬinŏ","შაჲრალ’ინო̆, შეჲრალ’ინო̆",,,,,,,,,,"**შაჲრალ’ინო̆, შეჲრალ’ინო̆** თავისნათქვამა, ჯიუტი"
"šajrvan, šaroⁿ","შაჲრვან, შაროჼ",,,,,,,,,,"**შაჲრვან, შაროჼ** განსაზღვრებითი ნაცვ. III პირ."
c,c,,,,,,,,,,**c**
"šajršujrĭ, šajršur","შაჲრშუჲრი̆, შაჲრშურ",d,,,,,,,,,"**შაჲრშუჲრი̆, შაჲრშურ** *დ* შარი-შური"
"šajrčuħ, šejrčuħ","შაჲრჩუჰ’, შეჲრჩუჰ’",,,,,,,,,,"**შაჲრჩუჰ’, შეჲრჩუჰ’** ზმნს. თავისას, შინ, თავის სახლში"
šajrĭ,შაჲრი̆,,,,pro,,,თავისი,one's own,свой,"**შაჲრი̆** იხმარება მსაზღვრელად შარიჼ ნაცვალსახელის ნაცვლად ყველა ბრუნვაში, გარდა სახელობითისა"
še,შე,j j,J,,n,,šeiš,მტკაველი,,плед,**შე** *ჲ ჲ* (შეიშ) მტკაველი
"šebedod-d-ar, šabedod-d-ar","შებედოდ-დ-არ, შაბედოდ-დ-არ",,,,,,gaubedavs,,,,"**შებედოდ-დ-არ, შაბედოდ-დ-არ** გრდმ. გაბედვა (გაუბედავს), შემობედვა"
šeglbad-d-ar,შეგლბად-დ-არ,,,GE,vt,,[da]alagebs,"დალაგება ([და]ალაგებს), დაწყობა",,"уб(и)рать, привести в порядок, уложить","**შეგლბად-დ-არ** გრდმ. დალაგება ([და]ალაგებს), დაწყობა"
šedgenad-d-ar,შედგენად-დ-არ,,,GE,vt,,,შედგენა,,составить,**შედგენად-დ-არ** გრდმ. შედგენა
šendob,შენდობ,j j,J,GE,n,,,"შენდობა, შესანდობარი",,отрешение,"**შენდობ** *ჲ ჲ* შენდობა, შესანდობარი"
šepʼovbad-d-alar,შეპოვბად-დ-ალარ,,,GE,vi,,šeepʼueba,შეპუება (შეეპუება) დამორჩილება,,подчиниться,"**შეპოვბად-დ-ალარ** გრდუვ. შეპუება (შეეპუება), დამორჩილება"
šerisxod-d-ar,შერისხოდ-დ-არ,,,GE,vt,,,შერისხვა,,"гневаться, проявить гнев",**შერისხოდ-დ-არ** გრდმ. შერისხვა
šetʼraq,შეტრაჴ,j j,J,,n,,,"საბელი; დაწნული თმა, ნაწნავი",,веревка; коса,"**შეტრაჴ** *ჲ ჲ* 1. საბელი 2. დაწნული თმა, ნაწნავი"
šeqʼr,შეყრ,j j,J,GE,n,,,"შეყრილობა, ყრილობა",,"собрание, сходка","**შეყრ** *ჲ ჲ* შეყრილობა, ყრილობა"
šeš,შეშ,,,,n,,,,,,**შეშ** იხ. შე
šecʼirod-d-ar,შეწიროდ-დ-არ,,,GE,vt,,,"შეწირვა, შემოწირვა",,пожертвовать,"**შეწიროდ-დ-არ** გრდმ. შეწირვა, შემოწირვა"
švel,შველ,d d,D,GE,n,,šveli,შველი,,лань,**შველ** *დ დ* (შველი) შველი
švetʼ,შვეტ,j j,J,,n,,švetʼi; švetʼeⁿ,"მათრახი, შოლტი",whip,"нагайка, кнут","**შვეტ** *ჲ ჲ* (შვეტი; შვეტეჼ) მათრახი, შოლტი"
švetʼcʼiⁿ,შვეტწიჼ,,,,,,,,,,**შვეტწიჼ** უმათრახო
švetʼcʼolob,შვეტწოლობ,j,,,,,,,,,**შვეტწოლობ** *ჲ* უმათრახობა
švind,შვინდ,d d,D,GE,n,,,შვინდი,,кизил,**შვინდ** *დ დ* შვინდი
švindilo,შვინდილო,j j,,,,,,,,,**შვინდილო** *ჲ ჲ* შვინდნარი
švriv,შვრივ,d d,D,GE,n,,švriveⁿ,შვრია,oats,овес,**შვრივ** *დ დ* (შვრივეჼ) შვრია
ši,ში,,,,num,,,ორი,two,два,"**ში** ორი **შინღ** ზმნს. ორად **შინლო[ჰ’] ცჰ’ა** ერთ-ერთი, ორში ერთი **შიდუჰ’დაშ, შიდუჰ’დაჲნი̆** ორლესული, ორი პირის მქონე"
šibak,შიბაქ,d d,D,GE,n,,šibki; šibkeⁿ,შიბაქი,,трубка для спускания мочи в люльке,**შიბაქ** *დ დ* (შიბქი; შიბქეჼ) შიბაქი
šiitʼtʼ,შიიტტ,,,,,,,,,,**შიიტტ** თორმეტი
šiitʼtʼeɁ,შიიტტეჸ,,,,,,,,,,**შიიტტეჸ** თორმეტივე
šiitʼtʼl[o]ğeⁿ,შიიტტლ[ო]ღეჼ,,,,,,,,,,**შიიტტლ[ო]ღეჼ** მეთორმეტე
šiitʼtʼcʼ,შიიტტწ,,,,,,,,,,**შიიტტწ** თორმეტჯერ
šikʼ,შიკ,,,,,,,,,,**შიკ** მხოლოდ ორი
šikʼeɁ,შიკეჸ,,,,,,,,,,"**შიკეჸ** ორივე, ორთავე"
šikʼrikʼ,შიკრიკ,d d,D,GE,n,,šikʼrikʼi; šikʼrikʼeⁿ,შიკრიკი,,"посыльный, курьер",**შიკრიკ** *დ დ* (შიკრიკი; შიკრიკეჼ) შიკრიკი
šilaplav,შილაფლავ,,D,GE,n,,,შილაფლავი,,плов с мясом,**შილაფლავ** დ დ შილაფლავი
šilğeⁿ,შილღეჼ,,,,,,,,,,**შილღეჼ** მეორე
šiⁿ,შიჼ,b d,B,,n,,šini; šineⁿ,ცური,,вымя,**შიჼ** *ბ დ* (შინი; შინეჼ) ცური
šina,შინა,j j,,,,,,,,,**შინა** *ჲ ჲ* სამშაბათი
šinliⁿ,შინლიჼ,,,,,,,,,,**შინლიჼ**  ორიანი
šinnajreⁿ,შინნაჲრეჼ,,,,,,,,,,"**შინნაჲრეჼ** ორნაირი, ორგვარი"
šinstʼekliⁿ,შინსტექლიჼ,,,,,,,,,,**შინსტექლიჼ** ორშაურიანი
šinpejnliⁿ,შინფეჲნლიჼ,,,,,,,,,,**შინფეჲნლიჼ** ორმხრივი
"šinpejnrenda[ħ], šinpinrenda[ħ]","შინფეჲნრენდა[ჰ’], შინფინრენდა[ჰ’]",,,,,,,,,,"**შინფეჲნრენდა[ჰ’], შინფინრენდა[ჰ’]** ორივე მხრიდან, ორმხრივ, ორგნით"
šinkokʼliⁿ,შინქოკლიჼ,,,,,,,,,,**შინქოკლიჼ** ორფეხა
širim,შირიმ,b d,B,GE,n,,širmeⁿ,შირიმი,,камень мочевого пузыря,**შირიმ** *ბ დ* (შირმეჼ) შირიმი
šiš,შიშ,,,,,,,,,,**შიშ** ორ-ორი
šiša-šiša,შიშა-შიშა,,,,,,,,,,**შიშა-შიშა** იხ. შიშ
šišinliⁿ,შიშინლიჼ,,,,,,,,,,**შიშინლიჼ** ლუწი
šišlik,შიშლიქ,d d,D,GE,n,,šišliki; šišlikeⁿ,შიშლიგი,,"убойный баран, данный в придачу купленным",**შიშლიქ** *დ დ* (შიშლიქი; შიშლიქეჼ) შიშლიგი *(მეცხვარეებში მორიგეობით საკლავი ცხვარი)*
šičlaɁŏ,შიჩლაჸო̆,,,,n,,,"შინში, დეიდაშვილი",,дети сестер,"**შიჩლაჸო̆** კნინობ. შინში, დეიდაშვილი"
šičĕ,შიჩე̆,,,,adv,,mxolod deidašvili,შინში (მხოლოდ დეიდაშვილი),,дети сестер по отношению друг к другу,**შიჩე̆** შინში (მხოლოდ დეიდაშვილი)
šiq,შიჴ,,,,,,,,,,**შიჴ** ორიოდე
ši-qo,ში-ჴო,,,,,,,,,,**ში-ჴო** ორი-სამი
škʼap,შკაფ,b d,B,GE,n,,škʼapi; škʼapeⁿ,"შკაფი, კარადა",,шкаф,"**შკაფ** *ბ დ* (შკაფი; შკაფეჼ) შკაფი, კარადა"
šlam,შლამ,b,B,GE,n,,,შლამი,,"ил, тина",**შლამ** *ბ* შლამი
šno,შნო,j,J,GE,n,,,"შნო, უნარი",,"изящество, способность, ловкость, умение","**შნო** *ჲ* შნო, უნარი"
šo1,შო1,d d,D,,n,,šariš; šariⁿ,წელიწადი,year,год,"**შო1** *დ დ* (შარიშ; შარიჼ) წელიწადი **შო შარგლომციჼ** წლითი წლობით, წლიდან წლამდე"
šo2,შო2,j,J,GE,n,,,ფშავი,Pshavi,Пшавия,**შო2** *ჲ* 1. ფშავი 2. ლაშარის ჯვარი ფშავში
šov,შოვ,,M,GE,n,,šujbĭ; šoveⁿ,ფშაველი,Pshav,пщавец,**შოვ** (შუჲბი̆; შოვეჼ) ფშაველი
šot,შოთ,j j,J,GE,n,,šoti; šoteⁿ,შოთი,,чурек,**შოთ** *ჲ ჲ* (შოთი; შოთეჼ) შოთი
šoltʼ,შოლტ,j j,J,GE,n,,šoltʼi; šoltʼeⁿ,შოლტი,,"бич, длинная плеть",**შოლტ** *ჲ ჲ* (შოლტი; შოლტეჼ) 1. შოლტი **შოლტეხ დ-აჴარ** გრდმ. გაშოლტვა (გაშოლტავს) 2. საქალამნე შოლტი
šoltʼad-d-ar,შოლტად-დ-არ,,,GE,vt,,šoltʼavs,შოლტვა (შოლტავს),,"хлестать (плетью, бичем)",**შოლტად-დ-არ** გრდმ. შოლტვა (შოლტავს)
šorb,შორბ,j j,J,GE,n,,šorbeⁿ,შორბა (თხელი შილაფლავი),,жидкий плов,**შორბ** *ჲ ჲ* (შორბეჼ) შორბა (თხელი შილაფლავი)
šor-d-ar,შორ-დ-არ,,,,vt,,[ga]aganivrebs,გაგანივრება ([გა]აგანივრებს),,"расширить, расшинять",**შორ-დ-არ** გრდმ. გაგანივრება ([გა]აგანივრებს)
šoriⁿ,შორიჼ,,,GE,a,,,"განიერი, ფართო, ვრცელი","wide, broad","широкий, просторный","**შორიჼ** განიერი, ფართო, ვრცელი"
šorla,შორლა,j j,,,,,,,,,"**შორლა** *ჲ ჲ* სიგანე, სიფართოვე"
"šorna, šujrna","შორნა, შუჲრნა",d,,,,,,,,,"**შორნა, შუჲრნა** *დ* ხალვათობა, სიფართოვე, სიგანივრე"
šorol,შოროლ,j j,,,,,,,,,**შოროლ** *ჲ ჲ* იხ. შორლა
šoršaⁿ,შორშაჼ,d d,D,,n,,šoršni; šoršneⁿ,შოშია,,скворец,**შორშაჼ** *დ დ* (შორშნი; შორშნეჼ) შოშია
šošar,შოშარ,d d,,,,,šošri,,,,"**შოშარ** *დ დ* (შოშრი) შაშარი, ნესტარი"
šoqarǯujla,შოჴარჯუჲლა,,,,,,ekspʼ.,,,,"**შოჴარჯუჲლა** წლისთავი, ვისიმე გარდაცვალდებიდან ერთი წლის აღსანიშნავი სუფრა, პანაშვიდი *(ექსპ.)*"
šu,შუ,,,,pro pers,,,თქვენ,"you, y'all",вы,**შუ** პირის ნაცვ.
šuv,შუვ,d,D,GE,n,,,შუილი,,шум,**შუვ** *დ* შუილი
šun1,შუნ1,,,,,,,,,,**შუნ1**კუთვნ. ნაცვალსახ. თქვენი
šun2,შუნ2,d d,,,,,šunajrč; šuneⁿ,,,,**შუნ2** *დ დ* (შუნაჲრჩ; შუნეჼ) შუნი
šur,შურ,j j,J,,n,,šureⁿ,რძე,milk,молоко,**შურ** *ჲ ჲ* (შურეჼ) რძე
šuralen,შურალენ,,,,,,ʒroxa,,,,**შურალენ**1. რძიანი 2. რძიანი (ძროხა)
šurdul,შურდულ,j j,,,,,šurdli; šurdleⁿ,,,,**შურდულ** *ჲ ჲ* (შურდლი; შურდლეჼ) შურდული
šuren,შურენ,,,,,,,,,,"**შურენ**რძისა, რძიანი"
šuğeⁿ,შუღეჼ,,,,,,,,,,**შუღეჼ** თქვენებური
šuš,შუშ,j j,J,GE,n,,šuši; šušeⁿ,შუშა,,стекло,**შუშ** *ჲ ჲ* (შუში; შუშეჼ) შუშა
šušuaⁿ,შუშუაჼ,,,,,,,,,,"**შუშუაჼ** თავთავისი, თავთავიანთი, თვითეულის, თავთავის საკუთარი"
šušujⁿ,შუშუჲჼ,,,,,,,,,,"**შუშუჲჼ** ზმნს. თავთავიანთთვის, ცალ-ცალკე"
šucʼin,შუწინ,,,,,,,,,,**შუწინ**უთქვენოდ
šujb[ĭ],შუჲბ[ი̆],,,,,,,,,,**შუჲბ[ი̆]** მრ. იხ. შოვ
šujber,შუჲბერ,d,D,GE,n,,,მშობიარე,,роженица,**შუჲბერ** *დ* მშობიარე
šujbren,შუჲბრენ,,,,,,zeds. sax.,,,,**შუჲბრენ**ძვ. (ზედს. სახ.) მშობიარე
šujin1,შუჲინ1,,,,,,sakʼutari,,,,"**შუჲინ1**კუთვნ. ნაცვ. თავიანთი, მათი (საკუთარი)"
šujin2,შუჲინ2,,,,,,sakʼutari,,,,**შუჲინ2**კუთვნ. ნაცვ. თქვენი (საკუთარი)
šujlo[ħ],შუჲლო[ჰ’],,,,,,,,,,"**შუჲლო[ჰ’]** ზმნს. თავისიანებში, შინაურულად"
šujn1,შუჲნ1,,,,,,,,,,"**შუჲნ1** ზმნს. იწარმოება შუ ნაცვალსახელისაგან, აძლიერებს ზმნის შინაარსს"
šujn2,შუჲნ2,,,,,,,,,,"**შუჲნ2** ზმნს. იწარმება შუ ნაცვალსახელისაგან, აძლიერებს ზმნის შინაარსს"
šxam,შხამ,b d,B,GE,n,,šxameⁿ,შხამი,,яд,**შხამ** *ბ დ* (შხამეჼ) შხამი
šxameⁿ,შხამეჼ,,,,,,,,,,"**შხამეჼ** შხამისა, შხამიანი"
šxajpʼšxujpʼĭ,შხაჲპშხუჲპი̆,d,D,GE,n,,,შხაპაშხუპი,,шум от катель дождя,**შხაჲპშხუჲპი̆** *დ* შხაპაშხუპი
ča,ჩა,b d,B,,n,,čarč; čjⁿ,დათვი,bear,медведь,**ჩა** *ბ დ* (ჩარჩ; ჩჲჼ) დათვი
čabžirod-d-ar,ჩაბჟიროდ-დ-არ,,,GE,vt,,čaamsxvrevs,"ჩამსხვრევა (ჩაამსხვრევს) დამსხვრევა, ჩალეწვა",,разбить в дребезги,"**ჩაბჟიროდ-დ-არ** - გრდმ. ჩამსხვრევა (ჩაამსხვრევს) დამსხვრევა, ჩალეწვა"
čagrod-d-ar,ჩაგროდ-დ-არ,,,GE,vt,,čagravs,ჩაგვრა (ჩაგრავს),,"притеснять, угнетать",**ჩაგროდ-დ-არ** გრდმ. ჩაგვრა (ჩაგრავს)
čadr,ჩადრ,d d,D,,n,,čadri; šadreⁿ,ლეჩაქი,,женский головной убор вроде вуали,**ჩადრ** *დ დ* (ჩადრი; შადრეჼ) ლეჩაქი
čaduⁿ,ჩადუჼ,d d,D,GE,n,,,"ჩადუნა, გვიმრა",,"папоротник, щитовник",**ჩადუჼ** *დ დ* ჩადუნა
čavar-d-ar,ჩავარ-დ-არ,,,,vt,,airčevs,"არჩევა (აირჩევს), გამორჩევა",,"выбрать, отобрать","**ჩავარ-დ-არ** გრდმ. არჩევა (აირჩევს), გამორჩევა"
čavar-d-ujla,ჩავარ-დ-უჲლა,,,,,,,,,,**ჩავარ-დ-უჲლა** 1. არჩევანი 2. მრ. არჩევნები
čatkʼokʼŏ,ჩათკოკო̆,,,GE,n,,,"ჩადკოკო, კილამურა",,"многоножка, сладкий корень","**ჩათკოკო̆** ბოტან. ჩადკოკო, კილამურა"
čakʼirod-d-ar,ჩაკიროდ-დ-არ,,,GE,vt,,čakʼiravs,ჩაკირვა (ჩაკირავს),,замуровать,**ჩაკიროდ-დ-არ** გრდმ. ჩაკირვა (ჩაკირავს)
čakʼuntʼbad-d-alar,ჩაკუნტბად-დ-ალარ,,,GE,vi,,čaikʼuntʼeba,ჩაკუნტვა (ჩაიკუნტება),,сесть на корточки,**ჩაკუნტბად-დ-ალარ** გრდმ. ჩაკუნტვა (ჩაიკუნტება)
čakʼuntʼbad-d-ar,ჩაკუნტბად-დ-არ,,,GE,vt,,čaakʼuntʼebs,ჩაკუნტება (ჩააკუნტებს),,посадить на корточки,**ჩაკუნტბად-დ-არ** გრდმ. ჩაკუნტება (ჩააკუნტებს)
čakʼŏ,ჩაკო̆,d d,D,,n,,čakʼuj; čakʼujⁿ,სკამი,chair,стул,**ჩაკო̆** *დ დ* (ჩაკუჲ; ჩაკუჲჼ) სკამი
čal,ჩალ,d d,D,GE,n,,čaleⁿ,ჩალა,,"солома, камыш",**ჩალ** *დ დ* (ჩალეჼ) ჩალა
čalbul,ჩალბულ,d d,D,GE,n,,,ჩალაბულა,,"муть, мелький сор",**ჩალბულ** *დ დ* ჩალაბულა
čaltukʼ,ჩალთუკ,d d,D,GE,n,,,"ჩალთუქი, გაუცეხველი ბრინჯი",,рис на корне,"**ჩალთუკ** *დ დ* ჩალთუქი, გაუცეხველი ბრინჯი"
čalmal-d-ar,ჩალმალ-დ-არ,,,,,,[da]arbilebs,,,,**ჩალმალ-დ-არ** გრდმ. დარბილება ([და]არბილებს)
čalmaliⁿ,ჩალმალიჼ,,,,a,,,რბილი,soft,мягкий,**ჩალმალიჼ**  რბილი
čalxaⁿ,ჩალხაჼ,d d,D,GE,n,,čalxni; čalxneⁿ,ჩალხანა,,маленький медный котел,**ჩალხაჼ** *დ დ* (ჩალხნი; ჩალხნეჼ) ჩალხანა *(მომცრო ყურებიანი ქვაბი)*
čam,ჩამ,b,B,,n,,[ga]ugemurdeba,გემო,,вкус,"**ჩამ** *ბ* გემო **ჩამ ბახარ, ჩამ ბაჴარ** გრდმ. გაუგემურება, ([გა]უგემურდება) **ჩამ ეცარ** გრდმ. გემოს აღება, მოწონება **ჩამ თოხარ, ჩამ თეფხარ** გრდმ. გემოს გასინჯვა (გასინჯავს)"
čamič,ჩამიჩ,j j,J,GE,n,,čajmčeⁿ,ჩამიჩი,,изюм,**ჩამიჩ** *ჲ ჲ* (ჩაჲმჩეჼ) ჩამიჩი
čamliⁿ,ჩამლიჼ,,,,,,,,,,**ჩამლიჼ** გემრიელი
čamcʼiⁿ,ჩამწიჼ,,,,,,,,,,"**ჩამწიჼ** უგემური, უგემო"
čanabad-d-alar,ჩანაბად-დ-ალარ,,,GE,vi,,"čaiqʼučeba, čainabeba","ჩაყუჩება (ჩაიყუჩებს, ჩაინაბება), გაჩუმება",,"притаиться, спрятаться","**ჩანაბად-დ-ალარ** გრდუვ. ჩაყუჩება (ჩაიყუჩება, ჩაინაბება), გაჩუმება"
čanabad-d-ar,ჩანაბად-დ-არ,,,GE,vt,,čaaqʼučebs,"ჩაყუჩება (ჩააყუჩებს), ჩაბუდება, გაჩუმება",,"притаить, спрятать","**ჩანაბად-დ-არ** გრდმ. ჩაყუჩება (ჩააყუჩებს), ჩაბუდება, გაჩუმება"
čanajdrebad-d-ar,ჩანაჲდრებად-დ-არ,,,GE,vt,,čainadirebs,ჩანადირება (ჩაინადირებს),,поохотиться,**ჩანაჲდრებად-დ-არ** გრდმ. ჩანადირება (ჩაინადირებს)
čangal,ჩანგალ,d d,D,GE,n,,čangli; čangleⁿ,ჩანგალი,,вилка,**ჩანგალ** *დ დ* (ჩანგლი; ჩანგლეჼ) ჩანგალი
čant,ჩანთ,d d,D,GE,n,,čanti; čanteⁿ,"ჩანთა, პარკი",,"сумка, сумочка","**ჩანთ** *დ დ* (ჩანთი; ჩანთეჼ) ჩანთა, პარკი"
čantukʼ,ჩანთუკ,d d,,,,,čajntkʼi; čajntkʼeⁿ,,,,**ჩანთუკ** *დ დ* (ჩაჲნთკი; ჩაჲნთკეჼ) პარკი
čančlebad-d-alar,ჩანჩლებად-დ-ალარ,,,GE,vi,,čančalebs,ჩანჩალი (ჩანჩალებს),,"тащиться, еле идти, волочиться",**ჩანჩლებად-დ-ალარ** გრდუვ. ჩანჩალი (ჩანჩალებს)
čar,ჩარ,j j,J,GE,n,,,"ჩარა, ძალა",,"возможность, сила, мочь","**ჩარ** *ჲ ჲ* ჩარა, ძალა"
"čarak, čarek","ჩარაქ, ჩარექ",b,,,,,,,,,"**ჩარაქ, ჩარექ** *ბ* ჩარექი"
čarkaɁŏ,ჩარქაჸო̆,,,GE,n,,,ჩარექა,small wine jar (1-litre),маленький кувшин для вина,**ჩარქაჸო̆** ჩარექა
čarč,ჩარჩ,,,,,,,,,,**ჩარჩ**1  მრ. იხ. ჩა
čarč2,ჩარჩ2,,,GE,n,,čarči; črčeⁿ,ჩარჩი (ვაჭარი),,"спекулянт, барышник",**ჩარჩ2** (ჩარჩი; ჩრჩეჼ) ჩარჩი (ვაჭარი)
čarčil,ჩარჩილ,d d,D,GE,n,,čajrčleⁿ,ჩრჩილი,,моль,**ჩარჩილ** *დ დ* (ჩაჲრჩლეჼ) ჩრჩილი
čarčŏ,ჩარჩო̆,j j,J,GE,n,,čarčuj; čarčujⁿ,ჩარჩო,,"рамка, рамка",**ჩარჩო̆** *ჲ ჲ* (ჩარჩუჲ; ჩარჩუჲჼ) ჩარჩო
čarx,ჩარხ,j j,J,GE,n,,,სალესი ჩარხი,,вращающееся точило,**ჩარხ** *ჲ ჲ* სალესი ჩარხი
čatʼkʼebnad-d-ar,ჩატკებნად-დ-არ,,,,,,čatʼkʼepʼnis,,,,**ჩატკებნად-დ-არ** გრდმ. ჩატკეპნა (ჩატკეპნის)
čapčap,ჩაფჩაფ,d,D,GE,n,,,ჩიფჩიფი,,звук шамканья,**ჩაფჩაფ** *დ* ჩიფჩიფი
čapxekʼad-d-ar,ჩაფხეკად-დ-არ,,,GE,vt,,čapxekʼs,ჩაფხეკა (ჩაფხეკს),,соскоблить,**ჩაფხეკად-დ-არ** გრდმ. ჩაფხეკა (ჩაფხეკს)
čakam,ჩაქამ,,,,,,,,,,**ჩაქამ** იხ. ჩექმ
čakolad-d-ar,ჩაქოლად-დ-არ,,,GE,vt,,čakolavs,ჩაქოლვა (ჩაქოლავს),,"побить, завалить камнями",**ჩაქოლად-დ-არ** გრდმ. ჩაქოლვა (ჩაქოლავს)
čakčak,ჩაქჩაქ,d,D,GE,n,,,ჩაქჩაქი,,трусца (лошади),**ჩაქჩაქ** *დ* ჩაქჩაქი
čağmartov,ჩაღმართოვ,v b,M,GE,n,,čağmartuj,"ჩაღმათუში, ჩაღმა",Chaghma-Tush,"тушин из Омало, и др.","**ჩაღმართოვ** *ვ ბ* (ჩაღმართუჲ) ჩაღმათუში, ჩაღმა"
čašxamad-d-ar,ჩაშხამად-დ-არ,,,GE,vt,,čaašxamebs,ჩაშხამება (ჩააშხამებს),,отравить (жизнь...),**ჩაშხამად-დ-არ** გრდმ. ჩაშხამება (ჩააშხამებს)
čašxamad-dijenŏ,ჩაშხამად-დიჲენო̆,,,,,,,,,,**ჩაშხამად-დიჲენო̆** მიმღ. ჩაშხამებული
čač,ჩაჩ,j j,J,GE,n,,,ჩაჩი,,колпак,**ჩაჩ** *ჲ ჲ* ჩაჩი
čacʼerad-d-ar,ჩაწერად-დ-არ,,,GE,vt,,čacʼers,ჩაწერა (ჩაწერს),,"вписать, внести в список",**ჩაწერად-დ-არ** გრდმ. ჩაწერა (ჩაწერს)
čaxergad-d-ar,ჩახერგად-დ-არ,,,GE,vt,,čaxergavs,ჩახერგვა (ჩახერგავს),,"завалить (камнями, бревнами...)",**ჩახერგად-დ-არ** გრდმ. ჩახერგვა (ჩახერგავს)
čaxmax,ჩახმახ,j j,J,GE,n,,čaxmaxi,ჩახმახი,,курск,**ჩახმახ** *ჲ ჲ* (ჩახმახი) ჩახმახი
čaĭ,ჩაი̆,d d,D,GE,n,,čajⁿ,ჩაი,tea,чай,**ჩაი̆** *დ დ* (ჩაჲჼ) ჩაი
čajdnaren,ჩაჲდნარენ,,,,,,,,,,"**ჩაჲდნარენ**ჩადუნიანი, გვიმრიანი"
čajlmajlna,ჩაჲლმაჲლნა,d d,,,,,,,,,**ჩაჲლმაჲლნა** *დ დ* სირბილე
čajmlna,ჩაჲმლნა,d d,,,,,,,,,"**ჩაჲმლნა** *დ დ* სიგემრიელე, გემრიელი, სასიამოვნო რამ"
"čajmčujm, čamčum","ჩაჲმჩუჲმ, ჩამჩუმ",j,,,,,uarqʼop. cʼinadadebebši,,,,"**ჩაჲმჩუჲმ, ჩამჩუმ** *ჲ* ჩამიჩუმი (უარყოფ. წინადადებებში)"
čaq,ჩაჴ,,,,adv,,,შორს,far,далеко,**ჩაჴ** ზმნს. შორს
čaqa,ჩაჴა,j j,,,,,,,,,**ჩაჴა** *ჲ ჲ* სიშორე
čaqiⁿ,ჩაჴიჼ,,,,,,,,,,"**ჩაჴიჼ** შორი, შორეული"
čaqinčaq,ჩაჴინჩაჴ,,,,,,,,,,**ჩაჴინჩაჴ** ზმნს. შორი-შორს
čaqkʼaɁ,ჩაჴკაჸ,,,,,,,,,,"**ჩაჴკაჸ** ზმნს. მოშორებით, ცოტა შორს"
čaqreⁿ,ჩაჴრეჼ,,,,,,,,,,"**ჩაჴრეჼ** 1. შორიდან, შორეული, შორი 2. ზმნს. შორიდან"
čaqrenda[ħ],ჩაჴრენდა[ჰ’],,,,,,,,,,**ჩაჴრენდა[ჰ’]** ზმნს. შორიდან
čevar-d-ar,ჩევარ-დ-არ,,,,vt,,arčevs,რჩევა (არჩევა),,"выбирать, отбирать",**ჩევარ-დ-არ** გრდმ. რჩევა (არჩევს)
čenčŏ,ჩენჩო̆,j j,J,GE,n,,čenčuj; čenčujⁿ,ჩენჩო,,шелуха (пшеницы...),**ჩენჩო̆** *ჲ ჲ* (ჩენჩუჲ; ჩენჩუჲჼ) ჩენჩო
čepič,ჩეფიჩ,d d,D,GE,n,,čep[i]či; čipčeⁿ,"ჩებიჩი, წალი",,козленок,"**ჩეფიჩ** *დ დ* (ჩეფ[ი]ჩი; ჩიფჩეჼ) ჩებიჩი, წალი *(თხა, რომელსაც თიკანი ჯერ არ მოუგია)*"
"čekm, čakam","ჩექმ, ჩაქამ",b b,,,,,čakmi/čekmi; čekmiⁿ,,,,"**ჩექმ, ჩაქამ** *ბ ბ* (ჩაქმი/ჩექმი; ჩექმიჼ) ჩექმა"
čečil,ჩეჩილ,d d,D,,n,,,ბულულა,haystack,копна сена,**ჩეჩილ** *დ დ* ბულულა
čibur,ჩიბურ,,,,n,,,"ჩიბა, პატარა ძაღლი",,"собачка, кличка маленькой собаки","**ჩიბურ** ჩიბა, პატარა ძაღლი, ლეკვი"
čibur-tʼibur,ჩიბურ-ტიბურ,,,,,,,,,,"**ჩიბურ-ტიბურ** ირონ. პატარა ძაღლი, ლეკვი"
čibux,ჩიბუხ,b d,B,,n,,čibxi; čibxeⁿ ,ზუბრა,,шомпол,**ჩიბუხ** *ბ დ* (ჩიბხი; ჩიბხეჼ ) სამხ. ზუმბა
čit,ჩით,d d,D,GE,n,,čiteⁿ,ჩითი,,ситец,**ჩით** *დ დ* (ჩითეჼ) ჩითი
čila,ჩილა,j j,J,,n,,čili; čilajⁿ/čileⁿ,უბე,bosom,пазуха,**ჩილა** *ჲ ჲ* (ჩილი; ჩილაჲჼ/ჩილეჼ) უბე
"čilajn, čileⁿ","ჩილაჲნ, ჩილეჼ",,,,,,,,,,"**ჩილაჲნ, ჩილეჼ** უბისა, საუბე"
čim,ჩიმ,b,B,,n,,čʼrelašv.,ფერფლი,,пепел,"**ჩიმ** *ბ* ნავლი, ფერფლი *(ჭრელაშვ.)*"
čiⁿ,ჩიჼ,d d,D,GE; RU,n,,,ჩინი,,чин,**ჩიჼ** *დ დ* ჩინი
"činita, čineta","ჩინითა, ჩინეთა",j,,,,,,,,,"**ჩინითა, ჩინეთა** *ჲ* ჩინეთი"
činiten (čineteⁿ),ჩინითენ (ჩინეთეჼ),,,,,,čineteⁿ,,,,"**ჩინითენ (ჩინეთეჼ)** ჩინეთის, ჩინური"
činlov,ჩინლოვ,v b,M,GE,n,,čillobi; činloveⁿ,ჩინელი,,китаец,**ჩინლოვ** *ვ ბ* (ჩილლობი; ჩინლოვეჼ) ჩინელი
činčlad-d-alar,ჩინჩლად-დ-ალარ,,,GE,vi,,čaličobs,ჩალიჩი (ჩალიჩობს),,возиться (по пустому),**ჩინჩლად-დ-ალარ** გრდუვ. ჩალიჩი (ჩალიჩობს)
čir,ჩირ,b d,B,GE,n,,čiri; čireⁿ,ჩირი,,сушеные фрукты,**ჩირ** *ბ დ* (ჩირი; ჩირეჼ) ჩირი
čipčip,ჩიფჩიფ,d,D,GE,n,,,ჩიფჩიფი,,шамканье,**ჩიფჩიფ** *დ* ჩიფჩიფი
čičknad-d-ar,ჩიჩქნად-დ-არ,,,GE,vt,,,ჩიჩქნა,,"ковырять, щипать что-н.",**ჩიჩქნად-დ-არ** გრდმ. ჩიჩქნა
čixirtm,ჩიხირთმ,j j,J,GE,n,,,ჩიხირთმა,Chikhirtma (chicken soup),чихиртма (куриный суп),**ჩიხირთმ** *ჲ ჲ* ჩიხირთმა
čixmaxi,ჩიხმახი,j,J,GE,n,,,"ჩიხმახი, ჩიხი-მახო",,маленькие сухие ветки (для огня),"**ჩიხმახი** *ჲ* მრ. ჩინჩხვარი, ჩიხი-მახო"
čixmaxicʼiⁿ,ჩიხმახიწიჼ,,,,,,,,,,**ჩიხმახიწიჼ** უჩინჩხვროდ
čixrix,ჩიხრიხ,,J,GE,n,,azikʼ.,ჩიხრიხი,,деревянное ручное приспособление вроде ряйки для скручивания веревок,**ჩიხრიხ** ბალნისა და ძუის დასართავი ხელსაწყო *(აზიკ.)*
čo,ჩო,b d,B,,n,,čujnĭ; čujnoⁿ,"ბეწვი, თმა, ბალანი","hair, fur, wool","волос, шерсть (козья)","**ჩო** *ბ დ* (ჩუჲნი̆; ჩუჲნოჼ) ბეწვი, თმა, ბალანი"
čobal,ჩობალ,d d,D,GE,n,,,"ჩობალი, ბადექონი",,сальник,"**ჩობალ** *დ დ* ჩობალი, ბადექონი"
čort,ჩორთ,j,J,GE,n,,,ჩორთი,,рысь,**ჩორთ** *ჲ* ჩორთი
čorkʼnad-d-ar,ჩორკნად-დ-არ,,,GE,vt,,čorkʼnis,ჩორკნა (ჩორკნის),,вырезать как попало,**ჩორკნად-დ-არ** გრდმ. ჩორკნა (ჩორკნის)
čorŏ,ჩორო̆,b d,B,GE,n,,cxenisa,"მჩორე, ნეხვი (ცხენისა)",,помет (лошадиный),"**ჩორო̆** *ბ დ* მჩორე, ნეხვი (ცხენისა)"
čočikʼ,ჩოჩიკ,d d,D,,n,,čujčkʼi,ჩოჩორი,,осленок,**ჩოჩიკ** *დ დ* (ჩუჲჩკი) ჩოჩორი
čoqaɁ[ŏ],ჩოჴაჸ[ო̆],d d,,,,,čoqaɁuj,,,,**ჩოჴაჸ[ო̆]** *დ დ* (ჩოჴაჸუჲ) ჩოხა
ču d-ollar,ჩუ დ-ოლლარ,,,,,,,,,,**ჩუ დ-ოლლარ** იხ. დ-ოლლარ
ču d-ožar,ჩუ დ-ოჟარ,,,,,,,,,,**ჩუ დ-ოჟარ** გრდმ. იხ. დ-ოჟარ
ču d-ožitar,ჩუ დ-ოჟითარ,,,,,,čaagebinebs,,,,**ჩუ დ-ოჟითარ** გრდმ. ჩაგებინება (ჩააგებინებს)
ču d-ossar,ჩუ დ-ოსსარ,,,,,,,,,,**ჩუ დ-ოსსარ** გრდუვ. იხ. დ-ოსსარ
ču d-otʼar,ჩუ დ-ოტარ,,,,,,,,,,**ჩუ დ-ოტარ** გრდუვ. შინ წასვლა
ču d-opcar,ჩუ დ-ოფცარ,,,,,,čaacʼnavs,,,,**ჩუ დ-ოფცარ** გრდმ. ჩაწვნა (ჩააწნავს)
ču d-utʼqʼ-d-ar,ჩუ დ-უტყ-დ-არ,,,,,,,,,,**ჩუ დ-უტყ-დ-არ** გრდმ. იხ. დ-უტყ-დ-არ
ču d-uqʼar,ჩუ დ-უყარ,,,,,,,,,,**ჩუ დ-უყარ** გრდმ. იხ. დ-უყარ
ču d-ʕog-d-alar,ჩუ დ-ჵოგ-დ-ალარ,,,,,,,,,,**ჩუ დ-ჵოგ-დ-ალარ** გრდუვ. იხ. დ-ჵოგ-დ-ალარ
ču,ჩუ,,,,,,,,,,"**ჩუ** ზმნისართი და ზმნისწინი, ჩვეულებრივ აღნიშნავს მიმართულებას შიგნით ან გახაზავს ზმნის შინაარსს"
=ču,=ჩუ,,,,aff,,,=ში,"in, at","в, у",**=ჩუ** თანდებული ნათესაობით ბრუნვასთან და რთულ ფორმებში
ču čuajpʼqʼ-d-isujla,ჩუ ჩუაჲპყ-დ-ისუჲლა,d d,,,,,adgili,,,,**ჩუ ჩუაჲპყ-დ-ისუჲლა** **დ დ** შიგ საფლობი (ადგილი)
čua,ჩუა,j j,,,,,čuajšĭ,,,,"**ჩუა** *ჲ ჲ* (ჩუაჲში̆) თავისი სახლი, ბინა (თავისი, შინ)"
ču-d-ocʼar,ჩუ-დ-ოწარ,,,,,,,,,,**ჩუ-დ-ოწარ** გრდმ. იხ. დ-ოწარ
ču-d-ox-d-ar,ჩუ-დ-ოხ-დ-არ,,,,,,,,,,**ჩუ-დ-ოხ-დ-არ** გრდმ. დ-ოხ-დ-არ
ču-d-oxkʼar,ჩუ-დ-ოხკარ,,,,,,,,,,**ჩუ-დ-ოხკარ** გრდმ. იხ. დ-ოხკარ
ču-d-oɁ-d-ar,ჩუ-დ-ოჸ-დ-არ,,,,,,,,,,**ჩუ-დ-ოჸ-დ-არ** გრდმ. შემოყვანა
ču-d-ʕogar,ჩუ-დ-ჵოგარ,,,,,,čatʼexs,,,,**ჩუ-დ-ჵოგარ** გრდმ. ჩატეხა (ჩატეხს)
čuv,ჩუვ,j j,,,,,,,,,"**ჩუვ** *ჲ ჲ* ფაშვი, შიგნეული **ჩუვ ჲაჴარ** გრდმ. შიგნეულის გამოღება, გამოშიგნვა"
čuva,ჩუვა,j j,,,,,,,,,**ჩუვა** *ჲ ჲ* იხ. ჩუა
čuvajhĕ,ჩუვაჲჰე̆,,,,,,,,,,**ჩუვაჲჰე̆** ზმნს. შინისკენ
čujnaren,ჩუჲნარენ,,,,,,,,,,"**ჩუჲნარენ**ბალნიანი, ბეწვიანი"
čujnicʼin,ჩუჲნიწინ,,,,,,,,,,"**ჩუჲნიწინ**უბალნო, უბეწვო"
čujnomplen,ჩუჲნომფლენ,,,,,,uarqʼ. cʼinadadebaši,,,,"**ჩუჲნომფლენ**ბეწვისოდენა, იოტისოდენა; ოდნავაც (უარყ. წინადადებაში)"
čujxi,ჩუჲხი,d,,,,,čuxuj,,,,"**ჩუჲხი** *დ* (ჩუხუჲ) ბატკანი, კრავი"
"čujxuila, čuğuila","ჩუჲხუილა, ჩუღუილა",d,,,,,šipn.,,,,"**ჩუჲხუილა, ჩუღუილა** *დ* შესასვლელი *(შიფნ.)*"
čujħ[ĕ],ჩუჲჰ’[ე̆],,,,,,,,,,**ჩუჲჰ’[ე̆]** შიგნით
čujħaħŏ,ჩუჲჰ’აჰ’ო̆,,,,,,,,,,**ჩუჲჰ’აჰ’ო̆** შიგნიდან
čujħren,ჩუჲჰ’რენ,,,,,,,,,,**ჩუჲჰ’რენ**შიგნითა
čukʼaɁ,ჩუკაჸ,,,,,,upro,,,,**ჩუკაჸ** ზმნს. ცოტათი (უფრო) შიგ
čukʼčukʼ baħar,ჩუკჩუკ ბაჰ’არ,,,,,,"čurčuls gaiğebs, daičurčulebs",,,,"**ჩუკჩუკ ბაჰ’არ** ჩურჩული (ჩურჩულს გაიღებს, დაიჩურჩულებს)"
čukʼčukʼ,ჩუკჩუკ,d,D,,n,,,ჩურჩული,,шепот,**ჩუკჩუკ** *დ* ჩურჩული
čukʼčukʼdar,ჩუკჩუკდარ,,,,,,[u]čurčulebs,,,,**ჩუკჩუკდარ** გრდმ. ჩურჩული ([უ]ჩურჩულებს)
čul,ჩულ,d d,D,GE,n,,cxenis an sxva sakonlis zurgze gadasaparebeli ksovili,ჩული,,попона,**ჩულ** *დ დ* ჩული (ცხენის ან სხვა საქონლის ზურგზე გადასაფარებელი ქსოვილი)
čulabžar,ჩულაბჟარ,,,,,,,,,,**ჩულაბჟარ** იხ. ლაბჟარ
čulabž-d-ar,ჩულაბჟ-დ-არ,,,,,,,,,,**ჩულაბჟ-დ-არ** გრდმ. იხ. ლაბჟ-დარ
"čularɬar, čulerɬar","ჩულარლ’არ, ჩულერლ’არ",,,,,,čaitvleba,,,,"**ჩულარლ’არ, ჩულერლ’არ** გრდუვ. ჩათვლა (ჩაითვლება)"
čularɬujnĭ,ჩულარლ’უჲნი̆,,,,,,,,,,**ჩულარლ’უჲნი̆** მიმღ. ჩასათვლელი
čulačʼqʼ-d-ar,ჩულაჭყ-დ-არ,,,,,,,,,,**ჩულაჭყ-დ-არ** გრდმ. იხ. ლაჭყ-დ-არ
čulax-d-ar,ჩულახ-დ-არ,,,,,,,,,,**ჩულახ-დ-არ** გრდმ. იხ. ლახ-დ-არ
čulaxkʼar,ჩულახკარ,,,,,,šerekʼavs,,,,"**ჩულახკარ** გრდმ. შერეკვა (შერეკავს), ჩარეკვა"
čulaqar,ჩულაჴარ,,,,,,,,,,**ჩულაჴარ** გრდმ. ჩაყოფა
čul-d-alar,ჩულ-დ-ალარ,,,,,,damakʼdeba,,,,**ჩულ-დ-ალარ** გრდუვ. დამაკება (დამაკდება); დაორსულება
čul-d-ar,ჩულ-დ-არ,,,,,,daamakʼebs,,,,**ჩულ-დ-არ** გრდმ. დამაკება (დაამაკებს); დაორსულება
čuletxar,ჩულეთხარ,,,,,,xtʼeba,,,,"**ჩულეთხარ** გრდუვ. 1) ჩახტომა (ხტება) 2) გადატ. შეტანება (ატანს), შეღწევა"
čulin,ჩულინ,,,,,,,,,,**ჩულინ**მაკე; ორსული
čumaxkʼ-d-ar,ჩუმახკ-დ-არ,,,,,,,,,,**ჩუმახკ-დ-არ** გრდმ. იხ. მახკ-დ-არ
čumʕal-d-ar,ჩუმჵალ-დ-არ,,,,,,,,,,**ჩუმჵალ-დ-არ** გრდმ. იხ. მჵალ-დ-არ
čuottar,ჩუოთთარ,,,,,,,,,,**ჩუოთთარ** გრდუვ. იხ. ოთთარ
čuottujla,ჩუოთთუჲლა,,,,,,,,,,"**ჩუოთთუჲლა** დ დ სადგომი, ბინა"
čuocʼ-d-ar,ჩუოწ-დ-არ,,,,,,,,,,**ჩუოწ-დ-არ** გრდმ. იხ. ოწ-დ-არ
čuren,ჩურენ,,,,,,,,,,"**ჩურენ**შინაური, საშინაო"
čurenda[ħ],ჩურენდა[ჰ’],,,,,,,,,,**ჩურენდა[ჰ’]** ზმნს. შიგნიდან
čurč,ჩურჩ,j j,J,GE,n,,,ჩურჩა,,мякоть ягод без косточек,**ჩურჩ** *ჲ ჲ* ჩურჩა
čurčul,ჩურჩულ,d,D,GE,n,,čurčulebs,ჩურჩული,,шептание,"**ჩურჩულ** *დ* ჩურჩული **ჩურჩურდარ** გრდმ. ჩურჩული (ჩურჩულებს), წაჩურჩულება"
čurčxlaɁŏ,ჩურჩხლაჸო̆,b d,B,GE,n,,čurčxlaɁuj,ჩურჩხელა,,чурчхела,**ჩურჩხლაჸო̆** *ბ დ* (ჩურჩხლაჸუჲ) ჩურჩხელა
čustʼ,ჩუსტ,b b,Bb,GE,n,,čustʼi,ჩუსტი (ფეხსაცმელი),slipper,"чуста, род обуви",**ჩუსტ** *ბ ბ* (ჩუსტი) ჩუსტი (ფეხსაცმელი)
čutʼex-d-ottar,ჩუტეხ-დ-ოთთარ,,,,,,,,,,**ჩუტეხ-დ-ოთთარ** გრდმ. იხ. ტეა
čuujll-d-isar,ჩუუჲლლ-დ-ისარ,,,,,,,,,,**ჩუუჲლლ-დ-ისარ** გრდუვ. იხ. უჲლლ-დ-ისარ
čukbad-d-ar,ჩუქბად-დ-არ,,,GE,vt,,ačukebs,ჩუქება (აჩუქებს),,"подарить, дарить",**ჩუქბად-დ-არ** გრდმ. ჩუქება (აჩუქებს)
čukurtm,ჩუქურთმ,,J,GE,n,,čukurtmi,ჩუქურთმა,,резьба,**ჩუქურთმ** ჲ ჲ (ჩუქურთმი) ჩუქურთმა
čukurtmaleⁿ,ჩუქურთმალეჼ,,,,,,,,,,**ჩუქურთმალეჼ** ჩუქურთმიანი
čučʼʕağ-d-ar,ჩუჭჵაღ-დ-არ,,,,,,,,,,**ჩუჭჵაღ-დ-არ** გრდმ. იხ. ჭჵაღ-დ-არ
čuxabžar,ჩუხაბჟარ,,,,,,,,,,**ჩუხაბჟარ** გრდუვ. მრ. იხ. ხაბჟარ
čuxabž-d-ar,ჩუხაბჟ-დ-არ,,,,,,,,,,**ჩუხაბჟ-დ-არ** გრდმ. იხ. ხაბჟ-დ-არ
čuxabžujla,ჩუხაბჟუჲლა,,,,,,,,,,**ჩუხაბჟუჲლა** მრ. იხ. ხაბჟუჲლა
čuxacʼ-d-ujnĭ,ჩუხაწ-დ-უჲნი̆,,,,,,,,,,"**ჩუხაწ-დ-უჲნი̆** მიმღ. შთამაგონებელი, შემგონებელი"
čuxaɁar,ჩუხაჸარ,,,,,,,,,,**ჩუხაჸარ** გრდუვ. იხ. ხაჸარ
čuxetʼar,ჩუხეტარ,,,,,,,,,,**ჩუხეტარ** გრდუვ. ხეტარ
čuxetʼ-d-ar,ჩუხეტ-დ-არ,,,,,,,,,,**ჩუხეტ-დ-არ** გრდმ. იხ. ხეტ-დ-არ
čuxecar,ჩუხეცარ,,,,,,,,,,"**ჩუხეცარ** გრდმ. შეშვება, ჩაშვება"
čuxiɬar,ჩუხილ’არ,,,,,,čaiğuneba,,,,"**ჩუხილ’არ** გრდუვ. ჩაღუნვა (ჩაიღუნება), მოხრა, მოკუზვა"
čuxobž-d-ar,ჩუხობჟ-დ-არ,,,,,,,,,,**ჩუხობჟ-დ-არ** გრდმ. იხ. ხობჟ-დ-არ
čuxopʼtʼar,ჩუხოპტარ,,,,,,šeisrutʼavs,,,,"**ჩუხოპტარ** გრდმ. შესრუტვა (შეისრუტავს), შეისუნთქავს"
čuħ,ჩუჰ’,,,,,,,,,,"**ჩუჰ’** ზმნს. შინ, შიგ"
čuħapʼ-d-ar,ჩუჰ’აპ-დ-არ,,,,,,,,,,**ჩუჰ’აპ-დ-არ** გრდმ. იხ. ჰ’აპ-დ-არ
čuħarčar,ჩუჰ’არჩარ,,,,,,,,,,**ჩუჰ’არჩარ** გრდუვ. იხ. ჰ’არჩარ
čuħarč-d-ar,ჩუჰ’არჩ-დ-არ,,,,,,,,,,**ჩუჰ’არჩ-დ-არ** გრდმ. იხ. ჰ’არჩ-დ-არ
čuħačʼ-d-ar,ჩუჰ’აჭ-დ-არ,,,,,,šegzavnis,,,,**ჩუჰ’აჭ-დ-არ** გრდმ. 1) შეგზავნა (შეგზავნის) 2) ჩახედება (ჩაახედებს)
čuħaqar,ჩუჰ’აჴარ,,,,,,,,,,**ჩუჰ’აჴარ** გრდმ. იხ. ჰ’აჴარ
čuħevar,ჩუჰ’ევარ,,,,,,,,,,**ჩუჰ’ევარ** გრდმ. იხ. ჰ’ევარ
čuħetxar,ჩუჰ’ეთხარ,,,,,,,,,,"**ჩუჰ’ეთხარ** მრ. გრდუვ. ჩარბენა, შერბენა, შეცვივნა"
čuħetʼtʼ-d-ar,ჩუჰ’ეტტ-დ-არ,,,,,,,,,,**ჩუჰ’ეტტ-დ-არ** გრდმ. იხ. ჰ’ეტტ-დ-არ
čuħečʼar,ჩუჰ’ეჭარ,,,,,,ixedeba,,,,**ჩუჰ’ეჭარ** გრდუვ. ჩახედვა (იხედება)
čuħeɁ,ჩუჰ’ეჸ,,,,,,,,,,"**ჩუჰ’ეჸ** შინვე, შიგნითვე"
čuħotʼtʼar,ჩუჰ’ოტტარ,,,,,,,,,,**ჩუჰ’ოტტარ** იხ. ჰ’ოტტარ
čuħotʼtʼ-d-ar,ჩუჰ’ოტტ-დ-არ,,,,,,,,,,**ჩუჰ’ოტტ-დ-არ** გრდმ. იხ. ჰ’ოტტ-დ-არ
čuqosar,ჩუჴოსარ,,,,,,čaisvris,,,,"**ჩუჴოსარ** გრდმ. ჩასროლა (ჩაისვრის), ჩაგდება"
čuqocʼ-d-ar,ჩუჴოწ-დ-არ,,,,,,,,,,**ჩუჴოწ-დ-არ** გრდმ. იხ. ჴოწ-დ-არ
čuʕop-d-alar,ჩუჵოფ-დ-ალარ,,,,,,,,,,**ჩუჵოფ-დ-ალარ** გრდუვ. იხ. ჵოფ-დ-ალარ
čuʕop-d-ar,ჩუჵოფ-დ-არ,,,,,,,,,,**ჩუჵოფ-დ-არ** გრდმ. იხ. ჵოფ-დ-არ
čkap čkapditar,ჩქაფ ჩქაფდითარ,,,,,,ačkapunebs,,,,**ჩქაფ ჩქაფდითარ** გრდმ. ჩქაფუნი (აჩქაფუნებს); ჩქეფა
čkerbad-d-ar,ჩქერბად-დ-არ,,,GE,vt,,ar dazogavs,"არ დაზოგვა (არ დაზოგავს), გამეტება",,"не жалеть, не щадить, пожертвовать чем-нибудь",**ჩქერბად-დ-არ** გრდმ. არ დაზოგვა (არ დაზოგავს) გამეტება
čxabad-d-ar,ჩხაბად-დ-არ,,,GE,vt,,,ჯღაბნა,"scrawl, scribble",писать каракулями,**ჩხაბად-დ-არ** გრდმ. ჯღაბნა
čxamčxam,ჩხამჩხამ,b d,B,,n,,,"საკნატელა, საკნატუნებელი","cartilage, gristle",хрящ,"**ჩხამჩხამ** *ბ დ* საკნატელა, საკნატუნებელი"
čxarbi,ჩხარბი,,,,n,,,,,,**ჩხარბი** მრ. იხ. ჩხირ
čxarčxar,ჩხარჩხარ,d,D,GE,n,,,"ჩხარუნი, ჩხრიალი",,"бренчание, журчание","**ჩხარჩხარ** *დ* ჩხარუნი, ჩხრიალი"
čxarčxar,ჩხარჩხარ,,D,GE,n,,čxrialebs,"ჩხარუნი, ჩხრიალი",,"бренчание, журчание",**ჩხარჩხარ** დარ გრდმ. ჩხრიალი (ჩხრიალებს)
čxarčxarajnŏ,ჩხარჩხარაჲნო̆,,,,,,,,,,"**ჩხარჩხარაჲნო̆** ზმნს. ჩხარუნით, ჩხრიალით"
čxatʼbi1,ჩხატბი1,,,,n,,,,,,**ჩხატბი1**მრ. იხ. ჩხუტ
čxatʼbi,ჩხატბი,,,,,,,,,,**ჩხატბი**2 მრ. იხ. ჩხოტ
čxikʼ,ჩხიკ,d,D,,n,,,,,,**ჩხიკ** *დ* იხ. ჩხრიკ[ვ]
čxindur,ჩხინდურ,d d,D,,n,, čxindri,წინდა,"sock, stocking",носок,**ჩხინდურ**  *დ დ* ( ჩხინდრი) წინდა
čxintʼ,ჩხინტ,j,J,GE,n,,mciredi simsukne,ჩხინტი,,жир в небольшом количестве,**ჩხინტ** *ჲ* ჩხინტი *(მცირედი სიმსუქნე)*
čxintʼcʼin,ჩხინტწინ,,,,,,,,,,**ჩხინტწინ**უჩხინტო
čxir,ჩხირ,b d,B,GE,n,,čxarbi; čxireⁿ,ჩხირი,"stick, twig",маленькая палочка,**ჩხირ** *ბ დ* (ჩხარბი; ჩხირეჼ) ჩხირი
čxotʼ,ჩხოტ,b d,B,,n,,čxatʼbi; čxotʼeⁿ,ჩანჩქერი,waterfall,водопад,**ჩხოტ** *ბ დ* (ჩხატბი; ჩხოტეჼ) ჩანჩქერი
čxrikʼ[v],ჩხრიკ[ვ],d d,,,,,čxrikʼvi,,,,**ჩხრიკ[ვ]** *დ დ* (ჩხრიკვი) ჩხიკვი
čxutʼ,ჩხუტ,b d,B,GE,n,,čxatʼbi; čxutʼeⁿ,"ჩხუტი, სადღვები (კოდი)",,кадка для отбивания масла,"**ჩხუტ** *ბ დ* (ჩხატბი; ჩხუტეჼ) ჩხუტი, სადღვები (კოდი)"
čħog,ჩჰ’ოგ,d,D,,n,,"gazelili axali qʼveli marilit šezavebuli, kumels atʼanen","ჩოგი, მოთალი",,сорт свежего сыра,"**ჩჰ’ოგ** *დ* ჩოგი, მოთალი *(გაზელილი ახალი ყველი მარილით შეზავებული, ქუმელს ატანენ)*"
ca,ცა,,,,,,cajⁿ,,,,**ცა** (ცაჲჼ) სასა (ცხოველისა) *(ალირ.)*
cad-d-alar,ცად-დ-ალარ,,,GE,vi,,cdilobs,ცდილობა (ცდილობს),,"стараться, пытаться",**ცად-დ-ალარ** გრდუვ. 1. ცდილობდა (ცდილობს)
cad-d-ar,ცად-დ-არ,,,,,,dacdis,,,,**ცად-დ-არ** გრდმ. დაცდა (დაცდის); გამოცდა (გამოსცდის)
cadlarikʼ,ცადლარიკ,,,,ptcp,,,"ბეჯითი, მუყაითი",,"старательный, прилежный","**ცადლარიკ** ბეჯითი, მუყაითი"
cal,ცალ,d d,D,GE,n,,,"ცალი, ცხენზე ორივე მხარეს გადასაკიდი შეკრული ბარგის ერთი მხარე",,"один из мешков, вешаемых с обеих сторон лощади, осла и т. д.","**ცალ** *დ დ* ცალი, ცხენზე ორივე მხარეს გადასაკიდი შეკრული ბარგის ერთი მხარე"
caldajla,ცალდაჲლა,d d,,,,,,,,,"**ცალდაჲლა** *დ დ* 1. ცდა, მცდელობა 2. გამოსაცდელი ადგილი"
carkʼ,ცარკ,j j,J,,n,,carkʼi; carkʼaⁿ,რთული ფუძის ან შესიტყვების შემადგენელი ნაწილი,,,"**ცარკ** *ჲ ჲ* (ცარკი; ცარკაჼ) 1. კბილი 2. რთული ფუძის ან შესიტყვების შემადგენელი ნაწილი **ცარკაჼ დითხი** *დ დ* ღრძილი **ცარკ ჲაალარ** გრდუვ. კბილის ამოსვლა **ცარკ ჲალ’არ, ცარკ თელ’არ** გრდმ. კბენა **ცარკთელ’ინო̆** მიმღ. დაკბენილი **ცარკი ყეჭჲიარ** გრდმ. კბილების ჩენა (კბილებს აჩენს), კბილების კრეჭა **ცარკი ჲეთთითარ** გრდმ. კბილის კბილზე ცემინება (კბილს კბილზე აცემინებს) **ცარკ ოთთჲარ** გრდმ. 1) კბილის დასობა (კბილს [და]ასობს) 2) კრიჭაში ჩადგომა, ქიშპობა **ცარკეხ დ-ეყარ** გრდმ. კბილზე გაყოფა, ე.ი. სულზე გაყოფა"
carkʼaⁿ ditx,ცარკაჼ დითხ,,,,,,carkʼaⁿ ditxuj,,,,**ცარკაჼ დითხ** (ცარკაჼ დითხუჲ) ღრძილი *(ალირ.)*
carkʼaⁿ xi,ცარკაჼ ხი,,,,,,kʼontʼekstʼis mixedvit,,,,**ცარკაჼ ხი** ნერწყვი (კონტექსტის მიხედვით) *(ქადაგიძ.)*
carkʼteɬrikʼ,ცარკთელ’რიკ,,,,,,,,,,"**ცარკთელ’რიკ** მკბენარა, კბენია"
carkʼicʼiⁿ,ცარკიწიჼ,,,,,,,,,,**ცარკიწიჼ** უკბილო
carkʼjajlno,ცარკჲაჲლნო,d d,,,,,,,,,**ცარკჲაჲლნო** *დ დ* ნაკბენი ადგილი
cac,ცაც,b d,B,,n,,caci; caceⁿ,საცერი,,сить,**ცაც** *ბ დ* (ცაცი; ცაცეჼ) საცერი
cel,ცელ,b d,B,GE,n,,celi; celeⁿ,ცელი,scythe,коса,**ცელ** *ბ დ* (ცელი; ცელეჼ) ცელი
celun,ცელუნ,,,,,,,,,,**ცელუნ**წლევანდელი
cenex,ცენეხ,,,,adv,,,წლეულს,,"в этом году, в нынешнем году",**ცენეხ** ზმნს. წლეულს
cer,ცერ,j j,,,,,cereⁿ,,,,"**ცერ** *ჲ ჲ* (ცერეჼ) ნაპირი; კიდე **ცერე[ჰ’], ცერა[ჰ’]** ზმნს. ნაპირას, განაპირში **ცერე[ჰ’] დ-ითარ** გრდმ. 1) ნაპირზე, კიდეზე დატოვება 2) გადატ. განზე დატოვება **ცერახ** ზმნს. ნაპირას, განაპირა ადგილებში **ცერ(ე̆)** ზმნს. ნაპირს **ცერ დ-აჴარ, ცერ დ-ახარ** გრდმ. 1) ნაპირზე, განზე გაყვანა 2) გათავება ([გა]ათავებს), დამთავრება **ცერ დ-ალ’არ** გრდუვ. გათავება, დასრულება, ნაპირს გასვლა **ცერ დ-ეხარ** გრდმ. განზე გაწვევა (გაიწვევს), გამოწვევა"
cerleⁿ,ცერლეჼ,,,,,,,,,,**ცერლეჼ** განაპირა
cexod-d-ar,ცეხოდ-დ-არ,,,GE,vt,,,ცეხვა,flail,молотить,**ცეხოდ-დ-არ** გრდმ. ცეხვა
cvedaⁿ,ცვედაჼ,,,GE,a,,,ცვედანი,,импотент,**ცვედაჼ**  ცვედანი
cil1,ცილ1,j j,J,GE,n,,cileⁿ,ცილა,,белок,**ცილ1** *ჲ ჲ* (ცილეჼ) ცილა
cil2,ცილ2,,,GE,n,,viszedac ečʼvi miitʼanes,ცილი,,клевета,"**ცილ2** ცილი **ცილბავბარ** გრდმ. ეჭვის აღება, ეჭვის მიანა; **ეჭვიანობა ცილ ბილლბაჲლნო̆** ბრალდებული, ეჭვმიტანილი (ვისზედაც ეჭვი მიიტანეს) **ცილცობილლლაჲნი̆** მიმღ. უეჭველი, უცილობელი"
cilbad-d-alar,ცილბად-დ-ალარ,,,GE,vi,,ecileba,შეცილება (ეცილება),,оспаривать,**ცილბად-დ-ალარ** გრდუვ. შეცილება (ეცილება)
cilbalajnĭ,ცილბალაჲნი̆,,,,,,,,,,"**ცილბალაჲნი̆** მიმღ. მოცილე, მოდავე"
cimcim,ციმციმ,,,GE,v,,,ციმციმი,,"струиться, сверкать",**ციმციმ** ციმციმი
=ciⁿ,=ციჼ,,,,aff,,,=თან,"near, with","с, к",**=ციჼ** ლოკატ. ბრ.
ciskʼrul,ცისკრულ,b,,,n,,,ცისკრის ამოსვლა,,"восходить (о Венере), рассветать, просветляться","**ცისკრულ** *ბ* იგივეა, რაც სისკრულ"
cisper,ცისფერ,,,GE,a,,,ცისფერი,,голубой,**ცისფერ** ცისფერი
ciqʼv,ციყვ,d d,D,GE,n,,ciqʼvi; ciqʼveⁿ,ციყვი,,белка,**ციყვ**  *დ დ* (ციყვი; ციყვეჼ) ციყვი
cicaɁŏ,ციცაჸო̆,d d,D,,n,,cicaɁuj; cicujⁿ,მწერი,insect,насекомое,**ციცაჸო̆** *დ დ* (ციცაჸუჲ; ციცუჲჼ) მწერი
cix,ციხ,j j,J,GE,n,,cixi; cixeⁿ,ციხე,,"крепость, тюрьма",**ციხ** *ჲ ჲ* (ციხი; ციხეჼ) ციხე
cixe bʕo,ციხე ბჵო,,,,,,šipn.,,,,**ციხე ბჵო** გარნიზონი *(შიფნ.)*
co d-eqʼlaiⁿ,ცო დ-ეყლაიჼ,,,,,,šipn.,,,,"**ცო დ-ეყლაიჼ** განუყოფელი, რაც არ იყოფა *(შიფნ.)*"
co diclaiⁿ,ცო დიცლაიჼ,,,,,,šipn.,,,,**ცო დიცლაიჼ** დაუვიწყარი *(შიფნ.)*
co,ცო,,,,,,,,,,"**ცო** უარყოფითი ნაწილაკი, იხმარება ზმნასთან"
co=,ცო=,,,,,,,,,,**ცო=** უარყოფითი თავსართი
coağaz-d-ajnĭ,ცოაღაზ-დ-აჲნი̆,,,,,,,,,,"**ცოაღაზ-დ-აჲნი̆** მიმღ. გამოუსადეგარი, მოუხმარებელი"
coağazlajnĭ,ცოაღაზლაჲნი̆,,,,,,,,,,**ცოაღაზლაჲნი̆** მიმღ. იხ. ცოაღაზ-დ-აჲნი̆
coaɬlajnĭ,ცოალ’ლაჲნი̆,,,,,,,,,,"**ცოალ’ლაჲნი̆** მიმღ. უთქმელი, გაუგონარი, ენით გამოუთქმელი"
cogeɁ,ცოგეჸ,,,,,,,,,,"**ცოგეჸ** კავშ. თუ, ვინცობაა"
cogujnĭ,ცოგუჲნი̆,,,,,,,,,,"**ცოგუჲნი̆** მიმღ. უჩინარი, არ დასანახავი"
codaginŏ,ცოდაგინო̆,,,,,,,,,,"**ცოდაგინო̆** მიმღ. უნახავი, არნახული"
codakʼlavar,ცოდაკლავარ,,,,,,,,,,"**ცოდაკლავარ** დაუფიქრებლობა, მოუფიქრებლობა"
codar,ცოდარ,,,,,,,,,,"**ცოდარ** უარის ქნა, უარი"
co-d-astʼujnĭ,ცო-დ-ასტუჲნი̆,,,,,,,,,,"**ცო-დ-ასტუჲნი̆** მიმღ. მოუშორებელი, ჭირვეული ადამიანი; გაუქარვებელი"
codaqʼar,ცოდაყარ,d,,,,,,,,,"**ცოდაყარ** *დ* არ ჭამა, უჭმელობა"
co-d-ettlaš,ცო-დ-ეთთლაშ,,,,,,,,,,"**ცო-დ-ეთთლაშ** ზმნს. წყნარად, უშფოთველად"
co-d-ettlajnĭ,ცო-დ-ეთთლაჲნი̆,,,,,,,,,,"**ცო-დ-ეთთლაჲნი̆** მიმღ. უშფოთველი, მშვიდი, წყნარი"
codetxijenŏ,ცოდეთხიჲენო̆,,,,,,,,,,**ცოდეთხიჲენო̆** მიმღ. დაუტირებელი
co-d-ecʼlajnĭ,ცო-დ-ეწლაჲნი̆,,,,,,,,,,"**ცო-დ-ეწლაჲნი̆** მიმღ. არასანდომიანი, უამური, არასასურველი"
codecʼujnĭ,ცოდეწუჲნი̆,,,,,,,,,,"**ცოდეწუჲნი̆** მიმღ. 1. უვსები 2. უძღები, გაუმაძღარი"
co-d-ijenŏ,ცო-დ-იჲენო̆,,,,,,,,,,**ცო-დ-იჲენო̆** მიმღ. უშობელი
co-d-ocʼlaš,ცო-დ-ოწლაშ,,,,,,,,,,"**ცო-დ-ოწლაშ** ზმნს. მოკლედ, გამოკიდების გარეშე"
co-d-oɬmakʼinĭ,ცო-დ-ოლ’მაკინი̆,,,,,,,,,,"**ცო-დ-ოლ’მაკინი̆** მიმღ. ვისაც შეგუება, შეთვისება არ შეუძლია, შეუგუებელი"
co-d-ucʼmakʼinĭ,ცო-დ-უწმაკინი̆,,,,,,,,,,"**ცო-დ-უწმაკინი̆** მიმღ. ვინც ვერ ძღება, გაუმაძღარი"
co-d-ucʼujnĭ,ცო-დ-უწუჲნი̆,,,,,,,,,,"**ცო-დ-უწუჲნი̆** მიმღ. გაუმაძღარი, ვინც არ ძღება"
co-d-ʕiɁar,ცო-დ-ჵიჸარ,,,,,,,,,,"**ცო-დ-ჵიჸარ** არ დარჩენა, არ დადგომა, არ დაწყნარება; მოუსვენრობა"
co-d-ʕiɁujnĭ,ცო-დ-ჵიჸუჲნი̆,,,,,,,,,,"**ცო-დ-ჵიჸუჲნი̆** მიმღ. დაუდეგარი, მოუსვენარი, ცელქი"
co-d-ʕoglajnĭ,ცო-დ-ჵოგლაჲნი̆,,,,,,,,,,"**ცო-დ-ჵოგლაჲნი̆** მიმღ. გაუტეხელი, მტკიცე, რაც არ ტყდება, მოუდრეკელი, ჯიუტი, შეუპოვარი"
co-d-ʕoglajnŏ,ცო-დ-ჵოგლაჲნო̆,,,,,,,,,,**ცო-დ-ჵოგლაჲნო̆** იხ. ცო-დ-ჵოგლაჲნი̆
covadarlajnĭ,ცოვადარლაჲნი̆,,,,,,,,,,"**ცოვადარლაჲნი̆** მიმღ. მშვიდი, უწყინარი, ლმობიერი"
"cotaginĭ, cotagujnĭ","ცოთაგინი̆, ცოთაგუჲნი̆",,,,,,,,,,"**ცოთაგინი̆, ცოთაგუჲნი̆** მიმღ. რაც არ უხდება, შეუფერებელი"
cotaglajnĭ,ცოთაგლაჲნი̆,,,,,,,,,,"**ცოთაგლაჲნი̆** მიმღ. ის, რაც არ გაკეთდება; შეუძლებელი"
cotarɬlajnĭ,ცოთარლ’ლაჲნი̆,,,,,,,,,,"**ცოთარლ’ლაჲნი̆** მიმღ. შეუთვისებელი, შეუგუებელი, უხასიათო"
cotegmakʼar,ცოთეგმაკარ,d,,,,,,,,,**ცოთეგმაკარ** *დ* მოურიგებლობა
cotegmakʼinĭ,ცოთეგმაკინი̆,,,,,,,,,,"**ცოთეგმაკინი̆** მიმღ. ის, ვინც ვერ ურიგდება, შეურიგებელი"
coteplinĭ,ცოთეფლინი̆,,,,,,,,,,"**ცოთეფლინი̆** რაც, ვინც არ აცდენს; შეუცდომელი, აუცდენელი"
cotešar,ცოთეშარ,,,,,,,,,,"**ცოთეშარ** არ დაჯერება; არ ნდობა, უნდობლობა"
cotešinĭ,ცოთეშინი̆,,,,,,,,,,"**ცოთეშინი̆** მიმღ. არდამჯერი, მიუნდობელი"
cotivar,ცოთივარ,,,,,,,,,,"**ცოთივარ** არდასვენება, არ მოსვენება"
cotivujnĭ,ცოთივუჲნი̆,,,,,,,,,,"**ცოთივუჲნი̆** მიმღ. მოუსვენარი, ცელქი"
cotiɬujnĭ,ცოთილ’უჲნი̆,,,,,,,,,,"**ცოთილ’უჲნი̆** მიმღ. არ ასაცდენი, გარდაუვალი, აუცლებელი, აუცდენელი"
cokʼal,ცოკალ,d d,D,,n,,cokʼli,მელა,fox,"лиса, лисица",**ცოკალ** *დ დ* (ცოკლი) მელა
colajnĭ,ცოლაჲნი̆,,,,,,,,,,**ცოლაჲნი̆** მიმღ. უკვდავი
colellajnĭ,ცოლელლაჲნი̆,,,,,,,,,,"**ცოლელლაჲნი̆** მიმღ. უვალი, გაუვალი"
colepsinĭ,ცოლეფსინი̆,,,,,,,,,,**ცოლეფსინი̆** მიმღ. უშრობი
com1,ცომ1,,,,pro neg,,,უარქ. ნაცვალსახ.; რთული ფუძის შემადგენელი ნაწილი,,,**ცომ1** 1. უარყ. ნაცვალსახ. არაფერი 2. რთული ფუძის შემადგენელი ნაწილი
com2,ცომ2,b d,B,GE,n,,,ცომი,dough,,**ცომ2** *ბ დ* იხ. ბოტ
comattxiⁿ,ცომათთხიჼ,,,,,,,,,,"**ცომათთხიჼ** 1. ადგილობრივი 2. გადატ. უადგილო, შეუფერებელი"
comakʼar,ცომაკარ,,,,,,,,,,"**ცომაკარ** ვერ შეძლება; შეუძლოს ყოფნა, უქეიფოდ ყოფნა"
"comačʼ, comčʼ","ცომაჭ, ცომჭ",,,,,,,,,,"**ცომაჭ, ცომჭ** ჭ ნაწილაკდართული ცომ"
comgeɁ,ცომგეჸ,,,,,,,,,,**ცომგეჸ** გეჸ ნაწილაკდართული ცომ
comdaqʼinĭ,ცომდაყინი̆,,,,,,,,,,"**ცომდაყინი̆** მიმღ. უდარდელი, არაფრის მონაღვლე, უანგარიშო, ანგარიშმიუცემელი"
comdajnĭ,ცომდაჲნი̆,,,,,,,,,,"**ცომდაჲნი̆** არაფრის მქონე, ღატაკი, უქონელი"
comena,ცომენა,,,,pro neg,,,არავინ,nobody,никто,**ცომენა** უარყ. ნაცვალს. არავინ
"comiče, comiča","ცომიჩე, ცომიჩა",,,,,,,,,,"**ცომიჩე, ცომიჩა** ზმნს. არსად"
comičrenda[ħ],ცომიჩრენდა[ჰ’],,,,,,,,,,**ცომიჩრენდა[ჰ’]** უარყ. ზმნს. არსაიდან
comičħe,ცომიჩჰ’ე,,,,,,,,,,"**ცომიჩჰ’ე** უარყ. ზმნს. არსად, ვერსად"
comlaħdajlnŏ,ცომლაჰ’დაჲლნო̆,,,,,,,,,,"**ცომლაჰ’დაჲლნო̆** მიმღ. პატიოსანი, უბიწო, უმწიკვლო"
comotteš,ცომოთთეშ,,,,,,,,,,**ცომოთთეშ** მოულოდნელად
comottinĭ,ცომოთთინი̆,,,,,,,,,,"**ცომოთთინი̆** მიმღ. მოულოდნელი, წარმოუდგენელი"
comtʼalambar,ცომტალამბარ,,,,,,,,,,"**ცომტალამბარ** უდარდელობა, უზრუნველობა; უყურადღებობა"
comtʼalambujnĭ,ცომტალამბუჲნი̆,,,,,,,,,,**ცომტალამბუჲნი̆** მიმღ. უდარდელი
comšabala,ცომშაბალა,,,,,,ekspʼ.,,,,**ცომშაბალა** არაუშავს *(ექსპ.)*
comc,ცომც,,,,,,,,,,"**ცომც** ზმნს. არამც, არამც და არამც"
comcgeɁ,ცომცგეჸ,,,,,,,,,,**ცომცგეჸ** ზმნს. გეჸ ნაწილაკდართული ცომც
comqetinĭ,ცომჴეთინი̆,,,,,,,,,,"**ცომჴეთინი̆** მიმღ. არაფრის მცოდნე, უვიცი"
coottuš,ცოოთთუშ,,,,,,,,,,"**ცოოთთუშ** შეუჩერებლივ, დაუდგომლად"
cor,ცორ,b d,B,GE,n,,corni; coreⁿ,"წვეთი, ცვარი",,"росинка, капля","**ცორ** *ბ დ* (ცორნი; ცორეჼ) წვეთი, ცვარი"
cornaleⁿ,ცორნალეჼ,,,,,,,,,,**ცორნალეჼ**  ცვრიანი
corca-d-ar,ცორცა-დ-არ,,,,,,ʒarcvavs,,,,**ცორცა-დ-არ** გრდმ. ძარცვა (ძარცვავს)
costʼeni,ცოსტენი,,,,,,,,,,"**ცოსტენი** უილაჯო, უუნარო, არაფრის მაქნისი"
costʼeniⁿ,ცოსტენიჼ,,,,,,madlobis sapʼasuxod,,,,"**ცოსტენიჼ** არაფრის, არაფერს (მადლობის საპასუხოდ) *(ექსპ.)*"
cop,ცოფ,j,J,GE,n,,,ცოფი,,бешенство,**ცოფ** *ჲ* ცოფი
cokeseš,ცოქესეშ,,,,,,,,,,**ცოქესეშ** ზმნს. გაურჯელად
cokor-d-ar,ცოქორ-დ-არ,,,,,,ar išovnis,,,,**ცოქორ-დ-არ** გრდმ. არ შოვნა (არ იშოვნის)
cokorlajnĭ,ცოქორლაჲნი̆,,,,,,,,,,"**ცოქორლაჲნი̆** მიმღ. ის, რაც არ იშოვება, უშოვარი"
coğaldijenŏ,ცოღალდიჲენო̆,,,,,,,,,,"**ცოღალდიჲენო̆** მიმღ. გამოუყენებელი, უხეირო"
coqʼastʼlajnĭ,ცოყასტლაჲნი̆,,,,,,,,,,"**ცოყასტლაჲნი̆** მიმღ. განუმეორებელი, მოუშორებელი"
coqʼeglajnĭ,ცოყეგლაჲნი̆,,,,,,,,,,"**ცოყეგლაჲნი̆** მიმღ. რაც არ ტყდება, უტეხელი; მტკიცე; უეყევი, უდრეკი"
coqʼepʼqʼlajnĭ,ცოყეპყლაჲნი̆,,,,,,,,,,"**ცოყეპყლაჲნი̆** მიმღ. არ მოსათმენი, არ ასატანი, მოუთმენელი, აუტანელი"
cočʼirxetinĭ,ცოჭირხეთინი̆,,,,,,,,,,"**ცოჭირხეთინი̆** მიმღ. დაუზარებელი, ბეჯითი"
coxatʼtʼar,ცოხატტარ,,,,,,,,,,"**ცოხატტარ** არ კითხვა, დაუკითხველობა"
coxatʼtʼoš,ცოხატტოშ,,,,,,,,,,**ცოხატტოშ** უკითხავად
coxacʼar,ცოხაწარ,,,,,,,,,,"**ცოხაწარ** არ გაგონება, შეუგნებლობა"
coxacʼinĭ,ცოხაწინი̆,,,,,,,,,,"**ცოხაწინი̆** მიმღ. შეუგნებელი, გაუგებარი"
coxacʼlajnĭ,ცოხაწლაჲნი̆,,,,,,,,,,**ცოხაწლაჲნი̆** მიმღ. გაუგონარი; სამარცხვინო
coxnad-d-ar,ცოხნად-დ-არ,,,GE,vt,,coxnis,ცოხნა (ცოხნის),"ruminate, chew",жевать жвачку,**ცოხნად-დ-არ** გრდმ. ცოხნა (ცოხნის)
coxnalajnĭ,ცოხნალაჲნი̆,,,,,,,,,,**ცოხნალაჲნი̆** მიმღ. მცოხნელი
coħablajnĭ,ცოჰ’აბლაჲნი̆,,,,,,,,,,"**ცოჰ’აბლაჲნი̆** მიმღ. არასახსენებელი, სასირცხვო, სამარცხვინო"
coħambalajnĭ,ცოჰ’ამბალაჲნი̆,,,,,,,,,,"**ცოჰ’ამბალაჲნი̆** მიმღ. უამური, უსიამოვნო, არასასიამოვნო"
coħana,ცოჰ’ანა,,,,,,,,,,**ცოჰ’ანა** იხ. ცომენა
coħačʼuš,ცოჰ’აჭუშ,,,,,,,,,,"**ცოჰ’აჭუშ** ზმნს. მიუხედავად, ულაპარაკოდ"
"coħĕ, coħekʼ, coħekʼaɁ","ცოჰ’ე̆, ცოჰ’ეკ, ცოჰ’ეკაჸ",,,,,,,,,,"**ცოჰ’ე̆, ცოჰ’ეკ, ცოჰ’ეკაჸ** კავშ. თორემ"
cojaxoš,ცოჲახოშ,,,,,,,,,,**ცოჲახოშ** ზმნს. მოუთმენლად
cojaxujnĭ,ცოჲახუჲნი̆,,,,,,,,,,"**ცოჲახუჲნი̆** მიმღ. მოუთმენელი, არ დამთმობი"
coqačlajnĭ,ცოჴაჩლაჲნი̆,,,,,,,,,,"**ცოჴაჩლაჲნი̆** მიმღ. გაუთავებელი, დაუსრულებელი, ულეველი"
coqetmakʼar,ცოჴეთმაკარ,,,,,,,,,,"**ცოჴეთმაკარ** არ მიხვედრა, ვერ მიხვედრა, მიუხვედრელობა"
coqetmakʼinĭ,ცოჴეთმაკინი̆,,,,,,,,,,**ცოჴეთმაკინი̆** მიმღ. მიუხვედრელი
coqerɬar,ცოჴერლ’არ,,,,,,,,,,**ცოჴერლ’არ** უშიშრობა
coqeɁinĭ,ცოჴეჸინი̆,,,,,,"sadac vinme, rame ar moxvdeba",,,,"**ცოჴეჸინი̆** მიმღ. 1. გაუვალი, უხვედრი (სადაც ვინმე, რამე არ მოხვდება) 2. არ გადამდები"
coquɁdujnĭ,ცოჴუჸდუჲნი̆,,,,,,,,,,"**ცოჴუჸდუჲნი̆** მიმღ. არამომჭირნე, [და]უზოგველი"
criatʼ,ცრიატ,d d,D,GE,n,,,ცრიატი,,"пасмурный, холодно - влажный (день...)",**ცრიატ** *დ დ* ცრიატი
cruv,ცრუვ,,,,n,,,"ამაყი, თავმომწონე, ყოყლოჩინა; კოპწია, პრანჭია","show-off, proud person, conceited person, smug person; pretty person, coquette person","тот, кто любит показывать себя, кичиться собой, петушиться","**ცრუვ** ამაყი, თავმომწონე, ყოყლოჩინა; კოპწია, პრანჭია"
cu,ცუ,b d,B,,n,,,"ქუმელი, ხალი",roasted wheat flour,толокно,"**ცუ** *ბ დ* ქუმელი, ხალი "
cuapušlikʼ,ცუაფუშლიკ,,,,,,,,,,"**ცუაფუშლიკ** არამატყუარა, უეშმაკო"
cunar-d-ar,ცუნარ-დ-არ,,,,vt,,,"შესქელება, ფქვილით ცომის გამაგრება",,"делать более сухим, крутым (тесто...)","**ცუნარ-დ-არ** გრდმ. შესქელება, ფქვილით ცომის გამაგრება"
curbad-d-alar,ცურბად-დ-ალარ,,,GE,vi,,curaobs,ცურაობა (ცურაობს),,"плыть, плавать",**ცურბად-დ-ალარ** გრდუვ. ცურაობა (ცურაობს)
curi:,ცური:,,,,,,"gacuravs, ciravs",,,,"**ცური:** ცური ჰ’აჴარ, ცური ჰ’აჴარ გრდმ. გაცურვა (გაცურავს, ცირავს); მოსმა (მოუსვამს, უსვამს)"
cujnĭ,ცუჲნი̆,,,,ptcp,,,მშრალი,,рыхлый,**ცუჲნი̆** მიმღ. მშრალი
cujpeⁿ,ცუჲფეჼ,,,GE,a,,,ცოფიანი,,бешеный,**ცუჲფეჼ** ცოფიანი
ckap,ცქაფ,,,GE,a,,,"ცქაფი, ცქვიტი, მარდი",,"шустрый, резвый, проворный","**ცქაფ** ცქაფი, ცქვიტი, მარდი"
ckentʼad-d-ar,ცქენტად-დ-არ,,,,,,čamocʼkʼentʼs,,,,**ცქენტად-დ-არ** გრდმ. ჩამოწკენტა (ჩამოწკენტს)
cxav,ცხავ,b d,B,GE,n,,,ცხვარი,,"решето, грохот",**ცხავ** *ბ დ* ცხავი
cxoneb,ცხონებ,j,J,GE,n,,,ცხონება,,спасение души,**ცხონებ** *ჲ* ცხონება
cxril,ცხრილ,b d,B,GE,n,,cxrili; cxrileⁿ,ცხრილი ცხავი,,"решето (для прочистки пшеницы, ячменя)","**ცხრილ** *ბ დ* (ცხრილი; ცხრილეჼ) ცხრილი, ცხავი"
cxrilod-d-ar,ცხრილოდ-დ-არ,,,GE,vt,,cxrilavs,ცხრილვა (ცხრილავს),"sieve, riddle",пропускать через решето,**ცხრილოდ-დ-არ** გრდმ. ცხრილვა (ცხრილავს)
"=cĭ, = icĭ, =jcĭ","=ცი̆, = იცი̆, =ჲცი̆",,,,,,zustʼad ar itargmneba,,,,"**=ცი̆, = იცი̆, =ჲცი̆** ზმნს. დადასტურებითი ნაწილაკი (ზუსტად არ ითარგმნება)"
cħa,ცჰ’ა,,,,adv,num,"msazğvrelad qʼvela brunvaši, garda saxelobitisa, ixmareba cħajnĭ puʒe",,,,"**ცჰ’ა** 1. (მსაზღვრელად ყველა ბრუნვაში, გარდა სახელობითისა, იხმარება ცჰ’აჲნი̆ ფუძე) 2. შორისდ. ერთი"
cħa vunax,ცჰ’ა ვუნახ,,,,,,,,,,**ცჰ’ა ვუნახ** ერთი რამე
cħa[n]ğ,ცჰ’ა[ნ]ღ,,,,,,,,,,**ცჰ’ა[ნ]ღ** ზმნს. ერთად
cħaveⁿ,ცჰ’ავეჼ,,,,,,,,,,"**ცჰ’ავეჼ** 1. მარტო, მარტოხელა, მხოლოდ ერთი 2. ზმნს. მარტო"
cħavol,ცჰ’ავოლ,j,,,,,,,,,**ცჰ’ავოლ** *ჲ* მარტოობა
cħatxeliⁿ,ცჰ’ათხელიჼ,,,,,,,,,,"**ცჰ’ათხელიჼ** ცალპირი, ცალკეცი, ერთწვერი"
cħain xanluⁿ,ცჰ’აინ ხანლუჼ,,,,,,,,,,"**ცჰ’აინ ხანლუჼ** ერთი ხნისა, ტოლსწორი"
cħaitʼtʼ,ცჰ’აიტტ,,,,,,,,,,**ცჰ’აიტტ** თერთმეტი
cħaitʼtʼlğeⁿ,ცჰ’აიტტლღეჼ,,,,,,,,,,"**ცჰ’აიტტლღეჼ** მეთერთმეტე, მეთერთმეტედი"
cħajn ħačʼreⁿ,ცჰ’აჲნ ჰ’აჭრეჼ,,,,,, ertmanetis,,,,**ცჰ’აჲნ ჰ’აჭრეჼ** 1) ( ერთმანეთის) მსგავსი 2) ერთი შეხედულებისა
"cħajn, cħajnĭ","ცჰ’აჲნ, ცჰ’აჲნი̆",,,,,,garda saxelobitisa,,,,"**ცჰ’აჲნ, ცჰ’აჲნი̆** 1. მსაზღვრელის ფორმა (გარდა სახელობითისა) ერთი 2. რთული ფუძის ან შესიტყვების შემადგენელი ნაწილი"
cħajnbasliⁿ,ცჰ’აჲნბასლიჼ,,,,,,,,,,**ცჰ’აჲნბასლიჼ** ერთი ფერისა
cħajnbakev,ცჰ’აჲნბაქევ,,,,,,,,,,"**ცჰ’აჲნბაქევ** ზმნს. ერთი პირით, თანხმობით"
cħajnbʕarkʼliⁿ,ცჰ’აჲნბჵარკლიჼ,,,,,,,,,,**ცჰ’აჲნბჵარკლიჼ** ცალთვალა
cħajndagreⁿ,ცჰ’აჲნდაგრეჼ,,,,,,,,,,"**ცჰ’აჲნდაგრეჼ** ერთნაირი, ერთნაირი შესახედაობისა"
cħajnditxoⁿ,ცჰ’აჲნდითხოჼ,,,,,,erti xorcisa,,,,**ცჰ’აჲნდითხოჼ** ნათესავი (ერთი ხორცისა)
cħajnnaqʼiⁿ,ცჰ’აჲნნაყიჼ,,,,,,,,,,"**ცჰ’აჲნნაყიჼ** ერთი გზისა, თანამგზავრი, თანამავალი"
cħajnnajrat,ცჰ’აჲნნაჲრათ,,,,,,,,,,**ცჰ’აჲნნაჲრათ** ზმნს. ერთნაირად
cħajntʼotʼliⁿ,ცჰ’აჲნტოტლიჼ,,,,,,,,,,**ცჰ’აჲნტოტლიჼ** ცალხელა; ერთტოტიანი
cħajnpenivħ,ცჰ’აჲნფენივჰ’,,,,,,,,,,"**ცჰ’აჲნფენივჰ’** ერთი მხრით, ერთ მხარეს"
cħajnkokʼliⁿ,ცჰ’აჲნქოკლიჼ,,,,,,,,,,**ცჰ’აჲნქოკლიჼ** ცალფეხა
cħajnčone[ħ],ცჰ’აჲნჩონე[ჰ’],,,,,,,,,,"**ცჰ’აჲნჩონე[ჰ’]** ზმნს. 1. ერთი ბეწოთი, ერთ ბეწვზე 2. კინაღამ, თითქმის"
cħajnčujngo[ħ],ცჰ’აჲნჩუჲნგო[ჰ’],,,,,,,,,,**ცჰ’აჲნჩუჲნგო[ჰ’]** ერთ ბეწვზე
cħajncarkʼlen,ცჰ’აჲნცარკლენ,,,,,,,,,,"**ცჰ’აჲნცარკლენ**კბილა, ტოლი"
cħajnĭ deniⁿ,ცჰ’აჲნი̆ დენიჼ,,,,,,micʼa,,,,**ცჰ’აჲნი̆ დენიჼ** დღიური (მიწა)
cħakʼ,ცჰ’აკ,,,,,,,,,,**ცჰ’აკ** მხოლოდ ერთი
"cħakʼvan, cħakʼoⁿ","ცჰ’აკვან, ცჰ’აკოჼ",,,,,,,,,,"**ცჰ’აკვან, ცჰ’აკოჼ** ზმნს. მარტოკა"
cħakʼolo,ცჰ’აკოლო,,,,,,šipn.,,,,"**ცჰ’აკოლო** უბრალო, მარტივი, სადა *(შიფნ.)*"
cħa-menax,ცჰ’ა-მენახ,,,,,,,,,,**ცჰ’ა-მენახ** განუსაზღვ. ნაცვ. სხვა ბრუვებში ენაცვლება ჰ’ანახ ფუძე
cħana,ცჰ’ანა,j j,,,,,,,,,**ცჰ’ანა** *ჲ ჲ* ორშაბათი
cħanaxcħaveⁿ,ცჰ’ანახცჰ’ავეჼ,,,,,,,,,,"**ცჰ’ანახცჰ’ავეჼ** ერთადერთი, მარტოდმარტო"
cħanliⁿ,ცჰ’ანლიჼ,,,,,,,,,,**ცჰ’ანლიჼ** ერთიანი
cħanluⁿ,ცჰ’ანლუჼ,,,,,,,,,,**ცჰ’ანლუჼ** ორშაბათისა
"cħašarxuj, cħajnšarxuj","ცჰ’აშარხუჲ, ცჰ’აჲნშარხუჲ",,,,,,,,,,"**ცჰ’აშარხუჲ, ცჰ’აჲნშარხუჲ** *მრ.* ერთი წლოვანებისანი, თანატოლები"
cħa-šinğ,ცჰ’ა-შინღ,,,,,,,,,,**ცჰ’ა-შინღ** ერთი ორად
cħac,ცჰ’აც,,,,,,,,,,"**ცჰ’აც** 1. თითო, თითო-თითო 2.ზოგი, ზოგიერთი"
cħacħaveⁿ,ცჰ’აცჰ’ავეჼ,,,,,,,,,,**ცჰ’აცჰ’ავეჼ** მარტოდ-მარტო
cħaɁ,ცჰ’აჸ,,,,,,"uarqʼopastan, ertic ara",,,,"**ცჰ’აჸ** (უარყოფასთან, ერთიც არა)"
cħaɁ-com,ცჰ’აჸ-ცომ,,,,,,ertic araperi,,,,**ცჰ’აჸ-ცომ** სრულიად არაფერი (ერთიც არაფერი)
cħaɁ-qaeğ,ცჰ’აჸ-ჴაეღ,,,,,,,,,,**ცჰ’აჸ-ჴაეღ** ერთი-სამად
ʒab,ძაბ,b d,B,GE,n,,ʒabni; ʒabeⁿ,"სიმი, ალყა; ბუზმენტი, სირმა",,"струна; позумент, галун","**ძაბ** *ბ დ* (ძაბნი; ძაბეჼ) 1. სიმი, ალყა 2. ბეზმენტი, სირმა"
ʒabr,ძაბრ,j j,J,GE,n,,ʒabreⁿ,ძაბრი,,воронка,**ძაბრ** *ჲ ჲ* (ძაბრეჼ) ძაბრი
ʒagʒag: ʒagʒagajnŏ,ძაგძაგ: ძაგძაგაჲნო̆,,,,,,,,,,**ძაგძაგ: ძაგძაგაჲნო̆** ზმნს. ძაგძაგით
ʒarbaleⁿ,ძარბალეჼ,,,,,,pexsacmeli,,,,**ძარბალეჼ** 1. ფესვებიანი 2. ძირებიანი (ფეხსაცმელი)
ʒarbi,ძარბი,,,,,,,,,,**ძარბი** მრ. იხ. ძირ
ʒarkʼbi,ძარკბი,,,,n,,,,,,**ძარკბი** მრ. იხ. ძირკვ
ʒağ,ძაღ,d,D,GE,n,,,"ძაღა, რკინის აჯასპი",,железный купорос,"**ძაღ** *დ* ძაღა, რკინის აჯასპი"
ʒaxvel,ძახველ,d d,D,GE,n,,ʒaxvleⁿ,ძახველი,,калина,**ძახველ** *დ დ* (ძახვლეჼ) ძახველი
ʒe,ძე,j,,,,,mamrobiti skesisa,,,,"**ძე** *ჲ* ძე, ჩამომავლობა (მამრობითი სქესისა)"
ʒer,ძერ,j,J,GE,n,,"ʒeri, ʒeruj; ʒereⁿ",ძერა,,коршун,"**ძერ** ჲ *ჲ* (ძერი, ძერუჲ; ძერეჼ) ძერა"
ʒeŏ,ძეო̆,,,,,,,,,,"**ძეო̆** იგივეა, რაც ძე"
ʒvirob,ძვირობ,j j,,,,,,,,,"**ძვირობ** *ჲ ჲ* ძვირობა, სიძვირე"
ʒviron,ძვირონ,,,,,,,,,,**ძვირონ**ძვირი
ʒir,ძირ,b d,B,GE,n,,ʒarbi; ʒireⁿ,"ძირი; ძირი, ლანჩა","base, root","корень, подошва; подошва","**ძირ** *ბ დ* (ძარბი; ძირეჼ) 1. ძირი 2. ძირი, ლანჩა"
ʒirkʼv,ძირკვ,j j,J,GE,n,,ʒarkʼbi; ʒirkʼveⁿ,"ძირკვი, ჯირკვი","tree stump, block of wood",пень,"**ძირკვ** *ჲ ჲ* (ძარკბი; ძირკვეჼ) ძირკვი, ჯირკვი"
ʒirxvnaɁŏ,ძირხვნაჸო̆,d d,D,GE,n,,ʒirxvnaɁuj; ʒirxvnaɁujⁿ,"ძირხვენა, ოროვანდი",,лопух,"**ძირხვნაჸო̆** *დ დ* (ძირხვნაჸუჲ; ძირხვნაჸუჲჼ) ძირხვენა, ოროვანდი"
ʒmar,ძმარ,b d,B,GE,n,,ʒmareⁿ,ძმარი,,уксус,**ძმარ** *ბ დ* (ძმარეჼ) ძმარი
ʒmareleⁿ,ძმარელეჼ,,,,,,,,,,**ძმარელეჼ** ძმრიანი
ʒmiscʼul,ძმისწულ,v b; j d,M/F,GE,n,,ʒmiscʼli; ʒmiscʼleⁿ,ძმისწული,,"племянник, племянница (со стороны брата)",**ძმისწულ** *ვ ბ; ჲ დ* (ძმისწლი; ძმისწლეჼ) ძმისწული
ʒna,ძნა,d d,D,GE,n,,ʒnajšĭ; ʒnajⁿ,ძნა,,сноп,**ძნა** *დ დ* (ძნაჲში̆; ძნაჲჼ) ძნა
ʒol,ძოლ,j j,J,GE,n,,ʒoli; ʒoleⁿ,ძვალი,,кость,**ძოლ** *ჲ ჲ* (ძოლი; ძოლეჼ) ძვალი
ʒolliⁿ,ძოლლიჼ,,,,,,,,,,**ძოლლიჼ** ძვლიანი
ʒolcʼiⁿ,ძოლწიჼ,,,,,,,,,,**ძოლწიჼ** უძვლო
ʒraxod-d-ar,ძრახოდ-დ-არ,,,,,,ʒraxavs,,,,**ძრახოდ-დ-არ** გრდმ. ძრახვა (ძრახავს)
ʒrolaɁŏ,ძროლაჸო̆,,,GE,n,,,ბუნიკი,"arrowhead, metal tip",наконечник стрелы,**ძროლაჸო̆** ბუნიკი
ʒu[v]1,ძუ[ვ]1,,,,,,,,,,**ძუ[ვ]1**ძუ
ʒu[v]2,ძუ[ვ]2,j j,,,,,ʒu[v]aⁿ,,,,**ძუ[ვ]2** *ჲ ჲ* (ძუ[ვ]აჼ) ძუა
ʒugʒugajnŏ,ძუგძუგაჲნო̆,,,,adv,,,ცუნცულით,,мелкой рысью,**ძუგძუგაჲნო̆** ზმნს. ცუნცულით
ʒukʼⁿ,ძუკჼ,b d,,,,,,,,,**ძუკჼ** *ბ დ* ძუკნა
ʒulbad-d-alar,ძულბად-დ-ალარ,,,GE,vi,,sʒuls,შეძულება (სძულს),,ненавидеть,**ძულბად-დ-ალარ** გრდუვ. შეძულება (სძულს)
ʒunad-d-alar,ძუნად-დ-ალარ,,,GE,vi,,,მძუნაობა,,случаться (о животных),**ძუნად-დ-ალარ** გრდუვ. მძუნაობა
ʒunʒul,ძუნძულ,j,J,GE,n,,cxenisa,"ძუნძული, ჯანჯალი (ცხენისა)",,езда трусцой,"**ძუნძულ** *ჲ* ძუნძული, ჯანჯალი (ცხენისა)"
ʒurcʼ,ძურწ,b d,,,,,sasrevela balaxi,,,,**ძურწ** *ბ დ* ძურწა *(სასრეველა ბალახი)*
ʒuʒakʼ,ძუძაკ,,,,,,kadagiʒ.,,,,**ძუძაკ** პატარა გოგონა *(ქადაგიძ.)*
-cʼ,-წ,,,,numsfx,,,-ჯერ,,раз(а),**-წ** ნაწილაკი
cʼa,წა,d d,D,,n,,cʼenbuj; cʼeniⁿ,სახლი,house,дом,**წა** *დ დ* (წენბუჲ; წენიჼ) სახლი
cʼabl,წაბლ,,,GE,n,,,წაბლა,,"каштанового цвета, каштанка (лошадь, корова...)",**წაბლ** წაბლა
cʼagebad-d-ar,წაგებად-დ-არ,,,GE,vt,,cʼaagebs,წაგება (წააგებს),,проиграть,**წაგებად-დ-არ** გრდმ. წაგება (წააგებს)
cʼalam,წალამ,b d,B,GE,n,,cʼalmeⁿ,წალამი,,"ветви, обрезки лоз",**წალამ** *ბ დ* (წალმეჼ) წალამი
cʼalikʼ,წალიკ,d d,D,GE,n,,cʼajlkʼeⁿ,წალიკა,,водяной перец,**წალიკ** *დ დ* (წაჲლკეჼ) წალიკა *(ბალახოვანი მცენარე)*
cʼaltʼ,წალტ,d d,D,GE,n,,cʼaltʼi; cʼaltʼeⁿ,წალდი,,длинный топор с носком на конце,**წალტ** *დ დ* (წალტი; წალტეჼ) წალდი
cʼaluj,წალუჲ,,,,,,ekspʼ.,,,,"**წალუჲ** თხა, რომელმაც პირველად გააჩინა თიკანი *(ექსპ.)*"
cʼalŏ,წალო̆,b d,B,GE,n,,cʼaluj,წალო,,"стенной шкаф, ниша для постели",**წალო̆** *ბ დ* (წალუჲ) წალო
cʼambad-d-alar,წამბად-დ-ალარ,,,GE,vi,,scʼams,წამება (სწამს),,веровать,**წამბად-დ-ალარ** გრდუვ. წამება (სწამს)
cʼam-d-alar,წამ-დ-ალარ,,,GE,vi,,gasuptavdeba,"გაწმენდა, გასუფთავება",,почиститься,"**წამ-დ-ალარ** გრდუვ. გაწმენდა, გასუფთავება (გასუფთავდება)"
cʼam-d-ar,წამ-დ-არ,,,GE,vt,,gaasuptavebs,"გაწმენდა, გასუფთავება (გაასუფთავებს)",,почистить,"**წამ-დ-არ** გრდმ. გაწმენდა, გასუფთავება (გაასუფთავებს)"
cʼamcʼam,წამწამ,j j,J,,n,,cʼamcʼami; cʼamcʼameⁿ,წარბი,,бровь,**წამწამ** *ჲ ჲ* (წამწამი; წამწამეჼ) წარბი
cʼanar-d-ar,წანარ-დ-არ,,,,,,[ga]asuptavebs,,,,"**წანარ-დ-არ** გრდმ. გასუფთავება ([გა]ასუფთავებს) დაწმენდა, გაწმენდა"
"cʼanaxed, cʼanaqed","წანახედ, წანაჴედ",j j,,,,,,,,,"**წანახედ, წანაჴედ** *ჲ ჲ* წანახედი, წანახდენი"
cʼandil,წანდილ,b d,B,GE,n,,cʼajndleⁿ,წანდილი,,кутья,**წანდილ** *ბ დ* (წაჲნდლეჼ) წანდილი
cʼanol,წანოლ,j j,,,,,,,,,"**წანოლ** *ჲ ჲ* სიწმინდე, სისუფთავე"
cʼanolcʼina,წანოლწინა,d,,,,,,,,,**წანოლწინა** *დ* უსუფთაობა
cʼarakʼ,წარაკ,d d,D,,n,,"cʼarkʼi, cʼarkʼuj; cʼarkʼeⁿ","ორღობე, შუკა",,"проход, узкая дорога между двумя заборами","**წარაკ** *დ დ* (წარკი, წარკუჲ; წარკეჼ) ორღობე, შუკა"
cʼarap,წარაფ,j j,J,GE,n,,cʼarpi; cʼarpeⁿ,"წარაფი (პატარა, მოგრძო ტყე)",,мелкий лесок,"**წარაფ** *ჲ ჲ* (წარფი; წარფეჼ) წარაფი (პატარა, მოგრძო ტყე)"
"cʼarelč, cʼariš","წარელჩ, წარიშ",,,,,,,,,,"**წარელჩ, წარიშ** მრ. იხ. წე1"
cʼariš,წარიშ,,,,,,,,,,**წარიშ** მრ. იხ. წე2
cʼarmar,წარმარ,,,GE,adv,,,"წარამარა, უთავბოლოდ",,бестолково,"**წარმარ** ზმნს. წარამარა, უთავბოლოდ"
cʼarğujna,წარღუჲნა,j j,J,GE,n,,cʼarğujnajⁿ,წარღვნა,,потоп,**წარღუჲნა** *ჲ ჲ* (წარღუჲნაჲჼ) წარღვნა
cʼastʼ,წასტ,,,,n,,,სპილენძი,copper,медь,**წასტ** სპილენძი
cʼak,წაქ,d d,D,,n,,cʼaki; cʼakeⁿ,ისარი,arrow,стрела,**წაქ** *დ დ* (წაქი; წაქეჼ) ისარი
cʼağm,წაღმ,,,GE,adv,,,წაღმა; წაღმა,,"вперед, благополучно; лицевая сторона",**წაღმ** 1. ზმნს. წაღმა 2. წაღმა
cʼacʼqʼmedad-d-alar,წაწყმედად-დ-ალარ,,,GE,vi,,cʼacʼqʼdeba,წაწყმედა (წაწყდება),,погубить душу,**წაწყმედად-დ-ალარ**  გრდუვ. წაწყმედა (წაწყდება)
cʼacʼqʼmedad-d-ar,წაწყმედად-დ-არ,,,GE,vt,,cʼacʼqʼmeds,წაწყმედა (წაწყმედს),,погубить чью-ниб. душу,**წაწყმედად-დ-არ** გრდმ. წაწყმედა (წაწყმედს)
cʼaxkʼ,წახკ,d d,D,,n,,cʼaxkʼuj,"განაკაწრი, ნაფხაჭნი",,царарина,"**წახკ** *დ დ* (წახკუჲ) განაკაწრი, ნაფხაჭნი"
cʼaŭkʼ[ŭ],წაუ̆კ[უ̆],b,,,,,[u]čkmetʼs,,,,**წაუ̆კ[უ̆]** *ბ* მწკივი **წაუ̆კ ბებღარ** გრდმ. ჩქმეტა ([უ]ჩქმეტს)
"cʼaŭkʼŭ, cʼoŭkʼŭ","წაუ̆კუ̆, წოუ̆კუ̆",d d,,,,,cʼakʼajrč,,,,"**წაუ̆კუ̆, წოუ̆კუ̆** *დ დ* (წაკაჲრჩ) მოკლე კუდი"
cʼajblĭ,წაჲბლი̆,d d,D,GE,n,,cʼajbli; cʼajbleⁿ,წაბლი,,каштан,**წაჲბლი̆** *დ დ* (წაჲბლი; წაჲბლეჼ) წაბლი
cʼajlĭ,წაჲლი̆,b d,B,GE,n,,cʼaluj,წალი (წლინახევრის დედალი თხა),,полуторагодовалая коза,**წაჲლი̆** *ბ დ* (წალუჲ) წალი (წლინახევრის დედალი თხა)
cʼajnĭ,წაჲნი̆,,,,a,,,"წმინდა, სუფთა",clean; holy,чистый,"**წაჲნი̆** წმინდა, სუფთა"
cʼe,წე,,,,,,cʼariš,,,,**წე** (წარიშ) თვალის გუგა *(ალირ.)*
cʼe lečʼqʼjar,წე ლეჭყჲარ,,,,,,ekspʼ.,,,,"**წე ლეჭყჲარ** სახელის ტაბუირების ჩვეულება, სახელის დამალვა (ექსპ.)"
cʼe co jaš,წე ცო ჲაშ,d,,,,,šipn.,,,,**წე ცო ჲაშ** **ტარკ** *დ* არათითი *(შიფნ.)*
cʼe1,წე1,j j,,,v,,cʼariš; cʼariⁿ,ჰქვია,be called,"зовут, звать","**წე1** *ჲ ჲ* (წარიშ; წარიჼ) ცეცხლი **წე თაგჲარ** გრდმ. ცეცხლის შეკეთება (ცეცხლს შეუკეთებს) **წე თოხარ** გრდმ. ცეცხლის დაკვესება (ცეცხლს დააკვესებს, დაჰკრავს) **წე ჲალ’არ** გრდუვ. ცეცხლშ გახვევა (ცეცხლში გაეხვევა), ცეცხლის ავარდნა, ცეცხლის მოკიდება **წე ჲალ’ენო̆** მიმღ. ცეცხლმოკიდებული (წყევლაა) **წე ლათარ, წე ლეთარ** გრდუვ. 1) ცეცხლის წაკიდება (ცეცხლი წაეკიდება, ეკიდება) 2) გადატ. ცეცხლის მოდება, გაცეცხლება **წარნ დ-ალ’არ, წარნ თელ’არ** გრდმ. ცეცხლისათვის მიცემა (ცეცხლს მისცემს), გადაწვა **წარიჼ მოტტ** *ბ დ* ცეცხლის ენა, *ალი* **წარმაქ დ-ოჸ-დ-არ** გრდმ. გამოწრთობა (გამოაწრთობს)"
cʼe2,წე2,j j,J,,n,,cʼariš; cʼariⁿ,ცეცხლი,fire,огонь,"**წე2** *ჲ ჲ* (წარიშ; წარიჼ) სახელი **წე თაგჲიარ** გრდმ. სახელის მოხვეჭა (სახელს მოიხვეჭს) **წე ჲალ’არ** გრდუვ. სახელის გავარდნა (სახელი გაუვარდება) **წე ჲალ’ენო̆** სახელგანთქმილი **წე ჲოღარ, წე ჲებღარ** გრდმ. სახელის წოდება (სახელს უწოდებს), დასახელება; სახელის თქმა **წე ჲოღჲალარ** სახელის წოდება (ეწოდება)"
cʼe3,წე3,,J,,n,,,სახელი,name,имя,**წე3** ჰქვია
cʼebŏ,წებო̆,d d,D,GE,n,,cʼebujⁿ,წებო,glue,клей,**წებო̆** *დ დ* (წებუჲჼ) წებო
cʼeg-d-alar,წეგ-დ-ალარ,,,,,,[ga]cʼitldeba,,,,**წეგ-დ-ალარ** გრდუვ. გაწითლება ([გა]წითლდება)
cʼeg-d-ar,წეგ-დ-არ,,,,,,[ga]acʼitlebs,,,,"**წეგ-დ-არ** გრდმ. გაწითლება ([გა]აწითლებს), წითლად შეღებვა"
cʼegeⁿ,წეგეჼ,,,,a,,,წითელი,red,красный,**წეგეჼ** წითელი
"cʼegna, cʼejgna","წეგნა, წეჲგნა",d d,,,,,,,,,"**წეგნა, წეჲგნა** *დ დ* სიწითლე, წითელი ფერი"
cʼegol,წეგოლ,j,,,,,,,,,**წეგოლ** *ჲ* სიწითლე
cʼegoreⁿ,წეგორეჼ,,,,,,,,,,**წეგორეჼ** სისხლიანი
cʼevar,წევარ,d d,D,GE,n,,cʼevri; cʼevreⁿ,მწევარი,,борзая,**წევარ** *დ დ* (წევრი; წევრეჼ) მწევარი
cʼevr,წევრ,d d,D,GE,n,,cʼevri; cʼevreⁿ,წევრი,,член (общества),**წევრ** *დ დ* (წევრი; წევრეჼ) წევრი
cʼett,წეთთ,d,,,,,,,,,"**წეთთ** *დ* სახელი, დიდება"
cʼein dad,წეინ დად,,,,,,šipn.,,,,**წეინ დად** ოჯახის უფროსი *(შიფნ.)*
cʼekʼŏ,წეკო̆,d,D,GE,n,,,"წეკო, თამბაქო",(rough) tabacco,"махорка, табак","**წეკო̆** *დ* წეკო, თამბაქო"
cʼeltʼi,წელტი,d,0d,,n,,,"ახალი წელი, ახალი წლის დღესასწაულები",,"новый год,  новогодние праздники","**წელტი** *დ* მრ. ახალი წელი, ახალი წლის დრესასწაულები"
cʼem-d-ar,წემ-დ-არ,,,GE,vt,,asuptavebs,"წმენდა, გასუფთავებს (ასუფთვებს)",,"чистить, очищать","**წემ-დ-არ** გრდმ. წმენდა, გასუფთავება (ასუფთავებს)"
"cʼenbuj, cʼemnuj","წენბუჲ, წემნუჲ",,,,,,,,,,"**წენბუჲ, წემნუჲ** მრ. იხ. წა"
cʼengŏ,წენგო̆,d,D,GE,n,,,წენგო,,зеленая скорлупа ореха,**წენგო̆** *დ* წენგო
cʼerkox,წერქოხ,,,,,,"saxltan axlos mdgomi sakʼučʼnao, satavso",,,,"**წერქოხ** ფარდული (სახლთან ახლოს მდგომი საკუჭნაო, სათავსო)"
cʼes,წეს,b d,B,GE,n,,,"წესი, ჩვეულება, წესრიგი",,"обычай, нрав, порядок","**წეს** *ბ დ* წესი, ჩვეულება, წესრიგი"
cʼes-bos,წეს-ბოს,b d,B,,n,,,წეს-ჩვევა,,обряд,**წეს-ბოს** *ბ დ* წეს-ჩვევა
cʼesrig,წესრიგ,j,J,GE,n,,,წესრიგი,,порядок,**წესრიგ** *ჲ* წესრიგი
cʼecʼad-d-ar,წეწად-დ-არ,,,GE,vt,,,[გა]წეწა,,трупать,**წეწად-დ-არ** გრდმ. [გა]წეწა
cʼecʼarajlčĭ,წეწარაჲლჩი̆,j,,,,,cecxl-cecxlebi,,,,**წეწარაჲლჩი̆** *ჲ* კვესი (ცეცხლ-ცეცხლები)
cʼejaqinŏ,წეჲაჴინო̆,,,,,,,,,,**წეჲაჴინო̆** მიმღ. სახელმოხვეჭილი
"cʼejg[ĭ], cʼiigĭ","წეჲგ[ი̆], წიიგი̆",d d,,,,,cʼegoⁿ,,,,"**წეჲგ[ი̆], წიიგი̆** *დ დ* (წეგოჼ) 1. სისხლი 2. რთული ფუძის ან შესიტყვების შემადგენელი ნაწილი **წეგოხ დ-ავარ** გრდუვ. სისხლში ამოსვრა (სისხლში ჩაკარგვა), სისხლით გასვრა, გასისხლიანება **წეგოხ დ-ავინო̆** მიმღ. სისხლში ამოსვრილი, გასისხლიანებული **წეჲგ დაჴარ, წეჲგ დახარ, წიიგ დაჴარ** გრდმ. სისხლის ამოღება, სისხლის დადინება, სისხლის გამოშვება, გასისხლიანება **წიიგი̆ დაჴითარ** გრდმ. სისხლი დადენა (დაადენს) **წეჲგეცარ, წიიგეცარ** გრდმ. სისხლის აღება"
"cʼejnreni, cʼinreni","წეჲნრენი, წინრენი",,,,,,,,,,"**წეჲნრენი, წინრენი** მრ. სახლეულნი, შინაურები, ოჯახის წევრები, სახლობა"
cʼvel,წველ,j j,J,,n,,cʼveleⁿ,მაწონი,,"мацони, простокваша",**წველ** *ჲ ჲ* (წველეჼ) მაწონი
cʼib,წიბ,,,,,,"šipn., čʼrelšv.",,,,"**წიბ** წმინდანი *(შიფნ., ჭრელშვ.)*"
cʼibruj,წიბრუჲ,b,,,,,"šipn., čʼrelašv.",,,,"**წიბრუჲ** *ბ* წმინდანები *(შიფნ., ჭრელაშვ.)*"
"cʼiv, cʼivdar","წივ, წივდარ",,,,,,cʼivis,,,,"**წივ, წივდარ** გრდმ. წივილი (წივის)"
cʼikʼ,წიკ,j j,J,,n,,cʼikʼi; cʼikʼeⁿ,"წვივი, კანჭი","lower leg, calf, shin",голень,"**წიკ** *ჲ ჲ* (წიკი; წიკეჼ) წვივი, კანჭი"
=cʼiⁿ,=წიჼ,,,,aff,,,"უქინლობის სუფიქს, აწარმოებს ზედსართავს და ზმნისართს სახელსა და ზმნის ფუძეებიდან",,,"**=წიჼ** უქონლობის სუფიქსი, აწარმოებს ზედსართავსა და ზმნისართს სახელისა და ზმნის ფუძეებიდან"
cʼina,წინა,j j,,,,,cʼinajšĭ; cʼinajⁿ,,,,**წინა** *ჲ ჲ* (წინაჲში̆; წინაჲჼ) სიახლე
cʼinar-d-alar,წინარ-დ-ალარ,,,,,,[ga]axldeba,,,,**წინარ-დ-ალარ** გრდუვ. გაახლება ([გა]ახლდება)
cʼinar-d-ar,წინარ-დ-არ,,,,,,[ga]axlebs,,,,**წინარ-დ-არ** გრდმ. გაახლება ([გა]ახლებს)
cʼiniš,წინიშ,,,,,,,,,,"**წინიშ** ზმნს. ახლად, ხელახლა"
cʼini-cʼini,წინი-წინი,,,,,,,,,,**წინი-წინი** ახალ-ახალი
cʼinus,წინუს,j d,F,,n,,"nasajrĭ, naser; cʼinuseⁿ","პატარძალი, რძალი","wife; sister-in-law, daughter-in-law","невеста, невестка","**წინუს** *ჲ დ* (ნასაჲრი̆, ნასერ; წინუსეჼ) პატარძალი, რძალი"
cʼincʼal,წინწალ,j j,J,,n,,cʼincʼli; cʼincʼleⁿ,ნაფერცქალ,,искра,**წინწალ** *ჲ ჲ* (წინწლი; წინწლეჼ) ნაპერწკალი
cʼincʼkʼal,წინწკალ,j j,J,GE,n,,cʼincʼkʼli; cʼincʼkʼleⁿ,წინწკალი,,брызга,**წინწკალ** *ჲ ჲ* (წინწკლი; წინწკლეჼ) წინწკალი
cʼinĭ,წინი̆,,,,a,,,ახალი,new,новый,**წინი̆** ახალი
cʼipʼ,წიპ,d d,D,,n,,cʼipʼi,ხინკალი,"khinkali, dumpling","вареник, пельмень, хинкали",**წიპ** *დ დ* (წიპი) ძვ. ხინკალი
cʼipʼcʼ,წიპწ,d d,D,GE,n,,cʼipʼcʼi; cʼipʼcʼeⁿ,წიპწა,,виноградная косточка,**წიპწ** *დ დ* (წიპწი; წიპწეჼ) წიპწა
"cʼirad-d-ar, cʼirod-d-ar","წირად-დ-არ, წიროდ-დ-არ",,,,,,cʼiravs,,,,"**წირად-დ-არ, წიროდ-დ-არ** გრდმ. 1. წირვა (წირავს) 2. შეწირვა (სწირავს)"
"cʼirŏ, cʼirv","წირო̆, წირვ",j j,,,,,cʼirvi; cʼirveⁿ,,,,"**წირო̆, წირვ** *ჲ ჲ* (წირვი; წირვეჼ) წირვა"
cʼipel,წიფელ,d d,D,GE,n,,cʼipleⁿ,წიფელა,,бук,**წიფელ** *დ დ* (წიფლეჼ) წიფელი
cʼiplerna,წიფლერნა,j j,,,,,,,,,**წიფლერნა** *ჲ ჲ* წიფლიანი
cʼicʼakʼ,წიწაკ,d d,D,GE,n,,cʼicʼkʼi; cʼicʼkʼeⁿ,წიწაკა,,перец,**წიწაკ** *დ დ* (წიწკი; წიწკეჼ) წიწაკა
cʼicʼaqʼ,წიწაყ,d d,D,,n,,cʼicʼqʼi; cʼicʼqʼeⁿ,ჭუჭრუტანა,,"скважина, дырочка",**წიწაყ** *დ დ* (წიწყი; წიწყეჼ) ჭუჭრუტანა
cʼicʼil,წიწილ,d d,D,GE,n,,cʼicʼli; cʼicʼleⁿ,წიწილა,chick,цыпленок,**წიწილ** *დ დ* (წიწლი; წიწლეჼ) წიწილა
cʼicʼkʼnad-d-alar,წიწკნად-დ-ალარ,,,GE,vi,,icʼicʼkʼneba,წიწკნა (იწიწკნება),,щипать,**წიწკნად-დ-ალარ** გრდუვ. წიწკნა (იწიწკნება)
cʼicʼkʼnad-d-ar,წიწკნად-დ-არ,,,GE,vt,,cʼicʼkʼnis,წიწკნა (წიწკნის),,щипать,**წიწკნად-დ-არ** გრდმ. წიწკნა (წიწკნის)
cʼicʼkʼnaɁŏ,წიწკნაჸო̆,b d; d d,B/D,GE,n,,cʼicʼkʼnaɁuj; cʼicʼnaɁujⁿ,წიწკანა,greenfinch,синица,**წიწკნაჸო̆** *ბ დ; დ დ* (წიწკნაჸუჲ; წიწნაჸუჲჼ) წიწკანა
cʼicʼmatʼtʼ,წიწმატტ,,,,,,,,,,**წიწმატტ** იხ. წიწმოტტ
cʼicʼmotʼtʼ,წიწმოტტ,d d,D,,n,,cʼicʼmotʼtʼeⁿ,წიწმატი,,кресс-салат,**წიწმოტტ** *დ დ* (წიწმოტტეჼ) წიწმატი
cʼix,წიხ,,,,,,čʼrelašv.,,,,**წიხ** სათითაოდ *(ჭრელაშვ.)*
cʼkʼavil,წკავილ,j j,J,GE,n,,,წკავილი,,резкий крикж лай,**წკავილ** *ჲ ჲ* წკავილი
cʼkʼar: cʼkʼardar,წკარ: წკარდარ,,,,,,cʼkʼarunebs,,,,**წკარ: წკარდარ** გრდმ. წკარუნი (წკარუნებს)
cʼkʼarcʼkʼar: cʼkʼarcʼkʼar ditar,წკარწკარ: წკარწკარ დითარ,,,,,,acʼkʼarunebs,,,,"**წკარწკარ: წკარწკარ დითარ** გრდმ. წკარწკარის გაღებინება (აწკარუნებს), ჟღარუნი"
cʼkʼepʼl,წკეპლ,b d,B,GE,n,,cʼkʼepʼli; cʼkʼepʼleⁿ,წკეპლა,,прут,**წკეპლ** *ბ დ* (წკეპლი; წკეპლეჼ) წკეპლა
cʼkʼir,წკირ,b d,,,,,cʼkʼiri; cʼkʼireⁿ,,,,**წკირ** *ბ დ* (წკირი; წკირეჼ) წკირი
cʼkʼunad-d-alar,წკუნად-დ-ალარ,,,GE,vi,,cʼkʼmutʼunebs,წკმუტუნი (წკმუტუნებს),,визжать,**წკუნად-დ-ალარ** გრდმ. წკმუტუნი (წკმუტუნებს)
cʼnil,წნილ,b d,B,GE,n,,cʼnileⁿ,მწნილი,,"соленое, маринад",**წნილ** *ბ დ* (წნილეჼ) მწნილი
cʼnor,წნორ,d d,D,GE,n,,cʼnoreⁿ,წნორი,,белая ива,**წნორ** *დ დ* (წნორეჼ) წნორი
cʼod,წოდ,b d,B,GE,n,,cʼodi,მწვადი; ხორცი (უმთავრესად სამწვადე),barbecued meat,мясо (на шашлык),"**წოდ** *ბ დ* (წოდი) მწვადი, ხორცი (უმთავრესად სამწვადე)"
cʼolbad-d-ar,წოლბად-დ-არ,,,GE,vt,,acʼvalebs,"წვალება (აწვალებს), ტანჯვა",,мучить,"**წოლბად-დ-არ** გრდმ. წვალება (აწვალებს), ტანჯვა"
cʼomal,წომალ,b d,B,GE,n,,cʼomli; cʼomleⁿ,წამალი,,лекарство,**წომალ** *ბ დ* (წომლი; წომლეჼ) წამალი
cʼoⁿ,წოჼ,j j,,,,,,,,,**წოჼ** *ჲ ჲ* წონა
cʼonil,წონილ,d d,D,GE,n,,cʼujnli; cʼujnleⁿ,მწვანილი,,зелень,**წონილ** *დ დ* (წუჲნლი; წუჲნლეჼ) ) მწვანილი
cʼocʼkʼar,წოწკარ,d d,D,,n,,cʼocʼkʼri; cʼocʼkʼreⁿ,წკეპლა,,"прут, прутик",**წოწკარ** *დ დ* (წოწკრი; წოწკრეჼ) წკეპლა
cʼrintʼ,წრინტ,d d,D,,n,,,"პაწაწინა, პაწაწკინტელა",,"крошечка, малыш","**წრინტ** *დ დ* პაწაწინა, პაწაწკინტელა"
cʼripʼ,წრიპ,d d,D,GE,n,,cʼripʼi; cʼripʼeⁿ,წრიპა,,крошки (для восхождения на ледники),**წრიპ** *დ დ* (წრიპი; წრიპეჼ) წრიაპი
cʼuv,წუვ,,,,,,,,,,**წუვ** დ წუილი
cʼut,წუთ,j j,J,GE,n,,cʼuti; cʼuteⁿ,წუთი,,"минута, миг",**წუთ** *ჲ ჲ* (წუთი; წუთეჼ) წუთი
cʼutcʼute[ħ],წუთწუთე[ჰ’],,,,,,,,,,"**წუთწუთე[ჰ’]** წამდაუწუმ, ყოველ წუთს"
cʼunbad-d-ar,წუნბად-დ-არ,,,GE,vt,,icʼunebs,დაწუნება (იწუნებს),,"браковать, не одобрять, не нравиться",**წუნბად-დ-არ** გრდმ. დაწუნება (იწუნებს)
cʼupʼ: cʼupʼaɬar cʼupʼdar,წუპ: წუპალ’არ წუპდარ,,,,,,"cʼovs, mocʼovs",,,,"**წუპ: წუპალ’არ წუპდარ** გრდმ. მოწოვა (წოვს, მოწოვს), წუწნა"
cʼur1,წურ1,b d,,,,,cʼuri; cʼureⁿ,,,,"**წურ1** *ბ დ* (წური; წურეჼ) მწკრივი, სტრიქონი **წურათ** ზმნს. მწკრივად **წურ ბოწარ** გრდმ. მწკრივის გაბმა, დაწალიკება (დააწალიკებს), მწკრივად წაყვანა, ან წასვლა)"
cʼur,წურ,b d,B,,n,,cʼureⁿ,მწკრივი; სტრიქონი,,"ряд, шеренга, строка",**წურ**2  *ბ დ* (წურეჼ) ფურის შარდი
cʼurblaɁŏ,წურბლაჸო̆,d d,,,,,cʼurblaɁuj; cʼurblaɁujⁿ,,,,**წურბლაჸო̆** *დ დ* (წურბლაჸუჲ; წურბლაჸუჲჼ) წურბელა
cʼurtnad-d-ar,წურთნად-დ-არ,,,GE,vt,,cʼvrtnis,წვრთნა (წვრთნის),"train, domesticate","дрессировать, обучать, наставлять",**წურთნად-დ-არ** გრდმ. წვრთნა (წვრთნის)
cʼurtnad-d-ujnĭ,წურთნად-დ-უჲნი̆,,,,,,,,,,**წურთნად-დ-უჲნი̆** მიმღ. მწვრთნელი
cʼuğ,წუღ,b b,Bb,GE,n,,cʼuği,"წუღა, წაღა",boot/shoe,род обуви,"**წუღ** *ბ ბ* (წუღი) წუღა, წაღა"
cʼqʼalkʼurtxbi,წყალკურთხბი,d,0d,,n,,,წყალკურთხევა,,крещение,**წყალკურთხბი** *დ* მრ. წყალკურთხევა
cʼqʼalob,წყალობ,j j,J,GE,n,,,"წყალობა, მოწყალობა",,"милость, помощь","**წყალობ** *ჲ ჲ* წყალობა, მოწყალება"
"cʼqʼartʼun, cʼqʼartʼoⁿ","წყარტუნ, წყარტოჼ",,,,,,,,,,"**წყარტუნ, წყარტოჼ** ხალასი, სრულიად წმინდა; მხოლოდ ერთი და იმავე მასალისა"
cʼqʼarŏ,წყარო̆,j j,J,GE,n,,cʼqʼaruj; cʼqʼarujⁿ,წყარო,,"родник, источник",**წყარო̆** *ჲ ჲ* (წყარუჲ; წყარუჲჼ) წყარო
"cʼqʼajrkvan, cʼqʼajrkvoⁿ","წყაჲრქვან, წყაჲრქვოჼ",,,,,,,,,,"**წყაჲრქვან, წყაჲრქვოჼ** იხ. წჵაჲრქვაჼ, წჵაჲრქოჼ"
cʼqʼe,წყე,,,,adv,,,"ერთხელ, ერთჯერ","once, one day","один раз, однажды","**წყე** ზმნს. ერთხელ, ერთჯერ"
cʼqʼegeɁ,წყეგეჸ,,,,,,,,,,**წყეგეჸ** გეჸ ნაწილაკდართული წყე
cʼqʼeveɁcʼqʼe,წყევეჸწყე,,,,,,,,,,"**წყევეჸწყე** ზმნს. ერთხელაც, ოდესმე"
cʼqʼercʼqʼeirlo,წყერწყეირლო,,,,,,šipn.,,,,"**წყერწყეირლო** უცბად, მოულოდნელად *(შიფნ.)*"
cʼqʼeɁ,წყეჸ,,,,,,uarqʼopastan,,,,**წყეჸ** ერთხელაც (უარყოფასთან)
cʼqʼurcʼqʼur,წყურწყურ,,D,,n,,,წურწურით,,ручьем (течь),**წყურწყურ** წყურწყურაჲნო̆ ზმნს. წყურწყურით
cʼʕ[v]eraⁿ,წჵ[ვ]ერაჼ,j j,,,,,"cʼʕ[v]erni, cʼeruj",,,,"**წჵ[ვ]ერაჼ** *ჲ ჲ* (წჵ[ვ]ერნი, წერუჲ) წერო"
"cʼʕajrkvan, cʼʕajrkon, cʼʕirkvan, cʼʕirkoⁿ","წჵაჲრქვან, წჵაჲრქონ, წჵირქვან, წჵირქოჼ",,,,,,,,,,"**წჵაჲრქვან, წჵაჲრქონ, წჵირქვან, წჵირქოჼ** ზმნს. უცბად, მოულოდნელად, უცაბედად"
"cʼʕercʼʕerkvan, cʼʕercʼʕerkoⁿ","წჵერწჵერქვან, წჵერწჵერქოჼ",,,,,,da xandaxan,,,,"**წჵერწჵერქვან, წჵერწჵერქოჼ** ზმნს. სრულიად მოულოდნელად (და ხანდახან)"
cʼʕver,წჵვერ,b d,B,,n,,cʼʕverni; cʼʕvereⁿ,"წვერი, კენწერო; მწვერვალი","tip, top, summit, peak","вершина, верхушка","**წჵვერ** *ბ დ* (წჵვერნი; წჵვერეჼ) წვერი, კენწერო; მწვერვალი"
cʼʕopʼ,წჵოპ,d d,D,,n,,"cʼʕopʼ[ni], cʼʕopʼajrčĭ; cʼʕopʼeⁿ",წვერი; წვეტი,tip; point,"острие, вершина, кончик","**წჵოპ** *დ დ* (წჵოპ[ნი], წჵოპაჲრჩი̆; წჵოპეჼ) წვერი; წვეტი"
cʼʕopʼrakʼ,წჵოპრაკ,,,,,,,,,,"**წჵოპრაკ** წვეტიანი, წოწოლა"
=čʼ,=ჭ,,,,aff,,garda zmnisa,"ინტენსივობის ნაწილაკი, ერთვის სხვადასხვა ფუძეს (გარდა ზმნისა)",,,"**=ჭ** ინტენსივობის ნაწილაკი, ერთვის სხვადასხვა ფუძეს (გარდა ზმნისა)"
čʼ[ʕ]eğ-d-alar,ჭ[ჵ]ეღ-დ-ალარ,,,,,,magrdeba,,,,"**ჭ[ჵ]ეღ-დ-ალარ** გრდუვ. 1. გამაგრება (მაგრდება) 2. გადატ.გამაგრება (უმაგრდება), მოთმენა, თავის შეკავება"
čʼ[ʕ]eğ-d-ar,ჭ[ჵ]ეღ-დ-არ,,,,,,amagrebs,,,,"**ჭ[ჵ]ეღ-დ-არ** გრდმ. 1. გამაგრება (ამაგრებს), დამაგრება 2. დაკეტვა (კეტავს), დახურვა"
čʼablob,ჭაბლობ,,,,,,šipn.,,,,**ჭაბლობ** ჲ სისასტიკე *(შიფნ.)*
čʼagar,ჭაგარ,d d,D,GE,n,,čʼagri; čʼagreⁿ,ჯაგარი,,щетина,**ჭაგარ** *დ დ* (ჭაგრი; ჭაგრეჼ) ჯაგარი
čʼad,ჭად,j j,J,GE,n,,,"ჭდე, ნაბალთი",,"насечка, нарубка","**ჭად** *ჲ ჲ* ჭდე, ნაბალთი"
čʼakʼbi,ჭაკბი,,0,,n,,,,,,**ჭაკბი** მრ. იხ. ჭუკ2
čʼal1,ჭალ1,j j,J,GE,n,,čʼali; čʼaleⁿ,ჭალა,,"роща, лесок",**ჭალ1** *ჲ ჲ* (ჭალი; ჭალეჼ) ჭალა
čʼal2,ჭალ2,d d,D,GE,n,,čʼaluj; čʼalujⁿ,ჭალი,,кол (арбы),**ჭალ2** *დ დ* (ჭალუჲ; ჭალუჲჼ) ჭალი
čʼalaɁŏ,ჭალაჸო̆,j j,J,,n,,,"პატარა ჭალა, ჭალუკა",,рощица,**ჭალაჸო̆** *ჲ ჲ* პატარა ჭალა
čʼalkʼŏ,ჭალკო̆,j j,J,,n,,čʼalkʼuj; čʼalkʼujⁿ,"ჩლიქი, ქაჩაჩი",,копыто,"**ჭალკო̆** *ჲ ჲ* (ჭალკუჲ; ჭალკუჲჼ) ჩლიქი, ქაჩაჩი"
čʼam,ჭამ,j j,J,,n,,,ქელეხი,,поминки,**ჭამ** *ჲ ჲ* ქელეხი
čʼamağ,ჭამაღ,d j,Dj,,n,,čʼamği; čʼamğeⁿ,"ლოყა, ღაწვი",cheek,щека,"**ჭამაღ** *დ ჲ* (ჭამღი; ჭამღეჼ) ლოყა, ღაწვი"
čʼanar,ჭანარ,j d,F,GE,n,,čʼanri,ჭანარი,,карп,**ჭანარ** *ჲ დ* (ჭანრი) ჭანარი (საშუალო ზომის თევზი)
čʼanikʼ,ჭანიკ,j j,J,,n,,čʼajnkʼi; čʼajnkʼeⁿ,ნიკაპი,chin,подбородок,**ჭანიკ** *ჲ ჲ* (ჭაჲნკი; ჭაჲნკეჼ) ნიკაპი
čʼančʼur,ჭანჭურ,d d,D,GE,n,,,ჭანჭური,,венгерка (слива),**ჭანჭურ** *დ დ* ჭაჲნჭრი ჭანჭური
čʼar,ჭარ,d d,D,,n,,čʼarni; čʼareⁿ,"კანი; პირი (ბალიშისა, საბნისა...), ჩარსავი",,"кожа, кожица; наволочка, пододеяльник, чехол","**ჭარ** *დ დ* (ჭარნი; ჭარეჼ) 1. კანი 2. პირი (ბალიშისა, საბნისა)"
čʼarkʼeⁿ,ჭარკეჼ,j j,J,,n,,čʼarkʼni; čʼarkʼneⁿ,მოკლე ჯოხი,,короткая палка,**ჭარკეჼ** *ჲ ჲ* (ჭარკნი; ჭარკნეჼ) მოკლე ჯოხი
čʼarkʼoⁿ,ჭარკოჼ,j,J,GE,n,,,მიხვეულ-მოხვეული; ზიგზაგი,,зигзаг,**ჭარკოჼ** *ჲ* მიხვეულ-მოხვეული; ზიგზაგი
čʼarxal,ჭარხალ,b d,B,GE,n,,čʼarxli; čʼarxleⁿ,ჭარხალი,,"свекла, бурак",**ჭარხალ** *ბ დ* (ჭარხლი; ჭარხლეჼ) ჭარხალი
"čʼarĕ, čʼaar","ჭარე̆, ჭაარ",b d,,,,,čʼari; čʼareⁿ,,,,"**ჭარე̆, ჭაარ** *ბ დ* (ჭარი; ჭარეჼ) თევზი"
čʼağ-d-ar,ჭაღ-დ-არ,,,,,,,,,,**ჭაღ-დ-არ** გრდმ. ჭჵაღ-დ-არ
čʼağna,ჭაღნა,d d,,,,,,,,,**ჭაღნა** *დ დ* იხ. ჭჵაღნა
čʼağol,ჭაღოლ,j j,,,,,,,,,**ჭაღოლ** *ჲ ჲ* იხ. ჭჵაღოლ
čʼağoⁿ,ჭაღოჼ,,,,,,,,,,**ჭაღოჼ** იხ. ჭჵაღონ
čʼağqetinŏ,ჭაღჴეთინო̆,,,GE,a,,,"ჭაღარდაკარული, ჭაღარა",,"седовласый, с проседью","**ჭაღჴეთინო̆** ჭაღარადაკრული, ჭაღარა"
čʼašnikʼ,ჭაშნიკ,d,D,GE,n,,,ჭაშნიკი,,проба (вина),**ჭაშნიკ** *დ* ჭაშნიკი
čʼačʼ,ჭაჭ,j,J,GE,n,,čʼačʼeⁿ,ჭაჭა,,"выжимки от винограда, водка из этих выжимок",**ჭაჭ** *ჲ* (ჭაჭეჼ) ჭაჭა
čʼačʼmi,ჭაჭმი,,,,n,,,,,,**ჭაჭმი** მრ. იხ. ჭოჭ
čʼax,ჭახ,b,B,GE,n,,,"ჭახი, ჭახანის ხმა",,треск,"**ჭახ** *ბ* ჭახი, ჭახანის ხმა"
čʼaxrakʼ,ჭახრაკ,b d,B,GE,n,,čʼaxrkʼi; čʼaxrkʼeⁿ,ჭახრაკი; საცობის საძრობელა,,"тиски, пресс; пробующий",**ჭახრაკ** *ბ დ* (ჭახრკი; ჭახრკეჼ) 1. ჭახრაკი 2. საცობის საძრობელა
čʼax-kux,ჭახ-ქუხ,d d,,,,,,,,,**ჭახ-ქუხ** *დ დ* ჭახი და ქუხილი
čʼajnĭ,ჭაჲნი̆,,,GE,ptcp,,cxoveli,"ჭანი, ცუდად დაკოდილი (ცხოველი)",,плохо холощеное животное,"**ჭაჲნი̆** მიმღ. ჭანი, ცუდად დაკოდილი (ცხოველი)"
čʼed,ჭედ,j,J,,n,,,ნალ-ლურსმანი ერთი ცხენის დასაჭედად,,комплект подков и гвоздей для одной лошади,**ჭედ** *ჲ* ნალ-ლურსმანი ერთი ცხენის დასაჭედად
čʼedad-d-ar,ჭედად-დ-არ,,,GE,vt,,čʼedavs,ჭედვა (ჭედავს); დაჭედვა,,ковать; подковывать,**ჭედად-დ-არ** გრდმ. 1. ჭედვა (ჭედავს) 2. დაჭედვა
čʼedaditar,ჭედადითარ,,,,,,[da]ačʼedvinebs,,,,**ჭედადითარ** გრდმ. დაჭედვინება ([და]აჭედვინებს)
čʼedadujnĭ,ჭედადუჲნი̆,,,,,,,,,,**ჭედადუჲნი̆** მიმღ. 1 საჭედი 2. მჭედელი
čʼekʼ1,ჭეკ1,b d,B,,n,,čʼekʼi; čʼekʼeⁿ,ურდული,"(door) bolt, bar","задвижка, засов","**ჭეკ1** *ბ დ* (ჭეკი; ჭეკეჼ) 1. ურდული 2. გადატ. საკერებელი, ქსოვილის ნაჭერი"
čʼekʼ2,ჭეკ2,b,B,,n,,čʼekʼi; čʼekʼeⁿ,"სარის ლობიო, მწვანე ლობიო",green bean(s),зеленое лобио,"**ჭეკ2** *ბ* (ჭეკი; ჭეკეჼ) სარის ლობიო, მწვანე ლობიო"
čʼenčʼŏ,ჭენჭო̆,,,GE,n,,,"ჭენჭი, სიმსუქნე",,"жир, жирность","**ჭენჭო̆** ჭენჭი, სიმსუქნე"
čʼeram,ჭერამ,d d,D,GE,n,,čʼermi; čʼermeⁿ,ჭერამი,,абрикос (дерево и плод),**ჭერამ** *დ დ* (ჭერმი; ჭერმეჼ) ჭერამი
čʼeğ-d-alar,ჭეღ-დ-ალარ,,,,,,,,,,**ჭეღ-დ-ალარ** გრდუვ. იხ. ჭჵეღ-დ-არ
čʼeğ-d-ar,ჭეღ-დ-არ,,,,,,,,,,**ჭეღ-დ-არ** გრდმ. იხ. ჭჵეღ-დ-არ
čʼečʼqʼ,ჭეჭყ,,,,,,čʼečʼqʼeⁿ,,,,**ჭეჭყ** (ჭეჭყეჼ) ბუღა *(ექსპ.)*
čʼvritʼĭ,ჭვრიტი̆,,,GE,a,,,"ჭვრიტი, მოჭუტული ამ ელამი თვალი",,косой,"**ჭვრიტი̆** ჭვრიტი, მოჭუტული ან ელამი თვალი"
čʼigŏ,ჭიგო̆,d d,D,,n,,čʼiguj; čʼigujⁿ,ჭიგო,,"кол, подпорка",**ჭიგო̆** *დ დ* (ჭიგუჲ; ჭიგუჲჼ) ჭიგო
čʼivčʼ,ჭივჭ,b d,B,GE,n,,čʼivčʼi; čʼivčʼeⁿ,"ჭივჭავი, ბეღურა","siskin, sparrow",воробей,"**ჭივჭ** *ბ დ* (ჭივჭი; ჭივჭეჼ) ჭივჭავი, ბეღურა"
čʼiiper,ჭიიფერ,,,GE,a,,cʼiteli peris sağebavi,ჭიაფერი (წითელი ფერის საღებავი),,кошениль (красящий в красный цвет),**ჭიიფერ** ჭიაფერი (წითელი ფერის საღებავი)
čʼikʼčʼikʼ,ჭიკჭიკ,d,D,GE,n,,,ჭიკჭიკი,,щебетание,**ჭიკჭიკ** *დ* ჭიკჭიკი
čʼilob,ჭილობ,d d,D,GE,n,,čʼilbi; čʼilbeⁿ,ჭილობი,,"циновка, рогожа",**ჭილობ** *დ დ* (ჭილბი; ჭილბეჼ) ჭილობი
čʼilqʼoɁ,ჭილყოჸ,b d,B,GE,n,,čʼilqʼoɁuj; čʼilqʼoɁujⁿ,ჭილყვავი,rook,грач,**ჭილყოჸ** *ბ დ* (ჭილყოჸუჲ; ჭილყოჸუჲჼ) ჭილყვავი
čʼim,ჭიმ,b d,B,,n,,čʼimi,ჭყიმი,,кипирь,**ჭიმ** *ბ დ* (ჭიმი) ჭყიმი
čʼimad-d-alar,ჭიმად-დ-ალარ,,,GE,vi,,ičʼimeba,"[გა]ჭიმვა (იჭიმება), გადაჭიმვა, გაწვდომა; ბღენძა",,"растянуться, растягиваться; пыжиться, воображать","**ჭიმად-დ-ალარ** გრდუვ.1. [გა]ჭიმვა (იჭიმება), გადაჭიმვა, გაწვდომა 2. გადატ. ბღენძა"
čʼimqimad-d-alar,ჭიმჴიმად-დ-ალარ,,,GE,vi,,,მანჭვა-გრეხა,,"кривляться, ломаться, жеманиться",**ჭიმჴიმად-დ-ალარ** გრდუვ. მანჭვა-გრეხა
čʼimqimalajnĭ,ჭიმჴიმალაჲნი̆,,,,ptcp,,,"პრანჭია, მანჭია, გრეხია",,"кривляющийся, ломака, кривляка","**ჭიმჴიმალაჲნი̆** მიმღ. პრანჭია, მანჭია, გრეხია"
čʼintʼod-d-alar,ჭინტოდ-დ-ალარ,,,GE,vi,,ičʼinteba,ჭინთვა (იჭინთება),,тужиться,**ჭინტოდ-დ-ალარ** გრდუვ. ჭინთვა (იჭინთება)
čʼinur,ჭინურ,b d,B,GE,n,,čʼinri; čʼinreⁿ,ჭიანური,,струнный инструмент вроде скрипки,**ჭინურ** *ბ დ* (ჭინრი; ჭინრეჼ) ჭიანური
čʼipʼčʼipʼ,ჭიპჭიპ,,D,,n,,,ჭიჭყინი,screech,хныканье,**ჭიპჭიპ** ჭიჭყინი
čʼir,ჭირ,j j,J,GE,n,,čʼireⁿ,ჭირი,,"мор, заразная болезнь",**ჭირ** *ჲ ჲ* (ჭირეჼ) ჭირი
čʼir-d-ikʼar,ჭირ-დ-იკარ,,,,vt,,[da]ušens,"დაშენა (დაუშენს), დასცხებს, მისცხებს",,"бить быстро, частыми движениями, стрелять очередями, закидать, забросать; перешли на чайные стаканы","**ჭირ-დ-იკარ** გრდმ. დაშენა ([და]უშენს), დასცხებს, მისცხებს"
čʼirven,ჭირვენ,,,,,,,,,,"**ჭირვენ**ძნელი, ჭირვეული"
čʼirtʼal,ჭირტალ,j j,J,GE,n,,čʼirtʼleⁿ,"ჭირტალი, ღოლო",sorrel,дикий щавель,"**ჭირტალ** *ჲ ჲ* (ჭირტლეჼ) ჭირტალი, ღოლო"
čʼirxetar,ჭირხეთარ,,,,vi,,ezareba,დაზარება (ეზარება),,лениться,**ჭირხეთარ** გრდუვ. დაზარება (ეზარება)
čʼirxetinĭ,ჭირხეთინი̆,,,,ptcp,,,ზარმაცი,,лентяй,**ჭირხეთინი̆** მიმღ. ზარმაცი
čʼirxetrikʼ,ჭირხეთრიკ,,,,ptcp,,,ზარმაცი,,лентяй,**ჭირხეთრიკ** ზარმაცი შდრ. ზარმაც1
čʼirxl,ჭირხლ,b,B,GE,n,,čʼirxleⁿ,"ჭირხლი, თრთვილი",,иней,"**ჭირხლ** *ბ* (ჭირხლეჼ)ჭირხლი, თრთვილი"
čʼiqʼol,ჭიყოლ,d,D,,n,,,ღიტინი,,щекотка,**ჭიყოლ** *დ* ღიტინი
čʼišmaritʼ,ჭიშმარიტ,,,GE,a,,,ჭეშმარიტი,,истинный,**ჭიშმარიტ** ჭეშმარიტი
čʼičʼqʼnaɁŏ,ჭიჭყნაჸო̆,b d,B,GE,n,,čʼičʼnaɁuj; čʼičʼnaɁujⁿ,"ჭიჭიყინა, ცქიმურა",,рыбешка,"**ჭიჭყნაჸო̆** *ბ დ* (ჭიჭნაჸუჲ; ჭიჭნაჸუჲჼ) ჭიჭყინა, ცქიმურა"
čʼkʼa,ჭკა,j j,J,,n,,,"ძალიან ბევრი, აუარებელი ხალხი, ბრბო; ფრინველთა გუნდი",,"масса, очень много народу, стая птиц","**ჭკა** *ჲ ჲ* ძალიან ბევრი, აუარებელი ხალხი, ბრბო; ფრინველთა გუნდი"
čʼonĕ,ჭონე̆,,,GE,n,,,"ჭონი, მეტყავე",,"кожевник, скорняк","**ჭონე̆** ჭონი, მეტყავე"
čʼor,ჭორ,b d,B,GE,n,,čʼori; čʼoreⁿ,ჭორი,,сплетня,**ჭორ** *ბ დ* (ჭორი; ჭორეჼ) ჭორი
čʼoradar,ჭორადარ,,,,,,čʼoravs,,,,"**ჭორადარ** გრდმ. [გა]ჭორვა (ჭორავს), ჭორაობა, ჭორიკანობა"
čʼoraleⁿ,ჭორალეჼ,,,,,,,,,,**ჭორალეჼ** ჭორიანი
čʼotʼtʼ,ჭოტტ,d d,D,,n,,čʼotʼtʼi; čʼotʼtʼeⁿ,ჭოტი,,филин,**ჭოტტ** *დ დ* (ჭოტტი; ჭოტტეჼ) ჭოტი
čʼočʼ,ჭოჭ,b d,B,,n,,čʼačʼmi; čʼačʼiⁿ,"პირი, ხახა; კრიჭა (წისქვილისა)",,"рот, пасть; мельничный желоб","**ჭოჭ** *ბ დ* (ჭაჭმი; ჭაჭიჼ) 1. პირი, ხახა 2. კრიჭა (წისქვილისა)"
čʼrak,ჭრაქ,d d,D,GE,n,,čʼraki; čʼrakeⁿ,ჭრაქი,,плошка,**ჭრაქ** *დ დ* (ჭრაქი; ჭრაქეჼ) ჭრაქი
čʼukʼ1,ჭუკ1,d d,D,GE,n,,čʼukʼi; čʼukʼeⁿ,ჭუკი,,"индющенок, гусенок, утенок",**ჭუკ1** *დ დ* (ჭუკი; ჭუკეჼ) ჭუკი
čʼukʼ2,ჭუკ2,d d,D,,n,,čʼukʼi; čʼukʼeⁿ,ყანწი,drinking horn,"рог, рожок (для вина, водки)",**ჭუკ2** *დ დ* (ჭუკი; ჭუკეჼ) ყანწი
čʼukʼčʼukʼ,ჭუკჭუკ,d,D,GE,n,,,ჭუკჭუკი,,"звук, издаваемый утенком, гусенком",**ჭუკჭუკ** *დ* ჭუკჭუკი
čʼučʼul,ჭუჭულ,d d,D,GE,n,,čʼučʼli; čʼučʼleⁿ,ჭუჭული,,"утенок, гусенок",**ჭუჭულ** *დ დ* (ჭუჭლი; ჭუჭლეჼ) ჭუჭული
čʼuj,ჭუჲ,b d,B,,n,,čʼujerč; čʼujnoⁿ,საქსოვი ჩხირი,,спица (для вязания),**ჭუჲ** *ბ დ* (ჭუჲერჩ; ჭუჲნოჼ) საქსოვი ჩხირი
čʼqʼav,ჭყავ,d,D,GE,n,,,"ჭყავილი, ჭყივილი",,"резкий крик, визг","**ჭყავ** *დ* ჭყავილი, ჭყივილი"
čʼqʼavčʼqʼav,ჭყავჭყავ,d,,,,,,,,,**ჭყავჭყავ** *დ* ჭყავილი
čʼqʼantʼ,ჭყანტ,j j,J,GE,n,,čʼqʼantʼi; čʼqʼantʼeⁿ,"ჭყანტი, ჭაობი",,"болото, болотистое место","**ჭყანტ** *ჲ ჲ* (ჭყანტი; ჭყანტეჼ) ჭყანტი, ჭაობი"
čʼqʼantʼeⁿ,ჭყანტეჼ,,,,,,,,,,**ჭყანტეჼ** ჭაობიანი
čʼqʼempʼŏ,ჭყემპო̆,,Bj,,n,,,"ყელი, ყანყრატო",throat,горло,"**ჭყემპო̆** ყელი, ყანყრატო"
čʼqʼvinad-d-alar,ჭყვინად-დ-ალარ,,,GE,vi,,brčʼqʼvialebs,"ბრჭყვიალი (ბრჭყვიალებს), ციალი, ბრწყინვა",,"блестеть, сиять","**ჭყვინად-დ-ალარ** გრდუვ. ბრჭყვიალი (ბრჭყვიალებს), ციალი, ბრწყინვა"
čʼqʼiv,ჭყივ,d,D,GE,n,,,ჭყივილი,,"визг, крик",**ჭყივ** *დ* ჭყივილი
čʼqʼletʼad-d-alar,ჭყლეტად-დ-ალარ,,,GE,vi,,ičʼqʼlitʼeba,ჭყლეტა (იჭყლიტება),,мяться,**ჭყლეტად-დ-ალარ** გრდუვ. ჭყლეტა (იჭყლიტება)
čʼʕağ-d-alar,ჭჵაღ-დ-ალარ,,,,vi,,gamagrdeba,"გამაგრება (გამაგრდება); გამაგრება, გაძლება",,"стать крепким; выдержать, крепиться","**ჭჵაღ-დ-ალარ** გრდუვ. 1. გამაგრება (გამაგრდება) 2. გადატ. გამაგრება, გაძლება"
čʼʕağ-d-almakʼar,ჭჵაღ-დ-ალმაკარ,,,,vi,,,გამაგრების შეძლება,,"смочь, сопротивляться, удержаться",**ჭჵაღ-დ-ალმაკარ** გრდუვ. გამაგრების შეძლება
čʼʕağ-d-ar,ჭჵაღ-დ-არ,,,,vt,,gaamagrebs,"გამაგრება (გაამაგრებს); დაქეთვა, დახურვა; დამწყვდევა; დაკავება",,"укрепить, сделать крепким; крепитесь, ребята; закрыть (двери...), запереть; закрыть, заточить, запереть (во что нибудь); задержать","**ჭჵაღ-დ-არ** გრდმ. 1. გამაგრება (გაამაგრებს) 2. დაკეტვა, დახურვა 3. დამწყვდევა 4. დაკავება"
čʼʕağna,ჭჵაღნა,d d,D,,n,,,"სიმაგრე, მაგარი ადგილი",,"крепость, твердость, жестокость, крепкое, жестокое место",**ჭჵაღნა** *დ დ* სიმაგრე; მაგარი ადგილი
čʼʕağoⁿ,ჭჵაღოჼ,,,,a,,,"მაგარი, ძლიერი, მტკიცე; მტკიცე, ძლიერი",strong,"крепкий, твердый, непоколебимый; твердый","**ჭჵაღოჼ** 1. მაგარი, ძლიერი, მტკიცე 2. გადატ. მტკიცე, ძლიერი"
čʼʕağol,ჭჵაღოლ,j j,J,,n,,tviseba,"სიმტკიცე, სიმაგრე (თვისება); სიმაგრე (ციხე-სიმაგრე)",,"прочность, твердость, крепость (свойство); крепость","**ჭჵაღოლ** *ჲ ჲ* სიმტკიცე, სიმაგრე (თვისება)"
čʼʕağqağ-d-ar,ჭჵაღჴაღ-დ-არ,,,,vt,,miamagr-moamagrebs,მიმაგრ-მომაგრება (მიამაგრ-მოამაგრებს),,укрепить кое-как,**ჭჵაღჴაღ-დ-არ** გრდმ. მიმაგრ-მომაგრება (მიამაგრ-მოამაგრებს)
xa,ხა,d j,Dj,,n,,xajvnĭ; xavnuⁿ,"ბარკალი; თეძო, ბარძაყი",thigh; hip,"бедро, ляжка, ножка (птицы)","**ხა** *დ ჲ* (ხაჲვნი̆; ხავნუჼ) ბარკალი; თეძო, ბარძაყი"
xabar-d-ar,ხაბარ-დ-არ,,,,vt,,gaaʒuncʼebs,გაძუნწება (გააძუნწებს),,(с)делать скупым,**ხაბარ-დ-არ** გრდმ. გაძუნწება (გააძუნწებს)
xabor,ხაბორ,b d,B,,n,,xabroⁿ/xabreⁿ,ობი,"mould, mildew",плесень,**ხაბორ** *ბ დ* (ხაბროჼ/ხაბრეჼ) ობი
xabžar,ხაბჟარ,, ,,vi,,dasxdebian,დასხდომა (დასხდებიან),,сесть,**ხაბჟარ** გრდუვ. მრ. დასხდომა (დასხდებიან)
xabž-d-ar,ხაბჟ-დ-არ,,,,,,dasxams,,,,**ხაბჟ-დ-არ** გრდმ. 1. დასხმა (დასხამს) 2. დარგვა
xabžujla,ხაბჟუჲლა,d d,,,,,adgili,,,,**ხაბჟუჲლა** *დ დ* დასასხდომი (ადგილი)
xabrol,ხაბროლ,j,,,,,,,,,"**ხაბროლ** *ჲ* სიძუნწე, ხარბობა"
"xabrolen, xebrolen, xobreleⁿ","ხაბროლენ, ხებროლენ, ხობრელეჼ",,,,,,,,,,"**ხაბროლენ, ხებროლენ, ხობრელეჼ** ობიანი"
xabroⁿ,ხაბროჼ,,,GE,a,,,"ძუნწი, ხარბი","stingy, greedy","скупой, алчный, жадный","**ხაბროჼ** ძუნწი, ხარბი"
xaverd,ხავერდ,d d,D,GE,n,,xaverdeⁿ,ხავერდი,,бархат,**ხავერდ** *დ დ* (ხავერდეჼ) ხავერდი
xavs,ხავს,d,D,GE,n,,xavseⁿ,ხავსი,,мех,**ხავს** *დ* (ხავსეჼ) ხავსი
xaz,ხაზ,d d,D,GE,n,,xazi; xazeⁿ,ხაზი,,линия,**ხაზ** *დ დ* (ხაზი; ხაზეჼ) ხაზი
xazareⁿ,ხაზარეჼ,,,,,,,,,,**ხაზარეჼ**  ხაზებიანი
xaziⁿ,ხაზიჼ,j j,J,GE,n,,,ხაზინა,,"казначейство, казна",**ხაზიჼ** *ჲ ჲ* ხაზინა
xazod-d-ar,ხაზოდ-დ-არ,,,GE,vt,,xazavs,[და]ხაზვა (ხაზავს),,"чертить, начертить",**ხაზოდ-დ-არ** გრდმ. [და]ხაზვა (ხაზავს)
xatbal,ხათბალ,b d,B,GE,n,,,ხათაბალა,,"беда, хлопоты",**ხათბალ** *ბ დ* ხათაბალა
xatr,ხათრ,b d,B,GE,n,,,ხათრი,,уважение,**ხათრ** *ბ დ* ხათრი
xakʼ,ხაკ,d d,,,,,xakʼi; xakʼeⁿ,,,,**ხაკ** *დ დ* (ხაკი; ხაკეჼ) ტომარა
xakʼ-d-alar,ხაკ-დ-ალარ,,,,,,moscʼqʼurdeba,,,,**ხაკ-დ-ალარ** გრდუვ. მოწყურება (მოსწყურდება)
"xakʼ-d-alinŏ, xakʼdajlnŏ","ხაკ-დ-ალინო̆, ხაკდაჲლნო̆",,,,,,,,,,"**ხაკ-დ-ალინო̆, ხაკდაჲლნო̆** მიმღ. მოწყურებული, მწყურვალი"
xakʼ-d-ar,ხაკ-დ-არ,,,,,,[mo]acʼqʼurebs,,,,**ხაკ-დ-არ** გრდმ. მოწყურება ([მო]აწყურებს)
xakʼ-d-ujnĭ,ხაკ-დ-უჲნი̆,,,,,,,,,,**ხაკ-დ-უჲნი̆** მიმღ. მომაწყურებელი
xakʼol,ხაკოლ,j,,,,,,,,,**ხაკოლ** *ჲ* წყურვილი
xalat,ხალათ,,J,GE,n,,xalti; xalteⁿ,ხალათი,,"рубашка (верхняя), блуза",**ხალათ** ჲ ჲ (ხალთი; ხალთეჼ) ხალათი
xalaⁿ,ხალაჼ,,,,a,,ambavi,"სამწუხარო, არასასიამოვნო (ამბავი), საწყენი","unfortunate, unpleasant, harmful","прискорбный, печальный","**ხალაჼ** სამწუხარო, არასასიამოვნო (ამბავი),საწყენი"
xalar,ხალარ,,,,vi,,gakreba,"გაქრობა (გაქრება), ჩაქრობა","go out, die out, vanish",погаснуть,"**ხალარ** გრდუვ. გაქრობა (გაქრება), ჩაქრობა"
xal-d-ar,ხალ-დ-არ,,,,,,čaakrobs,,,,"**ხალ-დ-არ** გრდმ. ჩაქრობა (ჩააქრობს), გაქრობა"
xalenŏ,ხალენო̆,,,,,,,,,,**ხალენო̆** მიმღ. გამქრალი
xaliz,ხალიზ,j j,J,GE,n,,xajlzeⁿ,ხალისი,,"охота, желание",**ხალიზ** *ჲ ჲ* (ხაჲლზეჼ) ხალისი
xalič,ხალიჩ,d d,D,GE,n,,xajlči; xajlčeⁿ,ხალიჩა,,ковер,**ხალიჩ** *დ დ* (ხაჲლჩი; ხაჲლჩეჼ)ხალიჩა
xalx,ხალხ,j,J,GE,n,,xalxoⁿ,ხალხი,people,народ,**ხალხ** *ჲ* (ხალხოჼ) ხალხი
xam,ხამ,,,GE,a,,,ხამი,,"неопытный, новичок, невыезженный (конь)",**ხამ** ხამი
xamcʼxamcʼ,ხამწხამწ,d,,,,,,,,,**ხამწხამწ** *დ* კნაწაკნუწი
xaⁿ,ხაჼ,j j,J,GE,n,,xaneⁿ,"ხანი, დრო, ჟამი",,время,"**ხაჼ** *ჲ ჲ* (ხანეჼ) ხანი, დრო, ჟამი"
xanluⁿ,ხანლუჼ,,,,,,,,,,**ხანლუჼ** ხნიერი
xan-žam,ხან-ჟამ,j,,,,,,,,,**ხან-ჟამ** *ჲ* დრო-ხანი
xan-žameħaɁ,ხან-ჟამეჰ’აჸ,,,,,,,,,,**ხან-ჟამეჰ’აჸ** ზმნს. დროზევე
xancʼol,ხანწოლ,j j,,,,,,,,,"**ხანწოლ** *ჲ ჲ* უხანობა, დროის უქონლობა, მოუცლელობა"
xaraz,ხარაზ,,,GE,n,,xarzi; xarzeⁿ,ხარაზი,,сапожник,**ხარაზ** (ხარზი; ხარზეჼ) ხარაზი
xaračŏ,ხარაჩო̆,d d,D,GE,n,,xaračuj; xarčujⁿ,ხარაჩო,,леса (для постройки),**ხარაჩო̆** *დ დ* (ხარაჩუჲ; ხარჩუჲჼ) ხარაჩო
xarbob,ხარბობ,d d,D,GE,n,,,ხარება,,благовещение,**ხარბობ** *დ დ* ხარება
xarzob,ხარზობ,d,D,GE,n,,,ხარაზობა,,сапожное дело,**ხარზობ** *დ* ხარაზობა
xartut,ხართუთ,j j,J,GE,n,,xartuteⁿ,ხართუთა,,"шелковица, тутовое дерево и его плод",**ხართუთ** *ჲ ჲ* (ხართუთეჼ) ხართუთა
xarisx,ხარისხ,j j,J,GE,n,,xarisxeⁿ,ხარისხი,,"сорт, качество, степень, достоинство",**ხარისხ** *ჲ ჲ* (ხარისხეჼ)ხარისხი
xarix,ხარიხ,b d,B,,n,,xajrxi; xajrxeⁿ,"ხალხა, გრძელი კეტი",,длинный шест,"**ხარიხ** *ბ დ* (ხაჲრხი; ხაჲრხეჼ) ხალხა, გრძელი კეტი"
xartʼul,ხარტულ,d d,D,GE,n,,xajrtʼli; xajrtʼleⁿ,"ხარატული, პოლორჭიკი",,деревяная пробка для бурдюков,"**ხარტულ** *დ დ* (ხაჲრტლი; ხაჲრტლეჼ) ხარატული, პოლორჭიკი"
xarc,ხარც,,,,adv,,,"უკუღმა, შებრუნებულად; არასწორი, მცდარი",,"наоборот, наизнанку; неправильный, ошибочный","**ხარც** ზმნს. 1. უკუღმა, შებრუნებულად 2. არასწორი, მცდარი"
xarc,ხარც,,,,adv,,čʼrelašv.,"უკუღმა, შებრუნებულად; არასწორი, მცდარი",,"наоборот, наизнанку; неправильный, ошибочный",**ხარც** ზმნს. შეცდომით *(ჭრელაშვ.)*
xarcar,ხარცარ,,,,vt,,gacvlis,"გაცვლა (გაცვალეს), გადაცვლა",,"обменять, променять","**ხარცარ**  გრდმ. გაცვლა (გაცვლის), გადაცვლა"
xarc-d-alar,ხარც-დ-ალარ,,,,,,gamoicvleba,,,,**ხარც-დ-ალარ** გრდუვ. გამოცვლა (გამოიცვლება)
xarc-d-ar,ხარც-დ-არ,,,,,,"gamocvlis, gamoicvlis",,,,"**ხარც-დ-არ** გრდმ. გამოცვლა (გამოცვლის, გამოიცვლის), შეცვლა"
xarcxarc,ხარცხარც,,,,,,,,,,"**ხარცხარც** ზმნს. შებრუნებულად, ერთის მაგიერ მეორე, არეულად, მცდარად"
xarxar,ხარხარ,d,D,GE,n,,,ხარხარი,,хохот,**ხარხარ** *დ* ხარხარი
xarǯ,ხარჯ,j j,J,GE,n,,,"ხარჯი, გამოსახედ-გადასახადი; ქელეხი",,"расход, ралог; поминки","**ხარჯ** *ჲ ჲ* 1. ხარჯი, გამოსაღებ-გადასახადი 2. ქელეხი"
xarǯod-d-ar,ხარჯოდ-დ-არ,,,,,,xarǯavs,,,,**ხარჯოდ-დ-არ** გრდმ. ხარჯვა (ხარჯავს)
xarŏ,ხარო̆,j j,J,GE,n,,xarujⁿ,"ხარო, ქვითკირის ორმო",,яма (с каменными стенами),"**ხარო̆** *ჲ ჲ* (ხარუჲჼ) ხარო, ქვითკირის ორმო"
xas,ხას,j d,F,GE,n,,,ხასა,,наложница,**ხას** *ჲ დ* ხასა
xatʼ,ხატ,d d,D,,n,,xatʼi; xatʼeⁿ,ჯვარი,cross,крест,**ხატ** *დ დ* (ხატი; ხატეჼ) ჯვარი **ხატათ** ზმნს. ჯვარედინად
xatʼod-d-ar,ხატოდ-დ-არ,,,GE,vt,,xatʼavs,ხატვა (ხატავს),,рисовать,**ხატოდ-დ-არ** გრდმ. ხატვა (ხატავს)
xatʼtʼar1,ხატტარ1,,,,vt,,"hkʼitxavs, ikʼitxavs","კითხვა (ჰკითხავს, იკითხავს); წაკითხვა (წაიკითხავს)",,спросить; прочесть,"**ხატტარ1** გრდმ. 1. კითხვა (ჰკითხავს, იკითხავს) 2. წაკითხვა (წაიკითხავს)"
xatʼtʼar2,ხატტარ2,,,,vi stat,,,"აკრავს, მიდგმულია, მიბმულია, მიმაგრებულია",,"пристроен, прикреплен, обведен (забором)","**ხატტარ2**გრდუვ. სტატ. აკრავს, მიდგმულია, მიბმულია, მიმაგრებულია"
xatʼtʼ-d-alar,ხატტ-დ-ალარ,,,,,,šeekʼitxeba,,,,**ხატტ-დ-ალარ** გრდუვ. შეკითხვა (შეეკითხება)
xatʼtʼ-d-alcʼiⁿ,ხატტ-დ-ალწიჼ,,,,,,,,,,**ხატტ-დ-ალწიჼ** შეუკითხავად
xatʼtʼitar,ხატტითარ,,,,,,,,,,**ხატტითარ** გრდმ. 1. შეკითხვინება 2. წაკითხვინება
xatʼtʼcʼiⁿ,ხატტწიჼ,,,,,,,,,,**ხატტწიჼ** 1. დაუკითხავად 2. წაუკითხავი
xapxar,ხაფხარ,,,,a,,batʼkʼani,"ქორფა. ჩვილი, უსუსური; ახალშობილი (ბატკანი...)","tender, fresh, delicate, frail; new-born (lamb)","нежный, молодой, слабый, молочный (о ягненке, теленке...)","**ხაფხარ** ქორფა, ჩვილი, უსუსური; ახალშობილი (ბატკანი)"
xaš,ხაშ,d d,D,GE,n,,xašeⁿ,"ხაში; ხაში, საფუარი",,"хаши (вереная требуха); дрожжи, закваска (для теста)","**ხაშ** *დ დ* (ხაშეჼ) 1. ხაში 2. ხაში, საფუარი"
xašal,ხაშალ,,,GE,a,,,ჭლექიანი,"consumptive, tubercular",туберкулезный,**ხაშალ** ჭლექიანი
xacʼar,ხაწარ,,,,vi,,esmis,"სმენა (ესმის); გაგება, შეგნება",,"слышать, понимать","**ხაწარ** გრდუვ. სმენა (ესმის); გაგება , შეგნება"
xacʼ-d-alar,ხაწ-დ-ალარ,,,,,,gagonil ikneba,,,,**ხაწ-დ-ალარ** გრდუვ. გაგონება (გაგონილ იქნება)
xacʼ-d-ar,ხაწ-დ-არ,,,,,,[ga]agonebs,,,,**ხაწ-დ-არ** გაგონება ([გა]აგონებს); გაგებინება
xacʼ-d-ujnĭ,ხაწ-დ-უჲნი̆,,,,,,,,,,**ხაწ-დ-უჲნი̆** მიმღ. გამგებინებელი
xaxkʼar,ხახკარ,,,,vt,,gaačʼenebs,გაჭენება (გააჭენებს),,заставить поскакать (лошадь); пропустим по рюмочке водки,**ხახკარ** გრდმ. გაჭენება (გააჭენებს)
xaxkʼujnĭ,ხახკუჲნი̆,,,,,,,,,,**ხახკუჲნი̆** მიმღ. გამჭენებელი
xaxŏ,ხახო̆,b d,B,GE,n,,xaxuj; xaxujⁿ,ხახვი,,лук,**ხახო̆** *ბ დ* (ხახუჲ; ხახუჲჼ) ხახვი
"xaŭkʼ-d-ar, xoŭkʼ-d-ar (xaŭkʼo-d-ŏ, xoŭkʼo-d-ŏ)","ხაუ̆კ-დ-არ, ხოუ̆კ-დ-არ (ხაუ̆კო-დ-ო̆, ხოუ̆კო-დ-ო̆)",,,,,,"xaŭkʼo-d-ŏ, xoŭkʼo-d-ŏ",,,,"**ხაუ̆კ-დ-არ, ხოუ̆კ-დ-არ (ხაუ̆კო-დ-ო̆, ხოუ̆კო-დ-ო̆)** გრდუვ. წყურვილი (სწყურია)"
"xaŭkʼ-d-ujnĭ, xoŭkʼ-d-ujnĭ","ხაუ̆კ-დ-უჲნი̆, ხოუ̆კ-დ-უჲნი̆",,,,,,,,,,"**ხაუ̆კ-დ-უჲნი̆, ხოუ̆კ-დ-უჲნი̆** მიმღ. მწყურვალე"
xajlzeⁿ,ხაჲლზეჼ,,,GE,a,,,ხალისიანი,,жизнеродостный,**ხაჲლზეჼ** ხალისიანი
"xajlsebad-d-ar, xajlzebad-d-ar","ხაჲლსებად-დ-არ, ხაჲლზებად-დ-არ",,,,,,[ga]axalisebs,,,,"**ხაჲლსებად-დ-არ, ხაჲლზებად-დ-არ** გრდმ. გახალისება ([გა]ახალისებს), წახალისება"
xajsat,ხაჲსათ,j j,J,GE,n,,xajsteⁿ,ხასიათი,,характер,**ხაჲსათ** *ჲ ჲ* (ხაჲსთეჼ) ხასიათი
xajsatcʼiⁿ,ხაჲსათწიჼ,,,,,,,,,,**ხაჲსათწიჼ** უხასიათო
xaɁar1,ხაჸარ1,,,,vi,,daǯdeba,"დაჯდომა (დაჯდება), შეჯდომა; დაჯდომა (ძვირად)",,сесть; обойтись (дорого...),"**ხაჸარ1** გრდუვ. 1. დაჯდომა (დაჯდება), შეჯდომა 2. დაჯდომა (ძვირად)"
xaɁar2,ხაჸარ2,,,,vi,,gaigebs,"გაგება (გაიგებს), შემჩნევა, შეტყობა","find out, understand, observe","узнать, понять","**ხაჸარ2** გრდუვ. გაგება (გაიგებს), შემჩნევა, შეტყობა"
xaɁ-d-ar,ხაჸ-დ-არ,,,,,,dasvams,,,,**ხაჸ-დ-არ** გრდმ. დასმა (დასვამს)
xaɁitar,ხაჸითარ,,,,,,gaagebinebs,,,,"**ხაჸითარ** გრდმ. გაგებინება (გააგებინებს), შეტყობინება, ცნობება"
xaɁujla,ხაჸუჲლა,d d,,,,,adgili,,,,**ხაჸუჲლა** *დ დ* დასაჯდომი (ადგილი)
xebžar,ხებჟარ,,,,vi,,sxdebian,დასხდომა (სხდებიან),,содиться,**ხებჟარ** გრდუვ. დასხდომა (სხდებიან)
xebž-d-ar,ხებჟ-დ-არ,,,,vt,,sxamen,,pl,,**ხებჟ-დ-არ** მრ. გრდმ. 1. დასხმა (სხამენ) 2. დარგვა
xetar,ხეთარ,,,,vi,,"ipʼovis, pʼoulobs","პოვნა (იპოვის, პოულობს); გონება (ჰგონია), მიაჩნია, იცის","find; deem, think, find","находить, найти; уметь, находить, думать","**ხეთარ** გრდუვ. 1. პოვნა (იპოვის, პოულობს) 2. გონება (ჰგონია), მიაჩნია, იცის"
xeibar,ხეიბარ,,,GE,a,,,ხეიბარი,,"калека, увечный",**ხეიბარ** ხეიბარი
"xelat, qelat","ხელათ, ჴელათ",,,,,,,,,,"**ხელათ, ჴელათ** ზმნს. ხელად, ახლავე"
xelar,ხელარ,,,,vi,,kreba,"გაქრობა (ქრება); დასუსტება (სუსტდება), კვდომა",,"гаснуть, пухнуть; гаснуть, ослабевать, умирать",**ხელარ** გრდუვ. 1. გაქრობა (ქრება) 2. გადატ. დასუსტება (სუსტდება)
xel-d-ar,ხელ-დ-არ,,,,vt,,akrobs,ქრობა (აქრობა),,"гасить, тушить",**ხელ-დ-არ** გრდმ. ქრობა (აქრობს)
xeldaxel,ხელდახელ,,,GE,adv,,,ხელდახელ,,на скорую руку,**ხელდახელ** ზმნს. ხელდახელ
"xeldaɁŏ, qeldaɁŏ","ხელდაჸო̆, ჴელდაჸო̆",j j,,,,,xaldaɁuj; xeldaɁujⁿ,,,,"**ხელდაჸო̆, ჴელდაჸო̆** *ჲ ჲ* (ხალდაჸუჲ; ხელდაჸუჲჼ) ხელადა"
"xelsan, xelosaⁿ","ხელსან, ხელოსაჼ",v b,,,,,xelosni; xelosneⁿ,,,,"**ხელსან, ხელოსაჼ** *ვ ბ* (ხელოსნი; ხელოსნეჼ) ხელოსანი"
xelpas,ხელფას,b d,B,GE,n,,xelpaseⁿ,ხელფასი,,заработная плата,**ხელფას** *ბ დ* (ხელფასეჼ) ხელფასი
xelkveit,ხელქვეით,,,,,,,,,,**ხელქვეით** ხელქვეითი
xelčap,ხელჩაფ,j j,J,GE,n,,xelčapi; xelčapeⁿ,ხელჩაფი,,сосуд для воды и  мера вина,**ხელჩაფ** *ჲ ჲ* (ხელჩაფი; ხელჩაფეჼ) ხელჩაფი
xelcʼeril,ხელწერილ,d d,D,GE,n,,xelcʼirli; xelcʼirleⁿ,ხელწერილი,,расписка,**ხელწერილ** *დ დ* (ხელწირლი; ხელწირლეჼ) ხელწერილი
xeⁿ,ხეჼ,b d,B,,n,,xenbi; xeneⁿ,ხე,tree,дерево,**ხეჼ** *ბ დ* (ხენბი; ხენეჼ) ხე
xeniⁿkʼos,ხენიჼკოს,,,,,,alir.,,,,"**ხენიჼკოს** გეჯა, როფი *(ალირ.)*"
xepʼtʼar,ხეპტარ,,,,vi,,isrutʼavs,"სრუტვა (ისრუტავს), ხარბად სმა, ხვრეპა",,"всасывать, впитывать, жадно пить","**ხეპტარ** გრდუვ. სრუტვა (ისრუტავს), ხარბად სმა, ხვრეპა"
xerg,ხერგ,j j,J,GE,n,,xergi; xergeⁿ,ხერგი,,бревно,**ხერგ** *ჲ ჲ* (ხერგი; ხერგეჼ) ხერგი
xercar,ხერცარ,,,,vt,,cvlis,ცვლა (ცვლის),,менять,**ხერცარ** გრდმ. ცვლა (ცვლის)
xerc-d-alar,ხერც-დ-ალარ,,,,,,icvleba,,,,**ხერც-დ-ალარ** გრდუვ. გამოცვლა (იცვლება)
xerc-d-ar,ხერც-დ-არ,,,,,,[i]cvlis,,,,"**ხერც-დ-არ** გრდმ. გამოცვლა, შეცვლა ([ი]ცვლის)"
xerclajnĭ,ხერცლაჲნი̆,,,,,,,,,,**ხერცლაჲნი̆** მიმღ. ცვალებადი
xerx,ხერხ,b d,B,GE,n,,xerxi; xerxeⁿ,ხერხი,saw,пила,**ხერხ** *ბ დ* (ხერხი; ხერხეჼ) ხერხი
xetʼar,ხეტარ,,,,v,,cʼqʼdeba,გაწყდომა (წყდება),,рваться,"**ხეტარ** გრდუვ. 1. გაწყდომა (წყდება) 2. დაწყდომა, მოქანცვა (იქანცება)"
xetʼ-d-ar,ხეტ-დ-არ,,,,,,cʼqʼvetʼs,,,,**ხეტ-დ-არ** გრდმ. გაწყვეტა (წყვეტს)
xetʼ-d-itar,ხეტ-დ-ითარ,,,,,,acʼqʼvetʼinebs,,,,**ხეტ-დ-ითარ** გრდმ. გაწყვეტინება (აწყვეტინებს)
xetʼtʼar1,ხეტტარ1,,,,vt,,kʼitxulobs; ekʼitxeba,"კითხვა (კითხულობს, ეკითხება)",,"читать, спрашивать",**ხეტტარ1** გრდმ. კითხვა (კითხულობს; ეკითხება)
xetʼtʼar2,ხეტტარ2,,,,vt,,miadgams,"მიდგმა (მიადგამს), მიბმა, მიმაგრება, მიკერება",,"приставлять, приделывать, присоединять, пришивать","**ხეტტარ2**გრდმ. მიდგმა (მიადგამს), მიბმა, მიმაგრება; მიკერება"
xetʼtʼ-d-alar,ხეტტ-დ-ალარ,,,,,,ekʼitxeba,,,,**ხეტტ-დ-ალარ** გრდუვ. კითხვა (ეკითხება)
xetʼtʼitar,ხეტტითარ,,,,,,akʼitxvinebs,,,,**ხეტტითარ** გრდმ. 1. შეკითხვინება (აკითხვინებს) 2. წაკითხვინება (აკითხებს)
xe-tʼqʼ,ხე-ტყ,d,D,GE,n,,xe-tʼqʼeⁿ,ხე-ტყე,,лесной строительный материал,**ხე-ტყ** *დ* (ხე-ტყეჼ) ხე-ტყე
xecar,ხეცარ,,,,vt,,[ga]ušvebs,გაშვება ([გა]უშვებს),,"отпустить, отпускать",**ხეცარ** გრდმ. გაშვება ([გა]უშვებს)
xexad-d-ar,ხეხად-დ-არ,,,GE,vt,,xexavs,"ხეხვა (ხეხავს), ხახუნი",,"тереть, растирать","**ხეხად-დ-არ** გრდმ. ხეხვა (ხეხავს), ხახუნი"
xexil,ხეხილ,j,J,GE,n,,,ხეხილი,,фруктовые деревья,**ხეხილ** *ჲ* ხეხილი
xexkʼar,ხეხკარ,,,,vt,,ačʼenebs,ჭენება (აჭენებს),,"скакать; ври, да знай меру",**ხეხკარ** გრდმ. ჭენება (აჭენებს)
xeɁar1,ხეჸარ1,,,,vi,,ǯǯdeba,"დაჯდომა (ჯდება), შეჯდომა; გაჯდომა (უჯდება); დაჯდომა (უჯდება ძვირად)",,садиться; пропитываться; обходиться (о цене),"**ხეჸარ1** გრდუვ. 1. დაჯდომა (ჯჯდება), შეჯდომა 2. გაჯდომა (უჯდება) 3. დაჯდომა (უჯდება ძვირად)"
xeɁar2,ხეჸარ2,,,,vi,,igebs,"გაგება (იგებს), შემჩნევა, შეტყობა","know, understand, find out","знать, узнавать, понимать","**ხეჸარ2** გრდუვ. გაგება (იგებს) შემჩნევა, შეტყობა"
xeɁ-d-ar,ხეჸ-დ-არ,,,,,,svams,,,,**ხეჸ-დ-არ** გრდმ. 1. დასმა (სვამს) 2. ჩატევა (ატევს)
"xvniš, xvriš","ხვნიშ, ხვრიშ",j j,,,,,,,,,"**ხვნიშ, ხვრიშ** *ჲ ჲ* ხვრიში"
xi,ხი,d d,D,,n,,xišĭ; xiⁿ,"წყალი, წყარო, მდინარე","water; source, river, steram","вода, река, ручей, пруд","**ხი** *დ დ* (ხიში̆; ხიჼ)წყალი, წყარო, მდინარე **ხი დაჸითარ** გრდმ. წყლის გადმოგდება **ხი დახითარ** გრდმ. წყლის გაშვება, მიშვება, მორწყვა **ხი დაჴდალარ** გრდუვ. წყლის ადიდება (წყალი ადიდდება) **ხი ჴალლარ** 1) გრდმ. წყლის კურთხევა (წყალს აკურთხებს) 2) დ ნათლისღება **ხი ლაქდარ, ხი ლექდარ** გრდმ. წყლის მოგდება ([მო]უგდებს)"
xibak,ხიბაქ,,,,,,šipn.,,,,"**ხიბაქ** წყლის პირი, შესართავი *(შიფნ.)*"
xizlal,ხიზლალ,b d,B,GE,n,,xizlaleⁿ,ხიზილალა,,икра,**ხიზლალ** *ბ დ* (ხიზლალეჼ) ხიზილალა
xizod-d-ar,ხიზოდ-დ-არ,,,GE,vt,,xizavs,ხიზვა (ხიზავს),,заделывать глиняные изделия замазкой из сала и золы,**ხიზოდ-დ-არ** გრდმ. ხიზვა (ხიზავს)
xiⁿ,ხიჼ,d,D,RU,n,,xineⁿ,ქინაქინა,,хинина,**ხიჼ** *დ* (ხინეჼ) ქინაქინა
=xin,=ხინ,,,,,,,,,,**=ხინ**ნათ. ბრ. თანდ.
xinčʼ,ხინჭ,d d,D,,n,,xinčʼeⁿ,წილი,,гнида,**ხინჭ** *დ დ* (ხინჭეჼ) წილი
xitʼar,ხიტარ,,,,vi,,gacʼqʼdeba,"გაწყდომა (გაწყდება); გაწყდომა, ამოწყდომა; გადაწყვეტა (გადაუწყდება)",,"порваться, разорваться; истребиться, прекратиться; присудить; Шортишвили присудили пять лет","**ხიტარ** გრდუვ. 1. გაწყდომა (გაწყდება) 2. დაწყვეტა, გაწყვეტა (წყლისა) 3. გაწყდომა, ამოწყდომა"
xitʼ-d-ar,ხიტ-დ-არ,,,,,,gacʼqʼvetʼs,,,,**ხიტ-დ-არ** გრდმ. გაწყვეტა (გაწყვეტს)
xitʼ-d-itar,ხიტ-დ-ითარ,,,,,,gaacʼqʼvetʼinebs,,,,**ხიტ-დ-ითარ** გრდმ. გაწყვეტინება (გააწყვეტინებს)
xitʼcʼiⁿ,ხიტწიჼ,,,,,,,,,,**ხიტწიჼ** განუწყვეტლივ
xipat,ხიფათ,j j,J,GE,n,,xipteⁿ,ხიფათი,,"беда, напасть (неожиданная опасность)",**ხიფათ** *ჲ ჲ* (ხიფთეჼ) ხიფათი
xicʼicʼ,ხიწიწ,b,B,,n,,xicʼcʼeⁿ,ხოხოზიკი,,выжарки (курдюка),"**ხიწიწ** *ბ* (ხიწწეჼ) ხოხოზიკი, ხიწიწი"
"xixlaren, xexilareⁿ","ხიხლარენ, ხეხილარეჼ",,,,,,,,,,"**ხიხლარენ, ხეხილარეჼ** ხეხილიანი"
xiɬar,ხილ’არ,,,,vi,,aris,"ყოფნა (იქნება, ექნება); გახდომა",,"быть (будет), иметь; стать (кем, чем-нибудь)","**ხილ’არ** გრდუვ, იხმარება მხოლოდ სრული ასპექტის დროებში, უსრულში ენაცვლება დამხმარე ზმნა დ-ა (არის) 1. ყოფნა (იქნება, ექნება) 2. მოხდენა (მოხდება, მოუხდება, მოუვა)"
xiɬitar,ხილ’ითარ,,,,,,aqʼoliebs,,,,**ხილ’ითარ** გრდმ. ყოლიება (აყოლიებს)
"xijen, xijereⁿ","ხიჲენ, ხიჲერეჼ",,,,,,,,,,"**ხიჲენ, ხიჲერეჼ** წყლიანი, ცვრიანი"
xkʼar,ხკარ,d d,D,,n,,xkʼareⁿ,ყორე,dry stone wall,"каменная стена, каменная ограда",**ხკარ** *დ დ* (ხკარეჼ) ყორე
xkʼe[a],ხკე[ა],j j,,,,,xkʼiš; xkʼeⁿ,,,,"**ხკე[ა]** *ჲ ჲ* (ხკიშ; ხკეჼ) ხეობა **ხკე (ახკე) დ-ალ’არ** გრდუვ. გადაჩეხა (გადაიჩეხება), დაგორება"
xkʼo,ხკო,d d,D,,n,,xkʼoluⁿ,ზაფხული,summer,лето,**ხკო** *დ დ* (ხკოლუჼ) ზაფხული
xkʼoluⁿ,ხკოლუჼ,,,,,,,,,,**ხკოლუჼ** ზაფხულისა
xkʼor,ხკორ,d d,D,,n,,xkʼoreⁿ,შარდის ბუშტი,bladder,мочевой пузыр,**ხკორ** *დ დ* (ხკორეჼ) შარდის ბუშტი
xmarbad-d-ar,ხმარბად-დ-არ,,,GE,vt,,"xmarobs, axmarebs","მოხმარება (ხმარობს, ახმარებს)",,"употреблять, давать в помощь","**ხმარბად-დ-არ** გრდმ. მოხმარება (ხმარობს, ახმარებს)"
xmelita,ხმელითა,j j,J,GE,n,,xmelitajⁿ,ხმელეთი,,"суша, земля, мир",**ხმელითა** *ჲ ჲ* (ხმელითაჲჼ) ხმელეთი
xmiad,ხმიად,j j,J,GE,n,,xmiadeⁿ,ხმიადი,,пресный хлеб,**ხმიად** *ჲ ჲ* (ხმიადეჼ) ხმიადი
xobž-d-ar,ხობჟ-დ-არ,,,,vt,,,,pl,,**ხობჟ-დ-არ** მრ. იხ. ხოჸ-დ-არ2
"xobs, xops","ხობს, ხოფს",b d,,,,,xopsni; xopseⁿ,,,,"**ხობს, ხოფს** *ბ დ* (ხოფსნი; ხოფსეჼ) ნაფხვენი, ნაფშვნეტი; ფხვნილი"
xod,ხოდ,,,GE,n,,,ხვადი,,самец,**ხოდ** ხვადი
xokʼer,ხოკერ,j j,J,GE,n,,xokʼri; xokʼreⁿ,ხოკერი,,короб,**ხოკერ** *ჲ ჲ* (ხოკრი; ხოკრეჼ) ხოკერი *(კასრის მსგავსი პატარა ჭურჭელი)*
xolot,ხოლოთ,,,GE,conj,,,მხოლოდ,"but, only","но, только",**ხოლოთ** კავშ. მხოლოდ
xoⁿ,ხოჼ,j j,J,GE,n,,xoni; xoneⁿ,"ხონი, ხონჩა, თაბახი",,лоток (деревянное блюдо),"**ხოჼ** *ჲ ჲ* (ხონი; ხონეჼ) ხონი, ხონჩა, თაბახი"
xopʼtʼar,ხოპტარ,,,,vt,,šesrutʼavs,შესრუტვა (შესრუტავს); ხარბად დალევა,,"впитать, всосать, жадно выпить",**ხოპტარ** გრდმ. შესრუტვა (შესრუტავს); ხარბად დალევა
xorag,ხორაგ,j j,J,,n,,xorgeⁿ,"ხორაგი, საჭმელი",,"съестное, кушанье","**ხორაგ** *ჲ ჲ* (ხორგეჼ) ხორაგი, საჭმელი"
xoroš,ხოროშ,,,,:,,rošavs,მსხვილად როშვა (როშავს),,крупно молоть,**ხოროშ**: ხოროშ აჰ’არ გრდმ. მსხვილად როშვა (როშავს)
xoršaɁ[ŏ],ხორშაჸ[ო̆],j j,,,,,,,,,"**ხორშაჸ[ო̆]** *ჲ ჲ* ციება, ციებ-ცხელება, ხორშაკი"
xotʼraq,ხოტრაჴ,j j,J,,n,,xotʼrqi,"გრძელი, მსხვილი ნაწნავი",,"длинные, толстые косы","**ხოტრაჴ** *ჲ ჲ* (ხოტრჴი) გრძელი, მსხვილი ნაწნავები"
xotʼtʼar,ხოტტარ,,,,vt,,miadgams,"მიდგმა (მიადგამს), გადაბმა, მიკერება, მიმაგრება",,"приставить, приделать, присоединить, пришить","**ხოტტარ** გრდმ. მიდგმა (მიადგამს), გადაბმა, მიკერება, მიმაგრება"
xockap,ხოცქაფ,,,,n,,,ბიჭუკელა,,"малыш, пацан",**ხოცქაფ** ბიჭუკელა
xocʼad-d-ar,ხოწად-დ-არ,,,GE,vt,,ʒapisa,ხვეწა (ძაფისა),,очищать нитки от ворсинок,**ხოწად-დ-არ** გრდმ. ხვეწა (ძაფისა)
xoxor,ხოხორ,d d,D,GE,n,,,"ხოხორი, ზოგიერთი მცენარის კოკორი",,бутон некоторых деревьев,"**ხოხორ** *დ დ* ხოხორი, ზოგიერთი მცენარის კოკორი"
xoŭkʼ-d-ar,ხოუ̆კ-დ-არ,,,,,,,,,,**ხოუ̆კ-დ-არ** გრდუვ. იხ. ხოუ̆კ-დ-არ
xoŭkʼ-d-ujnĭ,ხოუ̆კ-დ-უჲნი̆,,,,,,,,,,**ხოუ̆კ-დ-უჲნი̆** მიმღ. იხ. ხოუ̆-დ-უჲნი̆
xoj,ხოჲ,b d,B,,n,,xojerč; xojⁿ,კონა,,"пучек, связка (травы, двор...)",**ხოჲ** *ბ დ* (ხოჲერჩ; ხოჲჼ) კონა
xoɁar,ხოჸარ,,,,vi,,[da]etʼeva,"დატევა ([და]ეტევა), ჩატევა, მოთავსება ([მო]თავსდება)",,"поместиться, вместиться","**ხოჸარ** გრდუვ. დატევა ([და]ეტევა), ჩატევა, მოთავსება ([მო]თავსდება)"
xoɁ-d-ar1,ხოჸ-დ-არ1,,,,,,,,,,**ხოჸ-დ-არ1** გრდმ. იხ. ხაჸ-დ-არ
xoɁ-d-ar2,ხოჸ-დ-არ2,,,,,,čaatʼevs,,,,**ხოჸ-დ-არ2** გრდმ. ჩატევა (ჩაატევს); მოთავსება
"xram, xramxram","ხრამ, ხრამხრამ",d,,,,,,,,,"**ხრამ, ხრამხრამ** *დ* ხრამუნი"
xramul,ხრამულ,b d,B,GE,n,,xrajmleⁿ,ხრამული,,"вид рыбы, храмули",**ხრამულ** *ბ დ* (ხრაჲმლეჼ) ხრამული
xrikʼ,ხრიკ,d d,D,GE,n,,xrikʼi; xrikʼeⁿ,"ხრიკა, დუგმა; ხრიკი, ოინი, ეშმაობა, ცუღლუტობა",,"крючок на платье; каверза, происки","**ხრიკ** *დ დ* (ხრიკი; ხრიკეჼ) ხრიკა, დუგმა 2. გადატ. ხრიკი, ოინი, ეშმაკობა, ცუღლუტობა"
xrupʼ,ხრუპ,d d,D,GE,n,,,ხრუპი,,"шум, издаваемый при приеме жидкой пищи",**ხრუპ** *დ დ* ხრუპი **ხრუდარ** გრდმ. ხვრეპა
"xrutʼxrutʼ, ğrutʼğrutʼ","ხრუტხრუტ, ღრუტღრუტ",d,,,,,,,,,"**ხრუტხრუტ, ღრუტღრუტ** *დ* კრუტუნი"
xsnil,ხსნილ,d,D,GE,n,,,ხსნილი,,разговенье,**ხსნილ** *დ* ხსნილი
xutad-d-ar,ხუთად-დ-არ,,,GE,vt,,xutavs,ხუთვა (ხუთავს),,сводить судорогой (о мышцах),**ხუთად-დ-არ** გრდმ. ხუთვა (ხუთავს)
xum,ხუმ,,,GE,ptcl,,,ხომ,(question particle),ведь,**ხუმ** კითხვ. ნაწ. ხომ
xumcʼ,ხუმწ,b d,B,GE,n,,xumcʼeⁿ,"ხუნწი, მოცხარი",,смородина,"**ხუმწ** *ბ დ* (ხუმწეჼ) ხუნწი, მოცხარი"
xuntʼxuntʼ,ხუნტხუნტ,d,,,,,,,,,"**ხუნტხუნტ** *დ* ღრუტუნი, ტრუხუნი ღორისა"
xupʼ xupʼaɬar,ხუპ ხუპალ’არ,,,,,,šexvrepʼs,,,,**ხუპ ხუპალ’არ** გრდმ. შეხვრეპა (შეხვრეპს)
xupʼajɬŭ,ხუპაჲლ’უ̆,d,,,,,,,,,"**ხუპაჲლ’უ̆** *დ* წვნიანი, სახვრეპი, შესახვრეპი"
xurd,ხურდ,d d,D,GE,n,,xurdeⁿ,ხურდა,(loose) change,мелочь (о деньгах),**ხურდ** *დ დ* (ხურდეჼ) ხურდა
xurdbad-d-ar,ხურდბად-დ-არ,,,,,,daaxurdavebs,,,,**ხურდბად-დ-არ** გრდმ. დახურდავება (დაახურდავებს)
xurm,ხურმ,j j,J,GE,n,,xurmeⁿ,ხურმა,,хурма,**ხურმ** *ჲ ჲ* (ხურმეჼ) ხურმა
xurs,ხურს,d d,D,,n,,,"ნასიცხი, მსხმო, ზღმურდლი",,сыпь,"**ხურს** *დ დ* ნასიცხი, მსხმო, ზღმურდლი"
xuruš,ხურუშ,j,J,GE,n,,,ხურუში,,"сильное желание, сильная страсть (к чему-нибудь)",**ხურუშ** *ჲ* ხურუში
"xurxur, xur","ხურხურ, ხურ",d,,,,,,,,,"**ხურხურ, ხურ** *დ* ხვრინვა"
xuxad-d-ar,ხუხად-დ-არ,,,GE,vt,,xuxavs,"ხუხვა (ხუხავს); გათბობა, გაშრობა, მოშუშვა",,"греть, сушить (на огне), слегка поджаривать","**ხუხად-დ-არ** გრდმ. ხუხვა (ხუხავს); გათბობა, გაშრობა, მოშუშვა"
xuxlaɁŏ,ხუხლაჸო̆,d d,,,,,xuxlaɁujⁿ,,,,**ხუხლაჸო̆** *დ დ* (ხუხლაჸუჲჼ) ხუხულა
xširoⁿ,ხშიროჼ,,,GE,a,,,ხშირი,frequent,"густой, частый",**ხშიროჼ** ხშირი
xširširoš,ხშირშიროშ,,,,,,,,,,**ხშირშიროშ** ზმნს. ხშირშირად
qa1,ჴა1,b d,B,,n,,qarš; qajⁿ,ღორი,pig,свинья,**ჴა1** *ბ დ* (ჴარშ; ჴაჲჼ)ღორი
qa2,ჴა2,,,,num,,,"მესამე, მესამედი",third,третий,**ჴა2**  იხ. ჴო იხმარება მსაზღვრელად სახელობითის გარდა ყველა ბრუნვაში
qadal,ჴადალ,b d,B,,n,,qadli; qadleⁿ,"ფაშატი ცხენი, ჭაკი ცხენი",mare,кобыла,"**ჴადალ** *ბ დ* (ჴადლი; ჴადლეჼ) ფაშატი ცხენი, ჭაკი ცხენი"
qav,ჴავ,d d,D,,n,,qaveⁿ,ყანა,"field of cereal, arable land",нива,**ჴავ** *დ დ* (ჴავეჼ) ყანა
qattar,ჴათთარ,,,,vi stat,,akʼravs,კრობა (აკრავს),"be attached to, stick to",быть прилепленным,**ჴათთარ** გრდუვ. სტატ. კრობა (აკრავს)
qatt-d-ar,ჴათთ-დ-არ,,,,,,miakʼravs,,,,"**ჴათთ-დ-არ** გრდმ. მიკრობა (მიაკრავს), მიკოწიწება, დაწებება, მირჩილვა"
qatx-d-ar,ჴათხ-დ-არ,,,,vt,,xelisa,,pl,,**ჴათხ-დ-არ** გრდმ. მრ. ჩაჭიდება (ხელისა)...მოკიდება
qaliⁿ,ჴალიჼ,,,,,,,,,,**ჴალიჼ** სამიანი
qallar1,ჴალლარ1,d d,,,n,vt,šečʼams,,,,**ჴალლარ1** 1. გრდმ. ჭამა (შეჭამს) 2. *დ დ* საჭმელი
qallar2,ჴალლარ2,,,,vi stat,,,"ახურავს, აფარია",be closed,"быть надетым, накрытым","**ჴალლარ2** გრდუვ. სტატ. ახურავს, აფარია"
qallar3,ჴალლარ3,,,,vi stat,,mibrǯenilia,მიბჯენა (მიბჯენილია); დამოკიდებულია,lean; hang,упираться; зависеть,**ჴალლარ3** გრდუვ. სტატ. 1. მიბრჯენა (მიბრჯენილია) 2. გადატ. დამოკიდებულია
qallinŏ,ჴალლინო̆,,,,,,,,,,**ჴალლინო̆** მიმღ. დამოკიდებული
qall-maɬar,ჴალლ-მალ’არ,d d,,,,,,,,,**ჴალლ-მალ’არ** *დ დ* ჭამა-სმა
qalğeⁿ,ჴალღეჼ,,,,,,,,,,"**ჴალღეჼ** მესამე, მესამედი"
qaⁿ,ჴაჼ,,,,,,,,,,**ჴაჼ** ზმნს. ხვალ
qanluⁿ,ჴანლუჼ,,,,,,,,,,**ჴანლუჼ** ხვალინდელი
qano,ჴანო,j j,,,,,,,,,**ჴანო** *ჲ ჲ* ხვალე
qapʼtʼar,ჴაპტარ,,,,vi,,miscʼvdeba,"მიწვდომა (მისწვდება), რამისათვის ხელის გაწვდენა, ჩაწვდომა",reach for,"протянуть (руку за чем-л.), достать","**ჴაპტარ** გრდუვ. მიწვდომა (მისწვდება), რამისათვის ხელის გაწვდენა, ჩაწვდომა"
qapʼtʼ-d-ar,ჴაპტ-დ-არ,,,,,,miacʼodebs,,,,"**ჴაპტ-დ-არ** გრდმ. მიწოდება (მიაწოდებს), ჩაწვდენა, ჩაწვდომა"
qapʼtʼmakʼar,ჴაპტმაკარ,,,,vi,,,მიწვდომის შეძლება,,"быть в состоянии, мочь достать (рукой...)",**ჴაპტმაკარ** გრდუვ. მიწვდომის შეძლება
qartqurtnaleⁿ,ჴართჴურთნალეჼ,,,,,,,,,,**ჴართჴურთნალეჼ** კურკუშელ[ებ]იანი
qartqurtni,ჴართჴურთნი,j,J,,n,,,კურკუშელები,lumps of flour,комочки (в тесте),**ჴართჴურთნი** *ჲ* მრ. კურკუშელები
qarnaqʼ,ჴარნაყ,j j,J,,n,,,ღორის ქადა,prickly lettuce,молочник,**ჴარნაყ** *ჲ ჲ* ბოტ. ღორის ქადა
"qartʼan : qartʼan  ev-d-ar, qartʼan  ecar","ჴარტან : ჴარტან  ევ-დ-არ, ჴარტან  ეცარ",,,,,,[a]igdebs,,,,"**ჴარტან : ჴარტან  ევ-დ-არ, ჴარტან  ეცარ** მასხრად აგდება ([ა]იგდებს)"
qarš,ჴარშ,,,,n,,,,,,**ჴარშ** მრ. იხ. ჴა
qarcʼar,ჴარწარ,,,,v,,moxalavs,მოხალვა (მოხალავს),"toast, roast",поджарить (кукурузу...),**ჴარწარ** გრდმ. მოხალვა (მოხალავს)
qarcʼ-d-alar,ჴარწ-დ-ალარ,,,,vi,,moixaleba,მოხალვა (მოიხალება),be roasted,поджариться (о кукурузе...),**ჴარწ-დ-ალარ** გრდუვ. მოხალვა (მოიხალება)
qarcʼ-d-ar,ჴარწ-დ-არ,,,,vt,,cʼqʼalši,"გავლება, ამოვლება (წყლისა)","rinse, wash","обмакнуть, сполоснуть, выполоскать","**ჴარწ-დ-არ** გრდმ. გავლება, ამოვლება (წყალში)"
qarcʼinŏ,ჴარწინო̆,,,,,,,,,,**ჴარწინო̆** მიმღ. მოხალული
qasar,ჴასარ,,,,vt,,gadaqʼris,,pl,,**ჴასარ** გრდმ. 1. [გა]დაყრა (გადაყრის) 2. გადატ. დაყრა (დააყრის მუწუკებს) 3. გადატ. მოკურცხვლა (მოკურცხლავს)
qas-d-alar,ჴას-დ-ალარ,,,,v,,cʼamocvivdeba,,pl,,**ჴას-დ-ალარ** მრ. წამოცვენა (წამოცვივდება)
qasitar,ჴასითარ,,,,,,gadaaqʼrevinebs,,,,**ჴასითარ** გრდმ. მრ. გადაყრევინება (გადააყრევინებს)
qaslasar,ჴასლასარ,,,,,,mimopantʼavs,,,,"**ჴასლასარ** გრდმ. მიმოფანტვა (მიმოფანტავს), მიყრა-მოყრა"
qastʼar1 (qajstʼŭ),ჴასტარ1 (ჴაჲსტუ̆),,,,,,qajstʼŭ,,,,"**ჴასტარ1 (ჴაჲსტუ̆)** გრდუვ. სტატ. შემოვლებულია, შემორტყმულია"
qastʼar2,ჴასტარ2,,,,vi,,"šemoivlis, šemouvlis","შეწყვილება (შეწყვილდევა), დანერბვა (დაინერბება), დაგრილება","be coupled, mate","спариться, случиться","**ჴასტარ2**გრდმ. შემოვლა (შემოივლის, შემოუვლის), დავლა (დაუვლის)"
qastʼar3,ჴასტარ3,,,,,,šecʼqʼvildeba,,,,"**ჴასტარ3** გრდუვ. შეწყვილება (შეწყვილდება) დანერბვა (დანერბავს), დაგრილება"
qastʼ-d-alar,ჴასტ-დ-ალარ,,,,,,šemoevleba,,,,**ჴასტ-დ-ალარ** გრდუვ. შემოვლება (შემოევლება)
qastʼ-d-ar1,ჴასტ-დ-არ1,,,,,,šemoivlis,,,,"**ჴასტ-დ-არ1**გრდმ. შემოვლა (შემოივლის), შემოვლება (შემოავლებს)"
qastʼ-d-ar2,ჴასტ-დ-არ2,,,,,,šeacʼqʼvilebs,,,,"**ჴასტ-დ-არ2**გრდმ. შეწყვილება (შეაწყვილებს), დანერბვა (დანერბვა)"
qapsar,ჴაფსარ,,,,vt,,moipxans,მოფხანა (მოიფხანს),scratch (pleasantly),почесать,**ჴაფსარ** გრდმ. ფხანა (მოიფხანს)
qapqap,ჴაფჴაფ,d,D,,n,,,"ჩუხჩუხი, თუხთუხი","roar, loud bubbling",клёкот (при кипении),"**ჴაფჴაფ** *დ* ჩუხჩუხი, თუხთუხი"
qačar1,ჴაჩარ1,,,,vi,,ergeba ,"რგება (ერგება), შეხვდომა (შეხვდება)","fit, fall to, come to",доставаться,"**ჴაჩარ1**გრდუვ. რგება (ერგება ), შეხვდომა (შეხვდება)"
qačar2,ჴაჩარ2,,,,vi,,[mi]ağcʼevs,მიღწევა ([მი]აღწევს),"reach, achieve","достигать, доходить (до чего-н.)",**ჴაჩარ2** გრდუვ. მიღწევა ([მი]აღწევს)
qač-d-alar,ჴაჩ-დ-ალარ,,,,,,[ga]tavdeba,,,,"**ჴაჩ-დ-ალარ** გრდუვ. გათავება ([გა]თავდება), გამოლევა"
qač-d-ar1,ჴაჩ-დ-არ1,,,,,,argunebs,,,,**ჴაჩ-დ-არ1**გრდმ. რგუნება (არგუნებს)
qač-d-ar2,ჴაჩ-დ-არ2,,,,,,miağcʼevs,,,,**ჴაჩ-დ-არ2** გრდმ. მიღწევა (მიაღწევს) მიღწევინება
qač-d-ar3,ჴაჩ-დ-არ3,,,,vt,,daamtavrebs,"დამთავრება (დაამთავრებს), გამოლევა (გამოლევს); ამოწყვეტა","finish, complete, use up; destroy, wipe out","закончить, заканчивать, исчерпать; уничтожить, уничтожать, истребить, истреблять","**ჴაჩ-დ-არ3** გრდმ. 1. დამთავრება (დაამთავრებს), გამოლევა (გამოლევს)"
qač-d-itar,ჴაჩ-დ-ითარ,,,,,,moaspʼobinebs,,,,**ჴაჩ-დ-ითარ** გრდმ. მოსპობინება (მოასპობინებს)
qač-d-ujnĭ,ჴაჩ-დ-უჲნი̆,,,,,,,,,,"**ჴაჩ-დ-უჲნი̆** მიმღ. გამოსალევი, მოსასპობი"
qačuš,ჴაჩუშ,,,,,,,,,,"**ჴაჩუშ** ერგება, სამართლიანად, დამსახურებლად, ღირსია"
qačĕ,ჴაჩე̆,b d,B,,n,,,"საგზალი, სურსათი",provisions,провиант,"**ჴაჩე̆** *ბ დ* საგზალი, სურსათი"
qacʼar,ჴაწარ,,,,vi stat,,naqʼopi,"ჰკიდია, აბია (ნაყოფი), უკიდია ხელი",hang,"висеть, держаться (за руку)","**ჴაწარ** გრდუვ. სტატ. ჰკიდია, აბია (ნაყოფი), უკიდია ხელი"
qacʼ-d-alar,ჴაწ-დ-ალარ,,,,,,čamoekʼideba,,,,"**ჴაწ-დ-ალარ** გრდუვ. ჩამოკიდება (ჩამოეკიდება), ჩამოიკიდება"
qacʼ-d-ar,ჴაწ-დ-არ,,,,,,dakʼidebs,,,,"**ჴაწ-დ-არ** გრდმ. 1. დაკიდება (დაკიდებს) 2. მოკიდება, ჩაკიდება (ხელისა), წავლება 3. მოკიდება (მოუკიდებს), წაკიდება (ცეცხლისა)"
qačʼ,ჴაჭ,b d,B,,n,,qačʼni,"ნაჭერი; წილი, ხვედრი","piece, bit, part, share","кусок; доля, жребий","**ჴაჭ** *ბ დ* (ჴაჭნი)1. ნაჭერი 2. წილი, ხვედრი"
qaŭpʼŭ,ჴაუ̆პუ̆,j j,J,,n,,qapʼajrč;qapʼiⁿ,მატლი,"worm, maggot","червь, личинка","**ჴაუ̆პუ̆** *ჲ ჲ* (ჴაპაჲრჩ;ჴაპიჼ) მსხვილი მატლი (თ. ცისკარიშვილი),"
qaŭqŭ,ჴაუ̆ჴუ̆,b d,B,,n,,qaqajrč; qaqniⁿ,მტრები,"pigeon, dove",голубь,**ჴაუ̆ჴუ̆** *ბ დ* (ჴაჴაჲრჩ; ჴაჴნიჼ) მტრედი
qaħar,ჴაჰ’არ,,,,,,ukʼbens,,,,"**ჴაჰ’არ** გრდმ. კბენა (უკბენს), დაკბენა"
qaħinŏ,ჴაჰ’ინო̆,,,,,,,,,,**ჴაჰ’ინო̆** მიმღ. ნაკბენი
qajcʼ-d-isar,ჴაჲწ-დ-ისარ,,,,,,xelisa,,,,"**ჴაჲწ-დ-ისარ** გრდუვ. წავლება (ხელისა), ჩაბღაუჭება"
qaqaⁿ,ჴაჴაჼ,b d,B,,n,,qaqi; qaqneⁿ,ტყავი,"skin, hide",шкура,"**ჴაჴაჼ** *ბ დ* (ჴაჴი; ჴაჴნეჼ) ტყავი **შარიჼ ჴაჴაჼ ბისბაჴარ** გრდმ. თავისი ტყავის გადარჩენა **ჴაჴ ცო ხოჸუჲნი̆** ის, ვინც თავის ტყავში არ ეტევა, მეტიჩარა"
qaqol,ჴაჴოლ,b d,,,,,qaqleⁿ,,,,**ჴაჴოლ** *ბ დ* (ჴაჴლეჼ) ღაბაბი
qaɁar,ჴაჸარ,,,,vi,,daecʼeva,"დაწევა (დაეწევა), მოსწრება; მოხვედრა (მოხვდება); მოწევა, დამწიფება, შემოსვლა ხილისა, მოსავლისა; გადადება, შეხვედრა (ავადმყოფისა)",catch up; hit a target; (fruit) ripen; ,"догнать, нагнать, подспеть; попасть, ударить; поспеть, созреть; заразиться","**ჴაჸარ** გრდუვ. 1. დაწევა (დაეწევა), მოსწრება 2. მოხვედრა (მოხვდება) 3. მოწევა, დამწიფება, შემოსვლა ხილისა, მოსავლისა 4. გადადება, შეხვედრა (ავადმყოფობისა)"
qaɁ-d-ar,ჴაჸ-დ-არ,,,,,,daacʼevs,,,,"**ჴაჸ-დ-არ** გრდმ. 1. დაწევა (დააწევს) 2. მოხვედრება (მოახვედრებს), გარტყმა 3. დამწიფება (დაამწიფებს) 4. შეხვედრება, რგუნება (არგუნებს) 5. გადადება (გადასდებს ავადმყოფობას)"
qaɁenŏ,ჴაჸენო̆,,,,,,,,,,"**ჴაჸენო̆** მიმღ. 1. მოწეული, შემოსული 2. მოხვედრილი"
qaɁcʼin,ჴაჸწინ,,,,,,,,,,"**ჴაჸწინ**მოუწეველი, მკვახე, უმწიფარი"
qea,ჴეა,,,,,,čʼrelašv.,,,,**ჴეა** კერა *(ჭრელაშვ.)*
"qebaŭkʼŭ, qeboŭkʼŭ","ჴებაუ̆კუ̆, ჴებოუ̆კუ̆",d d,,,,,,,,,"**ჴებაუ̆კუ̆, ჴებოუ̆კუ̆** *დ დ* კერა"
qeblar1,ჴებლარ1,,,,v,,"axuravs, ixuravs","დახურვა (ახურავს, იხურავს)","put on, cover, clothe","надевать, покрывать","**ჴებლარ1** დახურვა (ახურავს, იხურავს)"
qeblar2,ჴებლარ2,,,,vt,,daibarebs,"დაბარება (დაიბარებს), შემოთვლა","communicate, convey, tell, impart, charge, pass on, entrust","поручить, сообщить","**ჴებლარ2** გრდმ. დაბარება (დაიბარებს), შემოთვლა"
qebl-d-ar,ჴებლ-დ-არ,,,,vt,,[mi]aqʼrdnobs,"[მი]ბჯენა, მიყრდნობა ([მი]აყრდნობს)",lean on,"ставить подпорку, подпирать","**ჴებლ-დ-არ** გრდმ. [მი]ბრჯენა, მიყრდნობა ([მი]აყრდნობს)"
qeblinŏ,ჴებლინო̆,,,,,,,,,,"**ჴებლინო̆** მიმღ. 1. დაბარებული 2. დაბარებული, გამოძახებული"
qeblujnĭ,ჴებლუჲნი̆,,,,,,,,,,**ჴებლუჲნი̆** 1. მიმღ. დასაბარებელი 2. დამბარებელი
qebcʼar,ჴებწარ,,,,vt,,isxams naqʼops,სხმა (ისხამს ნაყოფს),bear fruit,приносить плоды,**ჴებწარ** გრდმ. 1. იხ. ჴებწ-დ-არ 2. სხმა (ისხამს ნაყოფს)
qebcʼ-d-alar,ჴებწ-დ-ალარ,,,,,,ekʼideba,,,,**ჴებწ-დ-ალარ** გრდუვ. [ჩამო]კიდება (ეკიდება)
qebcʼ-d-ar,ჴებწ-დ-არ,,,,,,hkʼidebs,,,,"**ჴებწ-დ-არ** გრდმ. აკიდება (ჰკიდებს),დაკიდება, ჩამოკიდება"
"qed, qved","ჴედ, ჴვედ",j j,,,,," qedi, qvedi",,,,"**ჴედ, ჴვედ** *ჲ ჲ* ( ჴედი, ჴვედი) ხვედა, ხის ურო"
"qedar, mqedar","ჴედარ, მჴედარ",,,,,,,,,,"**ჴედარ, მჴედარ** იხ. დონლოვ"
qedna-d-ar,ჴედნა-დ-არ,,,,,,xednis,,,,**ჴედნა-დ-არ** გრდმ. ხედნა (ხედნის)
qednadbacʼiⁿ,ჴედნადბაწიჼ,,,,,,cxeni...,,,,"**ჴედნადბაწიჼ** გაუხედნავი, გაუწვრთნელი (ცხენი...)"
qetar,ჴეთარ,,,,,,icis,,,,**ჴეთარ** გრდუვ. ცოდნა (იცის); მიხვედრა (მიხვდება)
qet-d-ar1,ჴეთ-დ-არ1,,,,,,miaxvedrebs,,,,**ჴეთ-დ-არ1** გრდმ. მიხვედრება (მიახვედრებს)
qet-d-ar2,ჴეთ-დ-არ2,,,,vt,,danišnulebisamebr,"მიწოდება (დანიშნულებისამებრ), ჩაბარება","deliver, give, entrust, appoint, assign","доставить, сдать по назначению","**ჴეთ-დ-არ2** გრდმ. მიწოდება (დანიშნულებისამებრ), ჩაბარება"
qettar1,ჴეთთარ1,,,,vt,,asxams,"დასხმა (ასხამს), ღვრა; დასხმა (ისხამს კვირტს...)",pour; bear (a lot of) fruit,"обливать, обдавать (водой), лить; раскрывать (бутоны...)","**ჴეთთარ1**გრდმ. 1. დასხმა (ასხამს), ღვრა 2. დასხმა (ისხამს კვირტს)"
qettar2,ჴეთთარ2,,,,vi,,[a]dgeba,ადგომა ([ა]დგება),stand up,вста(ва)ть,**ჴეთთარ2** გრდუვ. ადგომა ([ა]დგება)
qett-d-ar1,ჴეთთ-დ-არ1,,,,,,aqʼenebs,,,,**ჴეთთ-დ-არ1**გრდმ. აყენება (აყენებს)
qett-d-ar2,ჴეთთ-დ-არ2,,,,vt,,akʼravs,"მიკრობა (აკრავს), რჩილვა","tie, bind, attach, stick","приклеивать, паять","**ჴეთთ-დ-არ2** გრდმ. მიკრობა (აკრავს), რჩილვა"
qetinĭ,ჴეთინი̆,,,,,,,,,,"**ჴეთინი̆** მიმღ. მცოდნე, მიმხვედრი"
qetlajnĭ,ჴეთლაჲნი̆,,,,,,,,,,"**ჴეთლაჲნი̆** მიმღ. მისახვედრი, გასაგები"
qel,ჴელ,b,J,,n,,,"წესი, ადათი, ჩვეულება","custom, tradition","обычай, нрав, привычка, правило","**ჴელ** 1. *ბ* წესი, ადათი, ჩვეულება 2. *ჲ* სამართალი *ჴელ ბარ* გრდმ. წესის ქმნა **ჴეჲლუ̆ დ-ალ’არ, ჴელ დ-ალ’არ** სამართალში მიცემა **ჴელ ჲილლარ** მსჯავრის დადება; დაწესება **ჴელ ჲებლუჲნი̆** მსჯავრმდებელი, სამართლის დამწესებელი"
qel(l)o,ჴელ(ლ)ო,j j,,,,,l,,,,"**ჴელ(ლ)ო** *ჲ ჲ* მერმისი, მომავალი წელი"
qelob,ჴელობ,d d,D,GE,n,,qelbi; qelbeⁿ,ხელობა,"craft, profession","ремесло, мастерство, професия",**ჴელობ** *დ დ* (ჴელბი; ჴელბეჼ) ხელობა
qelxov,ჴელხოვ,v b,,,,,,,,,"**ჴელხოვ** *ვ ბ* სამართლის, წესის მქმნელი"
qeⁿ,ჴეჼ,,,,adv,,,"მერე, შემდეგ","afterwards, after, then","после, потом","**ჴეჼ** ზმნს. მერე, შემდეგ"
qena,ჴენა,j j,,,,,ars. sax. mnišvn.,,,,**ჴენა** *ჲ ჲ* მერე (არს. სახ. მნიშვნ.)
qenaɁ,ჴენაჸ,,,,,,,,,,"**ჴენაჸ** სხვა, შემდეგი"
qenge,ჴენგე,,,,,,,,,,**ჴენგე** გე ნაწილაკდართული ჴეჼ
qengeɁ,ჴენგეჸ,,,,,,,,,,**ჴენგეჸ** ზმნს. გეჸ ნაწილკდართული ჴეჼ
qengeɁluⁿ,ჴენგეჸლუჼ,,,,,,,,,,"**ჴენგეჸლუჼ** შემდეგი, შემდგომი"
qenkʼaɁ,ჴენკაჸ,,,,,,,,,,"**ჴენკაჸ** ზმნს. ცოტა შემდეგ, ცოტა მერე"
qenqenaɁ,ჴენჴენაჸ,,,,,,,,,,"**ჴენჴენაჸ** სხვადასხვა, ნაირნაირი"
qepʼtʼar,ჴეპტარ,,,,vi,,scʼvdeba,წვდომა (სწვდება),reach out,"протягивать, доставать",**ჴეპტარ** გრდუვ. წვდომა (სწვდება)
qepʼtʼ-d-ar,ჴეპტ-დ-არ,,,,vt,,acʼodebs,მიწოდება (აწოდებს),"supply, proffer to",подавать,**ჴეპტ-დ-არ** გრდმ. მიწოდება (აწოდებს)
qer,ჴერ,b d,B,,n,,qerbi; qereⁿ/qerajⁿ,ქვა,stone,камень,**ჴერ** *ბ დ* (ჴერბი; ჴერეჼ/ჴერაჲჼ) ქვა
qerbaleⁿ,ჴერბალეჼ,,,,,,,,,,**ჴერბალეჼ** ქვიანი
qerbilo,ჴერბილო,j j,,,,,adgili,,,,**ჴერბილო** *ჲ ჲ* ქვიანი (ადგილი)
qerɬiⁿ,ჴერლ’იჼ,,,,,,šipn.,,,,**ჴერლ’იჼ** საშიში *(შიფნ.)*
qercʼar,ჴერწარ,,,,vt,,xalavs,ხალვა (ხალავს),"toast, roast","поджаривать (кукурузу, ячмень...)",**ჴერწარ** გრდმ. ხალვა (ხალავს)
qercʼ-d-ar,ჴერწ-დ-არ,,,,vt,,avlebs,"გავლება (ავლებს), ამოვლება","rinse, wash","обмакивать, споласкивать","**ჴერწ-დ-არ** გრდმ. გავლება (ავლებს), ამოვლება"
qerɬar,ჴერლ’არ,,,,vi,,ešinia,შიში (ეშინიათ),be afraid,бояться,**ჴერლ’არ** გრდუვ. შიში (ეშინია)
qerɬ-d-ar,ჴერლ’-დ-არ,,,,,,ašinebs,,,,**ჴერლ’-დ-არ** გრდმ. შეშინება (აშინებს)
qerɬila,ჴერლ’ილა,d d,,,,,,,,,"**ჴერლ’ილა** *დ დ* საშიშროება, საშიში ადგილი"
qerɬom,ჴერლ’ომ,b d,,,,,,,,,"**ჴერლ’ომ** *ბ დ* შიში, შიშიანობა"
"qerɬrikʼ, qejrɬrikʼ, qirɬrikʼ","ჴერლ’რიკ, ჴეჲრლ’რიკ, ჴირლ’რიკ",,,,,,,,,,"**ჴერლ’რიკ, ჴეჲრლ’რიკ, ჴირლ’რიკ** მშიშარა, მხდალი"
qerɬqak-d-ar,ჴერლ’ჴაქ-დ-არ,,,,,,daašinebs,,,,"**ჴერლ’ჴაქ-დ-არ** გრდმ. დაშინება (დააშინებს), დატუქსვა"
qerɬqakdijenŏ,ჴერლ’ჴაქდიჲენო̆,,,,,,,,,,**ჴერლ’ჴაქდიჲენო̆** მიმღ. დაშინებული; დატუქსული
qerq,ჴერჴ,j j,J,,n,,qerqi,ხერხი,"way, means, method, trick","способ, уловка, ухищрение","**ჴერჴ** *ჲ ჲ* (ჴერჴი) ხერხი *(ფანდი, ილეთი)*"
qerqbad-d-ar,ჴერჴბად-დ-არ,,,GE,vt,,axerxebs,მოხერხება (ახერხებს),be good at sth,"уметь мастерить, ловко делать",**ჴერჴბად-დ-არ** გრდმ. მოხერხება (ახერხებს)
qerqbad-d-ujnĭ,ჴერჴბად-დ-უჲნი̆,,,,,,,,,,"**ჴერჴბად-დ-უჲნი̆** მიმღ. მომხერხებელი, მოხერხებული"
"qerqven, qirqveⁿ","ჴერჴვენ, ჴირჴვეჼ",,,,,,,,,,"**ჴერჴვენ, ჴირჴვეჼ** ხერხიანი, მოხერხებული"
qerqvejšĭ,ჴერჴვეჲში̆,,,,,,,,,,"**ჴერჴვეჲში̆** ზმნს. მოხერხებულად, ოსტატურად"
qestʼar1,ჴესტარ1,,,,vi,,"[še]moivlis, [še]mouvlis","შემოვლა ([შე]მოივლის, [შე]მოუვლის)","travel, go round","обходить (страны...), странствовать","**ჴესტარ1** გრდუვ. შემოვლა ([შე]მოივლის, [შე]მოუვლის)"
qestʼar2,ჴესტარ2,,,,vi,,cʼqʼvildeba,"შეწყვილება (წყვილდება), [და]გრილება","be coupled, mate","спариваться, случиваться","**ჴესტარ2** გრდუვ. შეწყვილება (წყვილდება), [და]გრილება"
qestʼ-d-ar1,ჴესტ-დ-არ1,,,,,,,,,,**ჴესტ-დ-არ1** გრდმ. იხ. ჴესტარ1
qestʼ-d-ar2,ჴესტ-დ-არ2,,,,,,šeacʼqʼvilebs,,,,"**ჴესტ-დ-არ2**გრდმ. შეწყვილება (შეაწყვილებს), დანერბვა"
qepsar1,ჴეფსარ1,,,,vt,,uqʼris,[და]ყრა (უყრის); სროლა (ესვრის),"throw, scatter; shoot, cast, fire","бросать, разбрасывать, раскидывать; стрелять",**ჴეფსარ1** გრდმ. 1. [და]ყრა (უყრის) 2. სროლა (ესვრის)
qepsar2,ჴეფსარ2,,,,vt,,"ipxans, pxans","ფხანა (იფხანს, ფხანს)",scratch (pleasantly),чесать,"**ჴეფსარ2** გრდმ. ფხანა (იფხანს, ფხანს)"
qeps-d-alar,ჴეფს-დ-ალარ,,,,,,xtʼis,,,,**ჴეფს-დ-ალარ** გრდუვ. ხტომა (ხტის)
qepsitar,ჴეფსითარ,,,,,,apxaninebs,,,,**ჴეფსითარ** გრდმ. მოფხანინება (აფხანინებს)
qekar,ჴექარ,,,,vi,,eʒaxis,"ძახილი (ეძახის), მოხმობა","call, summon",завесть,"**ჴექარ** გრდუვ. ძახილი (ეძახის), მოხმობა"
qek-d-ar,ჴექ-დ-არ,,,,,,"ukadis, moascʼavebs",,,,"**ჴექ-დ-არ** გრდმ. ქადილი (უქადის, მოასწავებს)"
qečdaqʼe[ħ],ჴეჩდაყე[ჰ’],,,,,,,,,,"**ჴეჩდაყე[ჰ’]** სხვის მაგიერ, ნაცვლად, ბადლად, სხვისა წილ"
qečejħren,ჴეჩეჲჰ’რენ,,,,,,,,,,"**ჴეჩეჲჰ’რენ**სხვა, უცხო მხრიდან; სხვა, უცხო მხრისა"
qečnairat,ჴეჩნაირათ,,,,,,ekspʼ.,,,,**ჴეჩნაირათ** ზმნს. სხვანაირად *(ექსპ.)*
qečon,ჴეჩონ,,,,,,,,,,**ჴეჩონ**სხვისი
qečujħ,ჴეჩუჲჰ’,,,,,,,,,,**ჴეჩუჲჰ’** ზმნს. სხვაგან
qečğeš,ჴეჩღეშ,,,,,,,,,,"**ჴეჩღეშ** ზმნს. სხვაგვარად, სხვისებურად"
qeč-qečnajir,ჴეჩ-ჴეჩნაჲირ,,,,,,,,,,**ჴეჩ-ჴეჩნაჲირ** სხვადასხვანაირი
qecʼ-d-ar,ჴეწ-დ-არ,,,,vt,,hkʼidebs xels,მოკიდება (ჰკიდებს ხელს),"seize, catch (by hand)",схватывать (рукой),**ჴეწ-დ-არ** გრდმ. მოკიდება (ჰკიდებს ხელს)
qexkʼar1,ჴეხკარ1,,,,v,,,,,,**ჴეხკარ1** მრ. იხ. ჴებწარ
qexkʼar2,ჴეხკარ2,,,,vi,,"[mo]ixaršeba, ixaršeba","ხარშვა ([მო]იხარშება, იხარშება)","be boiled, stewed","вариться, свариться","**ჴეხკარ2** გრდუვ. ხარშვა ([მო]იხარშება, იხარშება)"
qexkʼar3,ჴეხკარ3,,,,v,,,,,,**ჴეხკარ3** მრ. იხ. ჴებლარ1
qexkʼ-d-ar1,ჴეხკ-დ-არ1,,,,,,xaršavs,,,,**ჴეხკ-დ-არ1** გრდმ. ხარშვა (ხარშავს)
qexkʼ-d-ar2,ჴეხკ-დ-არ2,,,,vt,,,,,,**ჴეხკ-დ-არ2** მრ. გრდმ. იხ. ჴებწ-დ-არ
qexkʼdari,ჴეხკდარი,d,,,,,,,,,"**ჴეხკდარი** *დ* მრ. საჭმლის ხარშვა, მზადება, მზარეულობა"
qeħar,ჴეჰ’არ,,,,vt,,zidavs,მოზიდვა,carry,"таскать, носить, переностиь","**ჴეჰ’არ** გრდმ. ზიდვა (ზიდავს), მოზიდვა"
qeħitar,ჴეჰ’ითარ,,,,,,azidvinebs,,,,**ჴეჰ’ითარ** გრდმ. ზიდვინება (აზიდვინებს)
qeħinŏ,ჴეჰ’ინო̆,,,,,,,,,,"**ჴეჰ’ინო̆** მიმღ. მოზიდული, გაზიდული, გადაზიდული"
"qejlsaqoc, qilsaqoc","ჴეჲლსაჴოც, ჴილსაჴოც",d d,,,,,"**qejlsaqoci, qilsaqoci",,,,"**ჴეჲლსაჴოც, ჴილსაჴოც** *დ დ* (**ჴეჲლსაჴოცი, ჴილსაჴოცი)** ხელსახოცი"
"qejrɬrikʼ, qirɬrikʼ","ჴეჲრლ’რიკ, ჴირლ’რიკ",,,,,,,,,,"**ჴეჲრლ’რიკ, ჴირლ’რიკ** მშიშარა, მხდალი"
"qejrqven, qirqveⁿ","ჴეჲრჴვენ, ჴირჴვეჼ",,,,,,,,,,"**ჴეჲრჴვენ, ჴირჴვეჼ** ხერხიანი, მოხერხებული"
qeqer,ჴეჴერ,b d,B,,n,,qeqri,საწოვარა,nursing-bottle,детский рожок,**ჴეჴერ** *ბ დ* (ჴეჴრი) საწოვარა
qeɁar,ჴეჸარ,,,,vi,,ecʼeva,"დაწევა (ეწევა); მოხვედრა (ხვდება); მოწევა (იწევა), შემოსვლა (შემოდის), დამწიფება; გადადება (ედება)",catch up; hit a target; (fruit) ripen; ,"догонять; попадать; поспевать, созревать; заражаться","**ჴეჸარ** გრდუვ. 1. დაწევა (ეწევა) 2. მოხვედრა (ხვდება) 3. მოწევა (იწევა) შემოსვლა (შემოდის), დამწიფება 4. გადადება (ედება)"
qeɁ-d-ar,ჴეჸ-დ-არ,,,,,,[da]acʼevs,,,,**ჴეჸ-დ-არ** გრდმ. დაწევა ([და]აწევს)
qeɁinĭ,ჴეჸინი̆,,,,,,,,,,"**ჴეჸინი̆** მიმღ. 1. დამწევი, მომწევი 2. გადამდები"
qivar,ჴივარ,,,,,vi,daexuteba,,,,**ჴივარ** 1. გრდუვ. დახუთვა (დაეხუთება) 2. გრდმ. მითვისება
qimbur,ჴიმბურ,b d,B,GE,n,,qimbreⁿ,ხვიმირი,mill-hopper,"мельничная деревяная чаша, откуда падает зерно под жернов для помола",**ჴიმბურ** *ბ დ* (ჴიმბრეჼ) ხვიმირი
qirqal,ჴირჴალ,j j,J,GE,n,,qirqli; qirqleⁿ,ხირხალი,wooden bar across gate,перекладина вместо ворот во дворе,**ჴირჴალ** *ჲ ჲ* (ჴირჴლი; ჴირჴლეჼ) ხირხალი
qlarc,ჴლარც,j j,J,GE,n,,,"ღრატე, ხნარცვი","pit, ravine","провалы, ямы","**ჴლარც** *ჲ ჲ* ღრატე, ხნარცვი"
qnešad-d-alar,ჴნეშად-დ-ალარ,,,GE,vi,,,ხვნეშა,sigh,пыхтеть,**ჴნეშად-დ-ალარ** გრდუვ. ხვნეშა
qnešad-d-ar,ჴნეშად-დ-არ,,,,,,axvnešebs,,,,**ჴნეშად-დ-არ** გრდმ. ხვნეშა (ახვნეშებს)
qo1,ჴო1,,,,num,,,სამი,three,три,**ჴო1**სხვა ბრუნვებში ენაცვლება ჴა ფუძე
qo2,ჴო2,j j,J,,n,,qujⁿ,წივა,dried cow pats,кизяк,**ჴო2** *ჲ ჲ* (ჴუჲჼ) წივა
qog,ჴოგ,j j,J,,n,,qogi; qogeⁿ,მუხუდო ცერცვი,chick pea,"горох, бобы","**ჴოგ** *ჲ ჲ* (ჴოგი; ჴოგეჼ) მუხუდო, ცერცვი"
qottar,ჴოთთარ,,,,vt,,daasxams,"დასხმა (დაასხამს), პკურება, დაღვრა; მოსხმა (მოისხამს ფოთოლს, კვირტს)","pour, sprinkle; (tree) set a lot (of leaves)","облить, полить, обдать (водой), окропить; раскрыть (листья...)","**ჴოთთარ** გრდმ. 1. დასხმა (დაასხამს), პკურება, დაღვრა 2. მოსხმა (მოისხამს ფოთოს, კვირტს)"
qott-d-alar,ჴოთთ-დ-ალარ,,,,,,moesxmeba,,,,**ჴოთთ-დ-ალარ** გრდუნვ. მოსხმა (მოესხმება)
qoitʼtʼ,ჴოიტტ,,,,,,,,,,**ჴოიტტ** ცამეტი
qoitʼtʼlğeⁿ,ჴოიტტლღეჼ,,,,,,,,,,**ჴოიტტლღეჼ** მეცამეტე
qokʼeɁ,ჴოკეჸ,,,,,,,,,,**ჴოკეჸ** კეჸ ნაწილაკდართული ჴო
qollar1,ჴოლლარ1,,,,vt,,daixuravs,"დახურვა (დაიხურავს), მოხურვა, გადაფარება",put sth on (head),"надеть (на голову), покрыть, накинуть","**ჴოლლარ1** გრდმ. დახურვა (დაიხურავს), მოხურვა, გადაფარება"
qollar2,ჴოლლარ2,,,,vt,,argunebs,რგება (არგუნებს),ordain,дать в удел,**ჴოლლარ2** გრდმ. რგება (არგუნებს)
qoll-d-ar,ჴოლლ-დ-არ,,,,vt,,miabǯens,"მიბჯენა (მიაბჯენს), მიდგმა","lean on, stand against","упереть, прислонить","**ჴოლლ-დ-არ** გრდმ. მიბრჯენა (მიაბჯენს), მიდგმა"
qomcʼrŏ,ჴომწრო̆,d d,D,,n,,,საკვესე,pouch for flint and steel,кожаная сумочка (на поясе для огнива и трута),**ჴომწრო̆** *დ დ* საკვესე
qor,ჴორ,b d,B,,n,,qori; qoreⁿ,"ვაშლი, ვაშლის ხე","apple, apple tree","яблоко, яблоня","**ჴორ** *ბ დ* (ჴორი; ჴორეჼ) ვაშლი, ვაშლის ხე"
qort,ჴორთ,,D,,n,,,ხორკლი,callus,"бугорок, пупырышек",**ჴორთ** ხორკლი
qorcmetʼ,ჴორცმეტ,d d,D,GE,n,,,ხორცმეტი,"tumour, growth","дикое мясо, нарост на теле",**ჴორცმეტ** *დ დ* ხორცმეტი
qosar,ჴოსარ,,,,vt,,gaisvris,გასროლა (გაისვრის),"shoot, hurl, fire","бросить, кинуть, выстрелить",**ჴოსარ** გრდმ. გასროლა (გაისვრის)
qos-d-alar,ჴოს-დ-ალარ,,,,,,gavardeba,,,,"**ჴოს-დ-ალარ** გრდუვ. გავარდნა (გავარდება), გაექანება"
qosinŏ,ჴოსინო̆,,,,,,,,,,**ჴოსინო̆** მიმღ. გასროლილი
qouztʼqʼ,ჴოუზტყ,,,,num,,,სამოცი,sixty,шестьдесять,**ჴოუზტყ** სამოცი
qouztʼqʼaer,ჴოუზტყაერ,,,,,,,,,,"**ჴოუზტყაერ** სამოციანი, მესამოცე"
"qocʼ, qocʼŏ","ჴოწ, ჴოწო̆",,,,,,,,,,"**ჴოწ, ჴოწო̆** სამჯერ"
qocʼar,ჴოწარ,,,,vt,,xilisa,[ა]კიდება; დასხმა (ხილისა),"pack, load; plant (fruit)",повесить; приносить плоды,**ჴოწარ** გრდმ. იხ. ჴოწ-დ-არ 1. [ა]კიდება 2. დასხმა (ხილისა)
qocʼ-d-alar,ჴოწ-დ-ალარ,,,,,,čamoekʼideba,,,,"**ჴოწ-დ-ალარ** გრდუვ. ჩამოკიდება (ჩამოეკიდება), ჩამოკიდებულია"
qocʼ-d-ar,ჴოწ-დ-არ,,,,,,čamohkʼidebs,,,,"**ჴოწ-დ-არ** გრდმ. ჩამოკიდება (ჩამოჰკიდებს), ჩაკიდება, აკიდება, დაკიდება"
qocʼ-d-ijenŏ,ჴოწ-დ-იჲენო̆,,,,,,,,,,**ჴოწ-დ-იჲენო̆** მიმღ. ჩამოკიდებული
qoxkʼar,ჴოხკარ,,,,v,,,,,,**ჴოხკარ** მრ. იხ. ჴოწარ
qoxkʼ-d-alar,ჴოხკ-დ-ალარ,,,,v,,,,,,**ჴოხკ-დ-ალარ** მრ. იხ. ჴოწ-დ-ალარ
qoxkʼ-d-ar,ჴოხკ-დ-არ,,,,v,,l,,,,**ჴოხკ-დ-არ** მრ. იხ. ჴოლ(ლ)დარ
qoq,ჴოჴ,,,,,,,,,,**ჴოჴ** სამ-სამი
qoqob,ჴოჴობ,b d,B,GE,n,,qoqbi; qoqbeⁿ,ხოხობი,feasant,фазан,**ჴოჴობ** *ბ დ* (ჴოჴბი; ჴოჴბეჼ) ხოხობი
qoɁ,ჴოჸ,,,,,,,,,,**ჴოჸ** სამივე
qril,ჴრილ,d,D,GE,n,,,ხრილი,flour dust,остатки помола,**ჴრილ** *დ* ხრილი
qunč,ჴუნჩ,,,,,,,,,,**ჴუნჩ** ბანდული *(ალირ.*
quap,ჴუაფ,,,,,,ekspʼ.,,,,**ჴუაფ** ქუმელი *(ექსპ.)*
qurbad-d-ar,ჴურბად-დ-არ,,,,,,agrilebs,,,,**ჴურბად-დ-არ** გრდმ. დაგრილება (აგრილებს)
qujll-d-isar,ჴუჲლლ-დ-ისარ,,,,vi,,mieqʼudeba,მიყუდება (მიეყუდება),lean rest,прислониться,**ჴუჲლლ-დ-ისარ** გრდუვ. მიყუდება (მიეყუდება)
qujll-d-isenŏ,ჴუჲლლ-დ-ისენო̆,,,,,,,,,,**ჴუჲლლ-დ-ისენო̆** მიმღ. მიბჯენილი
qujrbad-d-alar,ჴუჲრბად-დ-ალარ,,,,,,grildeba,,,,**ჴუჲრბად-დ-ალარ** გრდუვ. დაგრილება (გრილდება)
qujrcel,ჴუჲრცელ,d d,D,GE,n,,,ხორციელი; ადამიანი,"mortal, human being","телесный, плотский, человек",**ჴუჲრცელ** *დ დ* ხორციელი; ადამიანი
qujrclob,ჴუჲრცლობ,d,,,,,,,,,"**ჴუჲრცლობ** *დ* კრებ. ხორციელობა, ადამიანობა, კაცობრიობა"
quɁ-d-ar,ჴუჸ-დ-არ,,,,,,zogavs,,,,"**ჴუჸ-დ-არ** გრდმ. 1. დაზოგვა (ზოგავს) გამოზოგვა, შემონახვა"
quɁ-d-ijenŏ,ჴუჸ-დ-იჲენო̆,,,,,,,,,,"**ჴუჸ-დ-იჲენო̆** მიმღ. დაზოგილი, გამოზოგილი"
quɁišĭ,ჴუჸიში̆,,,,adv,,,"დაზოგვით, აზიზად",sparingly,"бережливо, нежа, балуя","**ჴუჸიში̆** ზმნს. დაზოგვით, აზიზად"
ǯa,ჯა,,,,interj,,,არიქა!,"look here, watch out","ну, ну-ка",**ჯა** შორისდ. არიქა!
ǯabr,ჯაბრ,b d,B,GE,n,,ǯabreⁿ,ჯიბრი,rivalry,"на зло, на перекор",**ჯაბრ** *ბ დ* (ჯაბრეჼ) ჯიბრი
ǯag,ჯაგ,j j,J,GE,n,,ǯageⁿ,"ჯაგი, ძეძვი","shrub, thorn-bush","колючий куст, держи-дерево","**ჯაგ** *ჲ ჲ* (ჯაგეჼ) ჯაგი, ძეძვი"
ǯagaⁿ,ჯაგაჼ,j j,J,GE,n,,ǯagni; ǯagneⁿ,ჯაგანი,thin skewer,нанизанные на бечевку виноградные кисти для хранения,**ჯაგაჼ** *ჲ ჲ* (ჯაგნი; ჯაგნეჼ) ჯაგანი
ǯagar,ჯაგარ,,,,,,,,,,**ჯაგარ** იხ. ჭაგარ
ǯagilo,ჯაგილო,j j,,,,,,,,,"**ჯაგილო** *ჲ ჲ* ჯაგნარი, ჯაგიანი"
ǯadŏ,ჯადო̆,d d,D,GE,n,,ǯadujⁿ,ჯადო,magic,"волшебство, чародейство",**ჯადო̆** *დ დ* (ჯადუჲჼ) ჯადო
ǯavar,ჯავარ,,,GE,a,,,ჯავარი,speckled hen,рябая (курица...),**ჯავარ** ჯავარი
ǯavr,ჯავრ,,,GE,n,,ǯavreⁿ,ჯავრი,anger,злоба,**ჯავრ** (ჯავრეჼ) ჯავრი
ǯalab,ჯალაბ,j j,J,GE,n,,ǯalbeⁿ,ჯალაბი,"family, household","семья, семейство",**ჯალაბ** *ჲ ჲ* (ჯალბეჼ) ჯალაბი
ǯalbob,ჯალბობ,j j,,,,,ǯalbobeⁿ,,,,**ჯალბობ** *ჲ ჲ* (ჯალბობეჼ) ჯალაბობა
ǯamaat,ჯამაათ,j,J,GE,n,,,ჯამაათი,people's assembly,"собрание, сход, народ",**ჯამაათ** *ჲ* ჯამაათი
ǯambaz,ჯამბაზ,v b; j d; d d,M/F,GE,n,,ǯambzi; ǯambzeⁿ,ჯამბაზი,acrobat,акробат,**ჯამბაზ** *ვ ბ; ჲ დ; დ დ* (ჯამბზი; ჯამბზეჼ) ჯამბაზი
ǯambar,ჯამბარ,j j,J,GE,n,,ǯambri; ǯambreⁿ,ჯამბარა,strap,"веревка, плетенная из ремней",**ჯამბარ** *ჲ ჲ* (ჯამბრი; ჯამბრეჼ) ჯამბარა
"ǯamlo, ǯamno","ჯამლო, ჯამნო",,,,,,,,,,"**ჯამლო, ჯამნო** იხ. ჯანბუჲ"
ǯaⁿ,ჯაჼ,,,,,,,,,,**ჯაჼ** ჯან!
ǯan1,ჯან1,d d,,,,,ǯani; ǯaneⁿ,,,,**ჯან1** *დ დ* (ჯანი; ჯანეჼ)ქალამანი
ǯan2,ჯან2,j j,,,,,,,,,**ჯან2** *ჲ ჲ* ჯანი
"ǯanbuj, ǯamnu","ჯანბუჲ, ჯამნუ",j j,,,,,,,,,"**ჯანბუჲ, ჯამნუ** *ჲ ჲ* ჯანდაბა"
ǯang,ჯანგ,d d,D,GE,n,,ǯangeⁿ,ჟანგი,rust,ржавчина,**ჯანგ** *დ დ* (ჯანგეჼ) ჟანგი
ǯanliⁿ,ჯანლიჼ,,,GE,a,,,ჯანიანი,"strong, healthy","сильный, мощный",**ჯანლიჼ** ჯანიანი
ǯar,ჯარ,b d,,,,,čʼrelašv.,,,,**ჯარ** *ბ დ* ერთი ხელით მომრგვალებული გუნდა ქუმელისა *(ჭრელაშვ.)*
ǯarim,ჯარიმ,j j,J,GE,n,,ǯajrmi; ǯajrmeⁿ,ჯარიმა,"fine, penalty",штраф,**ჯარიმ** *ჲ ჲ* (ჯაჲრმი; ჯაჲრმეჼ) ჯარიმა
ǯarni,ჯარნი,j,J,GE,n,,ǯarneⁿ,,pl,,"**ჯარნი** *ჲ* მრ. (ჯარნეჼ) ჯარა **ჯარნაჼ ჲჵეჸ** *ჲ ჲ* ჯარას ტარი, თითისტარი"
ǯaǯğar,ჯაჯღარ,d d,D,,n,,ǯaǯğri; ǯaǯğreⁿ,ფოცხი,rake,грабли,**ჯაჯღარ** *დ დ* (ჯაჯღრი; ჯაჯღრეჼ) ფოცხი
ǯajxǯujxĭ,ჯაჲხჯუჲხი̆,d d,,,,,,,,,"**ჯაჲხჯუჲხი̆** *დ დ* ჯახაჯუხი, ჯახანი"
ǯelĕ,ჯელე̆,,,,interj,,,"გეთაყვა, რა!",please,пожалуйста,"**ჯელე̆** გეთაყვა, რა!"
ǯeraⁿ,ჯერაჼ,d d,,,,,ǯerni; ǯerneⁿ,,,,**ჯერაჼ** *დ დ* (ჯერნი; ჯერნეჼ) ჯეირანი
ǯerĕ,ჯერე̆,,,GE,adv,,,ჯერ,firstly,"сперва, сначала",**ჯერე̆** ზმნს. ჯერ
ǯeǯil,ჯეჯილ,d d,D,GE,n,,ǯeǯleⁿ,ჯეჯილი,green corn/cereal,всходы злачных растений,**ჯეჯილ** *დ დ* (ჯეჯლეჼ) ჯეჯილი
ǯib1,ჯიბ1,j j,J,GE,n,,ǯibi; ǯibeⁿ,ჯიბე,pocket,карман,**ჯიბ1** *ჲ ჲ* (ჯიბი; ჯიბეჼ) ჯიბე
ǯib2,ჯიბ2,,B,,n,,ǯibi; ǯibeⁿ,ნაბიჯი,"step, pace",шаг,**ჯიბ2** ბ დ (ჯიბი; ჯიბეჼ) ნაბიჯი
ǯilag,ჯილაგ,j j,J,GE,n,,ǯilguⁿ,ჯილაგი,"race, breed, type",порода,**ჯილაგ** *ჲ ჲ* (ჯილგუჼ) ჯილაგი
ǯildŏ,ჯილდო̆,d d,D,GE,n,,ǯilduj; ǯildujⁿ,ჯილდო; სანაძლეო,"salary, reward; bet, wager","премия, награда; пари",**ჯილდო̆** *დ დ* (ჯილდუჲ; ჯილდუჲჼ) 1. ჯილდო 2. სანაძლეო
ǯiǯaq,ჯიჯაჴ,,,,,,ekspʼ. bertl. da sxv.,,,,**ჯიჯაჴ** ბიბილო *(ექსპ. ბერთლ. და სხვ.)*
ǯiǯĭ,ჯიჯი̆,d,D,GE,n,,,ჩიჩია,meat,мясо (на детском языке),**ჯიჯი̆** *დ* ჩიჩია
ǯmux,ჯმუხ,,,GE,a,,,ჯმუხი,,коренастый,**ჯმუხ** ჯმუხი
ǯog,ჯოგ,j j,J,GE,n,,ǯogi; ǯogeⁿ,ჯოგი; ხროვა,"pack, herd, flock","табун, стая",**ჯოგ** *ჲ ჲ* (ჯოგი; ჯოგეჼ) ჯოგი; ხროვა
ǯomard,ჯომარდ,,,GE,a,,,ჯომარდი,"courageous, bold","проворный, удалый, смелый",**ჯომარდ** ჯომარდი
ǯor,ჯორ,d d,D,GE,n,,ǯori; ǯoreⁿ,ჯვარი,cross,крест,"**ჯორ** *დ დ* (ჯორი; ჯორეჼ) ჯვარი **ჯორდარ** გრდმ. დაქორწილნება (ქორწინდება), ჯვრის დაწერა"
ǯordacʼiⁿ,ჯორდაწიჼ,,,,,,,,,,"**ჯორდაწიჼ** ჯვარდაუწერელი, ჯვარდაუწერილად"
ǯoqʼar,ჯოყარ,j j,J,,n,,ǯoqʼreⁿ,კაჭახი,dried reed,стебли засохшего бурьяна,**ჯოყარ** *ჲ ჲ* (ჯოყრეჼ) კაჭახი
ǯoǯxit[t]a,ჯოჯხით[თ]ა,j j,,,,,ǯoǯxitajⁿ,,,,**ჯოჯხით[თ]ა** *ჲ ჲ* (ჯოჯხითაჲჼ) ჯოჯოხეთი
ǯoǯŏ,ჯოჯო̆,d d,D,GE,n,,ǯoǯuj; ǯoǯujⁿ,ჯოჯო,Caucasian agama lizard,жаба,**ჯოჯო̆** *დ დ* (ჯოჯუჲ; ჯოჯუჲჼ) ჯოჯო
ǯub,ჯუბ,j j,J,GE,n,,ǯubi; ǯubeⁿ,"ჯუბა, დედაკაცის შალის ტანსაცმელი",woman's woolen gown,женское платье из шерсти,"**ჯუბ** *ჲ ჲ* (ჯუბი; ჯუბეჼ) ჯუბა, დედაკაცების შალის ტანსაცმელი"
ǯulab,ჯულაბ,j j,J,GE,n,,sasakmebeli zeti,ჯულაბი (სასაქმებელი ზეთი),castor oil,слабительное,**ჯულაბ** *ჲ ჲ* ჯულაბი (სასაქმებელი ზეთი)
ǯuğar-d-ar,ჯუღარ-დ-არ,,,,,,gaaušnovebs,,,,**ჯუღარ-დ-არ** გრდმ. გაუშნოვება (გააუშნოვებს)
ǯuğur,ჯუღურ,,,,,,,,,,"**ჯუღურ** ულამაზო, შეუხედავი"
"ǯğabnad-d-ar, ǯğabnod-d-ar","ჯღაბნად-დ-არ, ჯღაბნოდ-დ-არ",,,,,,ǯğabnis,,,,"**ჯღაბნად-დ-არ, ჯღაბნოდ-დ-არ** გრდმ. ჯღაბნა (ჯღაბნის)"
ǯğart,ჯღართ,d d,D,GE,n,,ǯğarti; ǯğarteⁿ,ჩხართვი,mistle-thrush,кедровка,**ჯღართ** *დ დ* (ჯღართი; ჯღართეჼ) ჩხართვი
hav,ჰავ,j j,J,GE,n,,haveⁿ,ჰავა,climate,климат,**ჰავ** *ჲ ჲ* (ჰავეჼ) ჰავა
haida,ჰაიდა,,,,interj,,,ჰაიდა! წავედით,"come on, let's go!","вон, поди прочь, тронулись",**ჰაიდა** შორისდ. ჰაიდა! წავედით
hakʼujrĭ,ჰაკუჲრი̆,,J,,n,,,,,,**ჰაკუჲრი̆** მრ. იხ. ჰიკ
"hallun, halloⁿ","ჰალლუნ, ჰალლოჼ",,,,,,,,,,"**ჰალლუნ, ჰალლოჼ** ალალი, პატიოსანი"
"hallun, halloⁿ","ჰალლუნ, ჰალლოჼ",,,,,,,,,,"**ჰალლუნ, ჰალლოჼ** მშვიდი, წყნარი, უწყინარი"
hambad-d-alar,ჰამბად-დ-ალარ,,,GE,vi,,eameba,"ამება (ეამება), სიამოვნება",find/have pleasure,"чувствовать удовольствие, иметь приятное ощущение","**ჰამბად-დ-ალარ** გრდუვ. ამება (ეამება), სიამოვნება"
hambad-d-ar,ჰამბად-დ-არ,,,,,,aamebs,,,,**ჰამბად-დ-არ** გრდმ. ამება (აამებს)
hambalajnĭ,ჰამბალაჲნი̆,,,,,,kadagiʒ.,,,,"**ჰამბალაჲნი̆** საამური, სასიამოვნო *(ქადაგიძ.)*"
hapʼtʼiⁿ,ჰაპტიჼ,,,,a,,,"ქორფა, ახალი, ნედლი","fresh, new",свежий,"**ჰაპტიჼ** ქორფა, ახალი, ნედლი"
hapʼtʼol,ჰაპტოლ,j,,,,,,,,,"**ჰაპტოლ** *ჲ* სიახლე, სინედლე"
haram,ჰარამ,,,Arab.; GE,a,,,არამი,"inauspicious, ill-fated, haram","то, что приобретено нечестным путем",**ჰარამ** არამი
"hajer, haer","ჰაჲერ, ჰაერ",j,,,,,hajreⁿ,,,,"**ჰაჲერ, ჰაერ** *ჲ* (ჰაჲრეჼ) ჰაერი"
hajrecʼiⁿ,ჰაჲრეწიჼ,,,,,,,,,,"**ჰაჲრეწიჼ** უჰაერო, უჰაეროდ"
haɁ,ჰაჸ,,,,interj,,,"ჰო, კი",yes,да,"**ჰაჸ** ნაწილაკი, ჰო, კი"
haɁtabujmak,ჰაჸთაბუჲმაქ,,,,,,,,,,**ჰაჸთაბუჲმაქ** ჰო-არაობა
hercʼŏ,ჰერწო̆,d d,D,,n,,hercʼelč; hercʼniⁿ,ქვაბი,"pot, kettle","котел, кастрюля",**ჰერწო̆** *დ დ* (ჰერწელჩ; ჰერწნიჼ) ქვაბი
hikʼ,ჰიკ,j j,J,,n,,hakʼujrĭ; hikʼeⁿ,"ტარი, სახელური","handle, shaft","ручка, рукоятка","**ჰიკ** *ჲ ჲ* (ჰაკუჲრი̆; ჰიკეჼ) ტარი, სახელური"
himŏ,ჰიმო̆,d d,D,,n,,himuj,ლოკოკინა,snail,улитка,**ჰიმო̆** *დ დ* (ჰიმუჲ) ლოკოკინა
huv,ჰუვ,d d,D,,n,,"huji, huvi, huerč; huveⁿ","თესლი, კურკა","seed, (fruit) stone","семя, косточка (фруктовая)","**ჰუვ** *დ დ* (ჰუჲი, ჰუვი, ჰუერჩ; ჰუვეჼ) თესლი, კურკა"
hupʼa,ჰუპა,,,,interj,,,ჰოპა!,,огня! (возглас при взятии ребенка на руки),**ჰუპა** შორისდ. ჰოპა!
d-ʕapʼar,დ-ჵაპარ,,,,vt,,[da]grexs,"[და]გრეხა ([და]გრეხს), დაძახვა, დახუჭუჭება","twist, twine, curl","закручивать, вить, завить","**დ-ჵაპარ** გრდმ. [და]გრეხა ([და]გრეხს), დაძახვა, დახუჭუჭება"
d-ʕapʼ-d-alar,დ-ჵაპ-დ-ალარ,,,,,,[da]igrixeba,,,,**დ-ჵაპ-დ-ალარ** გრდუვ. დაგრეხა ([და]იგრიხება)
d-ʕapʼlarikʼ,დ-ჵაპლარიკ,,,,,,,,,,**დ-ჵაპლარიკ** ხუჭუჭი
d-ʕaɁar,დ-ჵაჸარ,,,,vt,,aantebs,ანთება (აანთებს),light,зажечь,**დ-ჵაჸარ** გრდმ. ანთება (აანთებს)
d-ʕaɁ-d-alar,დ-ჵაჸ-დ-ალარ,,,,,,ainteba,,,,**დ-ჵაჸ-დ-ალარ** გრდუვ. ანთება (აინთება)
d-ʕevar,დ-ჵევარ,,,,vt,,mokʼlavs,მოკვლა (მოკლავს); დაკვლა,"kill, slaughter","убить, зарезать",**დ-ჵევარ** გრდმ. მოკვლა (მოკლავს); დაკვლა
d-ʕevinŏ,დ-ჵევინო̆,,,,,,,,,,"**დ-ჵევინო̆** მიმღ. 1. მოკულული, დაკლული 2. მკვლელი"
d-ʕevujnĭ,დ-ჵევუჲნი̆,,,,,,,,,,**დ-ჵევუჲნი̆** მიმღ. 1. დასაკლავი 2. მკვლელი
d-ʕeipʼ-d-isar,დ-ჵეიპ-დ-ისარ,,,,,,daemcʼqʼvdeva,,,,"**დ-ჵეიპ-დ-ისარ** გრდუვ. დამწყვდევა (დაემწყვდევა), ჩარჩენა, [გა]ჭედვა, [ჩა]ფლობა, დარჩენა"
d-ʕepʼ-d-ar,დ-ჵეპ-დ-არ,,,,vt,,daamcʼqʼvdevs,"დამწყვდევა (დაამწყვდევს), შემწყვდევა",lock up,"запереть, заточить",**დ-ჵეპ-დ-არ** გრდმ. დამწყვდევა (დაამწყვდევს)
d-ʕivɁ,დ-ჵივჸ,,,,num,,,ოთხი,four,четыре,**დ-ჵივჸ** ოთხი
d-ʕivɁlğeⁿ,დ-ჵივჸლღეჼ,,,,,,,,,,"**დ-ჵივჸლღეჼ** მეოთხე, მეოთხედი"
d-ʕiɁar,დ-ჵიჸარ,,,,vi,,darčeba,დარჩენა (დარჩება),"stay, be left",остаться,**დ-ჵიჸარ** გრდუვ. დარჩენა (დარჩება)
d-ʕogar,დ-ჵოგარ,,,,vt,,gatʼexs,გატეხა (გატეხს); გამოტეხვა,break,сломать; заставить признаться,**დ-ჵოგარ** გრდმ. 1. გატეხა (გატეხს) 2. გადატ. გამოტეხვა
d-ʕog-d-alar,დ-ჵოგ-დ-ალარ,,,,,,gautʼqʼdeba,,,,"**დ-ჵოგ-დ-ალარ** გრდუვ. გადტყდომა (გაუტყდება), ჩამოტყდომა"
"d-ʕog-d-alinŏ, d-ʕog-d-ajlnŏ","დ-ჵოგ-დ-ალინო̆, დ-ჵოგ-დ-აჲლნო̆",,,,,,,,,,"**დ-ჵოგ-დ-ალინო̆, დ-ჵოგ-დ-აჲლნო̆** მიმღ. გამტყდარი, გატეხილი"
d-ʕogcʼin,დ-ჵოგწინ,,,,,,,,,,**დ-ჵოგწინ**გაუტეხელი
ħa,ჰ’ა,,,,adv,,,"მაშ, მაშინ","then, so","тогда, а что, а что-же","**ჰ’ა** მაშ, მაშინ"
ħabar,ჰ’აბარ,,,,vi,,daiʒvreba,"დაძვრა (დაიძვრება), წასვლა, გამგზავრება; დაწყება (დაიწყება წვიმა), დაძვრა, ამოვარდნა (ქარისა)","go, move away, set off, begin","тронуться, отправиться (в путь); начаться (о дожде), подняться (о ветре)","**ჰ’აბარ** გრდუვ. 1. დაძვრა (დაიძვრება), წასვლა, გამგზავრება 2. დაწყება (დაიწყება წვიმა), დაძვრა, ამოვარდნა (ქარისა)"
ħab-d-alar,ჰ’აბ-დ-ალარ,,,,vi,,moixsenieba,მოხსენება (მოიხსენიება),remember,"поминаться, упоминаться",**ჰ’აბ-დ-ალარ** გრდუვ. მოხსენიება (მოიხსენიება)
ħab-d-ar1,ჰ’აბ-დ-არ1,,,,,,dasʒravs,,,,**ჰ’აბ-დ-არ1** გრდმ. დაძვრა (დასძრავს)
ħab-d-ar2,ჰ’აბ-დ-არ2,,,,,,gaaxsenebs,,,,"**ჰ’აბ-დ-არ2** გრდმ. გახსენება (გაახსენებს); მოხსენიება, მოგონება"
ħabz,ჰ’აბზ,,,,interj,,,აცხა!,Shoo!,брысь!,**ჰ’აბზ** შორისდ. აცხა!
ħad,ჰ’ად,b d,B,,n,,ħadi; ħadeⁿ,ტვინი (თავისა),brain(s),мозг,**ჰ’ად** *ბ დ* (ჰ’ადი; ჰ’ადეჼ) ტვინი (თავისა)
ħadar-d-ar,ჰ’ადარ-დ-არ,,,,vt,,daanarcxebs,"დანარცხება (დაანარცხებს), ღონივრად დარტყმა, შემოკვრა","fling down, strike down mightily, ","сильно ударить (о земь), треснуть","**ჰ’ადარ-დ-არ** გრდმ. დანარცხება (დაანარცხებს), ღონივრად დარტყმა, შემოკვრა"
ħadb,ჰ’ადბ,d d,D,,n,,ħadbi; ħadbeⁿ,ბაგა,"crib, manger",ясли,**ჰ’ადბ** *დ დ* (ჰ’ადბი; ჰ’ადბეჼ) ბაგა
ħateɁ,ჰ’ათეჸ,,,,adv,,,"მაშინვე, მყის[ვე]","right away, instantly","тотчас же, в мгновение,","**ჰ’ათეჸ** ზმნს. მაშინვე, მყისვ[ე]"
"ħatx, ħatxĕ","ჰ’ათხ, ჰ’ათხე̆",,,,,,,,,,"**ჰ’ათხ, ჰ’ათხე̆** ზმნს. 1. წინ 2. თანდ. მიც. ბრუნვასთან"
ħatxa,ჰ’ათხა,j,,,,,,,,,**ჰ’ათხა** *ჲ* წინა ადგილი
ħatxaren,ჰ’ათხარენ,,,,,,,,,,"**ჰ’ათხარენ**პირველი, წინა ადგილზე მყოფი"
ħatxaɬar,ჰ’ათხალ’არ,,,,,,icʼinascʼarmatʼqʼvelebs,,,,**ჰ’ათხალ’არ** გრდმ. წინასწარმეტყველება (იწინასწარმატყველებს) *(შიფნ.)*
ħatxaɬino,ჰ’ათხალ’ინო,,,,,,šipn.,,,,**ჰ’ათხალ’ინო** ნაწინასწარმერტველები *(შიფნ.)*
ħatxeluⁿ,ჰ’ათხელუჼ,,,,,,,,,,"**ჰ’ათხელუჼ** უწინდელი, ძველი"
ħatxeɁ,ჰ’ათხეჸ,,,,,,,,,,"**ჰ’ათხეჸ** ზმნს. წინათ, უწინ"
ħatxreⁿ,ჰ’ათხრეჼ,,,,,,,,,,"**ჰ’ათხრეჼ** წინა, პირველი; მოწინავე"
ħatx-tʼqʼujħĭ,ჰ’ათხ-ტყუჲჰ’ი̆,,,,,,,,,,**ჰ’ათხ-ტყუჲჰ’ი̆** ზმნს. წინ და უკან
ħatxur,ჰ’ათხურ,d,D,,n,,,"მონაწეთი, ნაწვეთი, ცვარი, წვეთი",drop,"капля, роса","**ჰ’ათხურ** *დ* მონაწვეთი, ნაწვეთი, ცვარი, წვეთი"
ħakʼ,ჰ’აკ,d d,D,,n,,ħakʼeⁿ,შუბლი,forehead,"лоб, чело","**ჰ’აკ** *დ დ* (ჰ’აკეჼ) შუბლი **ჰ’აკ დეხკარ** გრდმ. შუბლის შეკვრა (შეიკრავს), შეჭმუხვნა **ჰ’აკეხ ტჵეჲრბაშ (ტჵიირ ბაშ)** შუბლზე ვარსკვლავის მქონე, ე. ი. თეთრნიშნიანი, ნიკორა"
ħakʼdexkʼinŏ,ჰ’აკდეხკინო̆,,,,,,,,,,"**ჰ’აკდეხკინო̆** მიმღ. შუბლშეკრული, მოღუშული"
ħal ħalabar,ჰ’ალ ჰ’ალაბარ,,,,,,,,,,"**ჰ’ალ ჰ’ალაბარ** გრდმ. იხ. აბარ,"
"ħal, ħalŏ","ჰ’ალ, ჰ’ალო̆",,,,,,,,,,"**ჰ’ალ, ჰ’ალო̆** ზმნისართი და ზმნისწინი, ჩვეულებრივ აღნიშნავს მიმართულებას ქვევიდან ზევით ან გახაზავს ზმნის შინაარსს"
ħalabinŏ,ჰ’ალაბინო̆,,,,,,,,,,**ჰ’ალაბინო̆** მიმღ. იხ. აბინო̆
ħalakʼ-d-akʼar,ჰ’ალაკ-დ-აკარ,,,,,,,,,,**ჰ’ალაკ-დ-აკარ** გრდუვ. 1. იხ. დ-აკარ 2. გადატ.
ħalakʼ-d-ar,ჰ’ალაკ-დ-არ,,,,,,,,,,**ჰ’ალაკ-დ-არ** გრდმ. იხ. აკ-დ-არ
ħalakʼlebad-d-ar,ჰ’ალაკლებად-დ-არ,,,,,,,,,,**ჰ’ალაკლებად-დ-არ** გრდმ. იხ. აკლებად-დ-არ
ħal-atʼtʼitar,ჰ’ალ-ატტითარ,,,,,,amoağebinebs,,,,**ჰ’ალ-ატტითარ** გრდმ. ამოღებინება (ამოაღებინებს)
ħalap-d-alar,ჰ’ალაფ-დ-ალარ,,,,,,,,,,**ჰ’ალაფ-დ-ალარ** გრდუვ. იხ. აფ-დ-ალარ
ħalapšar,ჰ’ალაფშარ,,,,,,,,,,**ჰ’ალაფშარ** გრდმ. იხ. აფშარ
ħalapxekʼad-d-ar,ჰ’ალაფხეკად-დ-არ,,,,,,,,,,**ჰ’ალაფხეკად-დ-არ** გრდმ. იხ. აფხეკად-დ-არ
ħalaklibad-d-ar,ჰ’ალაქლიბად-დ-არ,,,,,,,,,,**ჰ’ალაქლიბად-დ-არ** გრდმ. იხ. აქლიბად-დ-არ
ħalaqʼrad-d-ar,ჰ’ალაყრად-დ-არ,,,,,,,,,,**ჰ’ალაყრად-დ-არ** გრდმ. იხ. აყრად-დ-არ
ħalacʼerad-d-ar,ჰ’ალაწერად-დ-არ,,,,,,,,,,**ჰ’ალაწერად-დ-არ** გრდმ. იხ. აწერად-დ-არ
ħalaxar,ჰ’ალახარ,,,,,,,,,,**ჰ’ალახარ** გრდმ. იხ. ახარ1
ħalax-d-ar,ჰ’ალახ-დ-არ,,,,,,aitʼqʼuebs,,,,"**ჰ’ალახ-დ-არ** გრდმ. ატყუება (აიტყუებს), ამოტყუება"
ħalaxkʼar,ჰ’ალახკარ,,,,,,,,,,**ჰ’ალახკარ** გრდმ. ამოთხრა
ħalaɬar,ჰ’ალალ’არ,,,,,,,,,,**ჰ’ალალ’არ** გრდმ. იხ. ალ’არ
ħalaħar,ჰ’ალაჰ’არ,,,,,,,,,,**ჰ’ალაჰ’არ** გრდმ. იხ. აჰ’არ2
ħal-aħŏ,ჰ’ალ-აჰ’ო̆,,,,adv,,,"ზევით-ქვევით, აღმა-დაღმა",up and down,вверх-вниз,"**ჰ’ალ-აჰ’ო̆** ზმნისართი და წინსართი ზევით-ქვევით, აღმა-დაღმა"
ħalgeɁ,ჰ’ალგეჸ,,,,adv,,,ზედმეტად გაძღომა,,"пересытиться, слишком насытиться",**ჰ’ალგეჸ** ზმნს. ნაწილაკდართული ჰ’ალ
ħal-d-abcʼar,ჰ’ალ-დ-აბწარ,,,,,,,,,,**ჰ’ალ-დ-აბწარ** გრდმ. იხ. დ-აბწარ
ħal-d-av-d-ar,ჰ’ალ-დ-ავ-დ-არ,,,,,,,,,,**ჰ’ალ-დ-ავ-დ-არ** გრდმ. იხ. დავ-დ-არ
ħal-d-attar,ჰ’ალ-დ-ათთარ,,,,,,,,,,**ჰ’ალ-დ-ათთარ** იხ. დ-ათთარ
ħal-d-atxar,ჰ’ალ-დ-ათხარ,,,,,,,,,,**ჰ’ალ-დ-ათხარ** გრდუვ. იხ. დ-ა-თხარ
ħaldakʼar-d-ar,ჰ’ალდაკარ-დ-არ,,,,,,,,,,**ჰ’ალდაკარ-დ-არ** გრდმ. იხ. დაკარ-დ-არ
ħal-d-akʼ-d-ar,ჰ’ალ-დ-აკ-დ-არ,,,,,,,,,,**ჰ’ალ-დ-აკ-დ-არ** გრდმ. იხ. დ-აკ-დ-არ
ħal-d-až-d-ar,ჰ’ალ-დ-აჟ-დ-არ,,,,,,,,,,**ჰ’ალ-დ-აჟ-დ-არ** გრდმ. იხ. დ-აჟ-დ-არ
ħal-d-ar,ჰ’ალ-დ-არ,,,,,,,,,,**ჰ’ალ-დ-არ** იხ. დ-არ
ħal-d-arlar,ჰ’ალ-დ-არლარ,,,,,,,,,,**ჰ’ალ-დ-არლარ** გრდმ. იხ. დ-არლარ
ħal-d-as-d-ar,ჰ’ალ-დ-ას-დ-არ,,,,,,,,,,**ჰ’ალ-დ-ას-დ-არ** გრდმ. იხ. დ-ას-დ-არ
ħal-d-astʼar,ჰ’ალ-დ-ასტარ,,,,,,,,,,**ჰ’ალ-დ-ასტარ** გრდმ. იხ. დ-ასტარ
ħal-d-astʼitar,ჰ’ალ-დ-ასტითარ,,,,,,,,,,**ჰ’ალ-დ-ასტითარ** გრდმ. იხ. დ-ასტითარ
ħal-d-atʼar1,ჰ’ალ-დ-ატარ1,,,,,,,,,,**ჰ’ალ-დ-ატარ1** გრდუვ. იხ. დ-ატარ1
ħal-d-atʼar2,ჰ’ალ-დ-ატარ2,,,,,,,,,,**ჰ’ალ-დ-ატარ2** გრდუვ. იხ. დ-ატარ2
ħal-d-atʼ-d-ar,ჰ’ალ-დ-ატ-დ-არ,,,,,,,,,,**ჰ’ალ-დ-ატ-დ-არ** გრდმ. იხ. დ-ატ-დ-არ2
ħal-d-aqʼar,ჰ’ალ-დ-აყარ,,,,,,,,,,**ჰ’ალ-დ-აყარ** გრდმ. იხ. დ-აყარ1
ħal-d-aqʼ-d-ar,ჰ’ალ-დ-აყ-დ-არ,,,,,,,,,,**ჰ’ალ-დ-აყ-დ-არ** გრდმ. იხ. დ-აყ-დ-არ
ħal-d-acʼ-d-ar,ჰ’ალ-დ-აწ-დ-არ,,,,,,,,,,**ჰ’ალ-დ-აწ-დ-არ** გრდმ. იხ. დ-აწ-დ-არ
ħal-d-ačʼar,ჰ’ალ-დ-აჭარ,,,,,,,,,,**ჰ’ალ-დ-აჭარ** გრდმ. იხ. დ-აჭარ
ħal-d-axar1,ჰ’ალ-დ-ახარ1,,,,,,cʼava,,,,**ჰ’ალ-დ-ახარ1**გრდუვ. ზევით წასვლა (წავა)
ħal-d-axar2,ჰ’ალ-დ-ახარ2,,,,,,,,,,**ჰ’ალ-დ-ახარ2**იხ. დ-აახარ2
ħal-d-axar3,ჰ’ალ-დ-ახარ3,,,,,,,,,,**ჰ’ალ-დ-ახარ3** გრდმ. იხ. დ-ახარ3
ħal-d-axar4,ჰ’ალ-დ-ახარ4,,,,,,,,,,**ჰ’ალ-დ-ახარ4** იხ. დ-აახარ1
ħal-d-axitar,ჰ’ალ-დ-ახითარ,,,,,,gaušvebs zevit,,,,"**ჰ’ალ-დ-ახითარ** გრდმ. გაშვება (გაუშვებს ზევით), ასროლა, ატყორცნა"
ħal-d-aɬar,ჰ’ალ-დ-ალ’არ,,,,,,,,,,**ჰ’ალ-დ-ალ’არ** გრდუვ. იხ. დ-ალ’არ
ħal-d-aɬ-d-alar,ჰ’ალ-დ-ალ’-დ-ალარ,,,,,,scʼrapad,,,,"**ჰ’ალ-დ-ალ’-დ-ალარ** გრდუვ. ავარდნა, ზევით, ასვლა (სწრაფად)"
ħal-d-aɬitar,ჰ’ალ-დ-ალ’ითარ,,,,,,aušvebs,,,,**ჰ’ალ-დ-ალ’ითარ** გრდმ. აშვება (აუშვებს)
ħal-d-aɬujla,ჰ’ალ-დ-ალ’უჲლა,d d,,,,,,,,,"**ჰ’ალ-დ-ალ’უჲლა** *დ დ* ასასვლელი, ასვლის შესაძლებლობა"
ħal-d-aħar,ჰ’ალ-დ-აჰ’არ,,,,,,,,,,**ჰ’ალ-დ-აჰ’არ** გრდმ. ზევით ატანა
ħal-d-aqar1,ჰ’ალ-დ-აჴარ1,,,,,,amoiğebs,,,,"**ჰ’ალ-დ-აჴარ1** გრდმ. ამოღება (ამოიღებს), მაღლა ატანა, აყვანა"
ħal-d-aqar2,ჰ’ალ-დ-აჴარ2,,,,,,,,,,**ჰ’ალ-დ-აჴარ2** გრდუვ. იხ. დ-აჴარ2
ħal-d-aqar-d-ar,ჰ’ალ-დ-აჴარ-დ-არ,,,,,,gaazviadebs,,,,**ჰ’ალ-დ-აჴარ-დ-არ** გრდმ. გაზვიადება (გააზვიადებს)
ħal-d-aq-d-ar,ჰ’ალ-დ-აჴ-დ-არ,,,,,,,,,,**ჰ’ალ-დ-აჴ-დ-არ** გრდმ. იხ. დ-აჴ-დ-არ1
ħal-d-aq-d-ijenŏ,ჰ’ალ-დ-აჴ-დ-იჲენო̆,,,,,,,,,,**ჰ’ალ-დ-აჴ-დ-იჲენო̆** მიმღ. იხ. დ-აჴ-დ-იჲენო̆
ħalkʼaɁ,ჰ’ალკაჸ,, ,,n,,,გეჸ ნაწილაკდართული ჰ>ალ,,,**ჰ’ალკაჸ** ზმნს. კაჸ ნაწილაკიანი ჰ’ალ
ħalo,ჰ’ალო,j,,,adv,,,"აღმა, ზევით, ზევითა მხარეს","upwards of, above, on the top","наверху, на верхней стороне","**ჰ’ალო** *ჲ* ზევითა მხარე, ადგილი, აღმა მხარე"
ħalo[ħ],ჰ’ალო[ჰ’],,,,,,,,,,"**ჰ’ალო[ჰ’]** ზმნს. აღმა, ზევით, ზევითა მხარეს"
ħalqoliⁿ,ჰ’ალჴოლიჼ,,,,,,alir.,,,,**ჰ’ალჴოლიჼ** უდედო ბატკანი (ალირ.)
ħal-ħal: ħal-ħal,ჰ’ალ-ჰ’ალ: ჰ’ალ-ჰ’ალ,,,,,,,,,,"**ჰ’ალ-ჰ’ალ: ჰ’ალ-ჰ’ალ** ლეთხარ ზე-ზე ხტომა, კუნტრუში"
ħamaxeɁ,ჰ’ამახეჸ,,,,,,kadagiʒ.,,,,"**ჰ’ამახეჸ** ყველაზე, ყველას *(ქადაგიძ.)*"
ħamaɁ,ჰ’ამაჸ,,,,pro,,,მსაზღვრ. ერგატ. და ირიბ. ბრუნვასთან,,,**ჰ’ამაჸ** მსაზღვრ.ერგატ. და ირიბ ბრუნვასთან
ħambalajnĭ,ჰ’ამბალაჲნი̆,,,,ptcp,,,სასიამოვნო,pleasant,приятный; приятная Заира,**ჰ’ამბალაჲნი̆** მიმღ. სასიამოვნო
ħaⁿ,ჰ’აჼ,,,,pro,,,,who,,**ჰ’აჼ** ერგ. იხ. მეჼ
"ħana, ħane","ჰ’ანა, ჰ’ანე",,,,,,,,,,"**ჰ’ანა, ჰ’ანე** ერგ. იხ. მენა"
ħankʼal,ჰ’ანკალ,j j,J,,n,, ħankʼleⁿ,ასკილი,dog-rose,шиповник,**ჰ’ანკალ** *ჲ ჲ* ( ჰ’ანკლეჼ) ასკილი
ħankʼditar,ჰ’ანკდითარ,,,,vt,,aslokʼinebs,სლოკინი (ასლოინებს),sob,икать,**ჰ’ანკდითარ** გრდმ. სლოკინი (ასლოკინებს)
ħankʼluj,ჰ’ანკლუჲ,j,J ,,n,,,,pl,,**ჰ’ანკლუჲ** *ჲ* მრ. სლუკუნი
ħanxe,ჰ’ანხე,,,,,,šipn.,,,,"**ჰ’ანხე** ალბათ, თუ *(შიფნ.)*"
ħapʼ-d-ar,ჰ’აპ-დ-არ,,,,vt,,daxučʼavs,"დახუჭვა (დახუჭავს), დაკეცვა; შეკუმშვა (მუშტისა...)","close (eyes), clench (fist) ","закрыть (глаза...), сжать (кулак...)",**ჰ’აპ-დ-არ** გრდმ. დახუჭვა (დახუჭავს) დაკეცვა; შეკუმშვა (მუშტისა)
ħapʼčʼqʼapʼar,ჰ’აპჭყაპარ,,,,vi,,daiğmičʼeba,"დაღმეჭა (დაიღმიჭება), დაგრეხა",grimace,"скривиться, поморщиться","**ჰ’აპჭყაპარ** გრდუვ. დაღმეჭა (დაიღმიჭება), დაგრეხა"
ħariⁿ qer,ჰ’არიჼ ჴერ,,,,,,ekspʼ.,,,,**ჰ’არიჼ ჴერ** დოლაბი *(ექსპ.)*
ħarčar1,ჰ’არჩარ1,,,,vi,,moexveva,"მოხვევა (მოეხვევა), ჩახვევა","embrace, cling to","обнять, прильнуть","**ჰ’არჩარ1** გრდუვ. მოხვევა (მოეხვევა), ჩახვევა"
ħarčar2,ჰ’არჩარ2,,,,vi,,šemoakʼvdeba,შემოკვდომა (შემოაკვდება),die by accident,убить невольно,**ჰ’არჩარ2** გრდუვ. შემოკვდომა (შემოაკვდება)
ħarč-d-alar,ჰ’არჩ-დ-ალარ,,,,vi,,gaexveva,"გახვევა (გაეხვევა), გახლართვა, შეხვევა","be wrapped, tangled, involved",запутаться,"**ჰ’არჩ-დ-ალარ** გრდუვ. გახვევა (გაეხვევა), გახლართვა, შეხვევა"
ħarč-d-ar,ჰ’არჩ-დ-არ,,,,,,šeaxvevs,,,,"**ჰ’არჩ-დ-არ** გრდმ. შეხვევა (შეახვევს), შემოხვევა, მოხვევა"
"ħarčom: ħarčom baɬar, baɬitar","ჰ’არჩომ: ჰ’არჩომ ბალ’არ, ბალ’ითარ",,,,,,,,,,"**ჰ’არჩომ: ჰ’არჩომ ბალ’არ, ბალ’ითარ** გრდმ. დაცემინება ცხვირისა"
ħarcʼar,ჰ’არწარ,,,,vt,,daartavs,დართვა (დაართავს),spin,спрясть,**ჰ’არწარ** გრდმ. დართვა (დაართავს)
ħarxov,ჰ’არხოვ,v b,,,,,ħarxoveⁿ,,,,**ჰ’არხოვ** *ვ ბ* (ჰ’არხოვეჼ) მეწისქვილე *(ქადაგიძ.)*
ħarħar,ჰ’არჰ’არ,,,,n,,,ქაქანი,panting,"пыхтение, частое дыхание (от бега)",**ჰ’არჰ’არ** ქაქანი
ħas,ჰ’ას,,,,,,ħaseⁿ,,,,**ჰ’ას** (ჰ’ასეჼ) სასა *(ექსპ.)*
ħasŭ,ჰ’ასუ̆,,,,,,ħasujⁿ,,,,**ჰ’ასუ̆** (ჰ’ასუჲჼ) ძარღვი *(ექსპ.);* **ჰ’ასო̆** *(ბერთლ და სხვ.)*
ħaps-d-ar,ჰ’აფს-დ-არ,,,,vt,,gagzavnis,,pl,,**ჰ’აფს-დ-არ** გრდმ. მრ. გაგზავნა (გაგზავნის)
ħaps-d-ar,ჰ’აფს-დ-არ,,,,vt,,šeagebebs,,pl,,**ჰ’აფს-დ-არ** მრ. გრდმ. შეგებება (შეაგებებს)
ħağ,ჰ’აღ,b,B,,n,,ħağeⁿ,"შური, ჯიბრი, ქიშპობა","envy, rivalry",неприязнь,"**ჰ’აღ** *ბ* (ჰ’აღეჼ) შური, ჯიბრი, ქიშპობა"
ħağar,ჰ’აღარ,b d,B,,n,,ħağri; ħağraⁿ,ყორანი,raven,ворон,**ჰ’აღარ** *ბ დ* (ჰ’აღრი; ჰ’აღრაჼ) ყორანი
ħağborikʼ,ჰ’აღბორიკ,,,,,,,,,,"**ჰ’აღბორიკ** მოცილე, მოჯიბრე, მოშურნე"
"ħağen, ħaŭğeⁿ","ჰ’აღენ, ჰ’აუ̆ღეჼ",,,,,,,,,,"**ჰ’აღენ, ჰ’აუ̆ღეჼ** შურიანი, ჯიბრიანი, მოქიშპე"
"ħaš, ħašĕ","ჰ’აშ, ჰ’აშე̆",d d,,,,,ħaši; ħašeⁿ,,,,"**ჰ’აშ, ჰ’აშე̆** *დ დ* (ჰ’აში; ჰ’აშეჼ) სტუმარი"
ħašxol,ჰ’აშხოლ,j d,,,,,,,,,"**ჰ’აშხოლ** *ჲ დ* **ჰ’აშხოლობ** *დ დ* სტუმრიანობა, წვეულება, სტუმრების მოწვევა"
ħašxoleⁿ,ჰ’აშხოლეჼ,,,,,,,,,,"**ჰ’აშხოლეჼ** სტუმრიანი, სტუმართმოყვარე"
ħac-d-alar,ჰ’აც-დ-ალარ,,,,vi,,damʒağdeba,დამძაღება (დამძაღდება),go rancid,прогоркнуть,**ჰ’აც-დ-ალარ** გრდუვ. დამძაღება (დამძაღდება)
ħac-d-alinŏ,ჰ’აც-დ-ალინო̆,,,,,,,,,,"**ჰ’აც-დ-ალინო̆** მიმღ. დამძაღებული, მძაღე"
ħac-d-ar,ჰ’აც-დ-არ,,,,,,daamʒağebs,,,,**ჰ’აც-დ-არ** გრდმ. დამძაღება (დაამძაღებს)
ħacol,ჰ’აცოლ,j,J,,n,,,სიმძაღე,rancidity,прогорклость,**ჰ’აცოლ** *ჲ* სიმძაღე
ħacʼam-d-alar,ჰ’აწამ-დ-ალარ,,,,vi,,gaiğviʒebs,გაღვიძება (გაიღვიძებს),wake up,проснуться,**ჰ’აწამ-დ-ალარ** გრდუვ. გაღვიძება (გაიღვიძებს)
ħacʼam-d-ar,ჰ’აწამ-დ-არ,,,,,,gaağviʒebs,,,,**ჰ’აწამ-დ-არ** გრდმ. გაღვიძება (გააღვიძებს)
ħacʼukʼ,ჰ’აწუკ,d d,D,,n,,ħajcʼkʼi; ħajcʼkʼeⁿ,"ჩიტი, ფრინველი",bird,"птичка, птица","**ჰ’აწუკ** *დ დ* (ჰ’აჲწკი; ჰ’აჲწკეჼ) ჩიტი, ფრინველი"
ħačʼar,ჰ’აჭარ,,D,,vt,vt,šexedavs,,,,"**ჰ’აჭარ** გრდმ. 1. შეხედვა (შეხედავს) 2. მიხედვა, მოვლა"
ħačʼdagar,ჰ’აჭდაგარ,d d,,,,,,,,,"**ჰ’აჭდაგარ** *დ დ* შესახედაობა, გარეგნობა, ელფერი"
ħačʼ-d-alar,ჰ’აჭ-დ-ალარ,,,,,,aqʼroldeba,,,,**ჰ’აჭ-დ-ალარ** გრდუვ. აყროლება (აყროლდება)
ħačʼ-d-ar1,ჰ’აჭ-დ-არ1,,,,,,aaqʼrolebs,,,,**ჰ’აჭ-დ-არ1** გრდმ. აყროლება (ააყროლებს)
ħačʼ-d-ar2,ჰ’აჭ-დ-არ2,,,,,,šeaxedebs,,,,**ჰ’აჭ-დ-არ2** გრდმ. 1. შეხედება (შეახედებს); გახედვინება (გაახედებს) 2. გაგზავნა (გაგზავნის)
ħačʼoreⁿ,ჰ’აჭორეჼ,,,,,,,,,,"**ჰ’აჭორეჼ** სუნიანი, მყრალი"
ħačʼorna,ჰ’აჭორნა,d d,,,,,,,,,**ჰ’აჭორნა** *დ დ* სიმყრალე
ħačʼqʼar,ჰ’აჭყარ,,,,vt,,moučʼers,"მოჭერა (მოუჭერს), წაჭერა, დაჭერა; გაწურვა, დაწურვა","seize, grab, catch; press, wring out","сжать, сдавить, нажать, придавать; выжать","**ჰ’აჭყარ** გრდმ. 1. მოჭერა (მოუჭერს), წაჭერა, დაჭერა 2. გაწურვა,დაწურვა"
ħačʼqʼatʼar,ჰ’აჭყატარ,,,,,,mimoixedavs,,,,"**ჰ’აჭყატარ** გრდუვ. მიმოხედვა (მიმოიხედავს), დათვალიერება"
ħačʼqʼ-d-ar,ჰ’აჭყ-დ-არ,,,,,,,,,,**ჰ’აჭყ-დ-არ** იხ. ჰ’აჭყარ
ħačʼqʼinŏ,ჰ’აჭყინო̆,,,,,,,,,,**ჰ’აჭყინო̆** მიმღ. დაწურული
ħax,ჰ’ახ,b d,B,,n,,ħaxi; ħaxeⁿ,ჯიხვი,Caucasian ibex,тур,**ჰ’ახ** *ბ დ* (ჰ’ახი; ჰ’ახეჼ) ჯიხვი (მამალი)
ħaxetar,ჰ’ახეთარ,,,,,,"šurs, šešurdeba",,,,"**ჰ’ახეთარ** გრდუვ. შური (შურს, შეშურდება)"
ħaxetrikʼ,ჰ’ახეთრიკ,,,,,,,,,,**ჰ’ახეთრიკ** შურიანი
"ħaxkʼeɁ, haxkʼeɁ","ჰ’ახკეჸ, ჰახკეჸ",,,,,,,,,,"**ჰ’ახკეჸ, ჰახკეჸ** ნაწილ. იქნება, ეგების"
ħajin,ჰ’აჲინ,,,,,,,,,,**ჰ’აჲინ**კუთვნ. ნაცვ.
ħajra,ჰ’აჲრა,j j,J,,n,,,წისქვილი,(flour) mill,мельница,**ჰ’აჲრა** *ჲ ჲ* იხ. ჰ’აჲრი̆
"ħajrĭ, ħajra","ჰ’აჲრი̆, ჰ’აჲრა",j j,,,,,ħajri; ħajreⁿ,,,,"**ჰ’აჲრი̆, ჰ’აჲრა** *ჲ ჲ* (ჰ’აჲრი; ჰ’აჲრეჼ) წისქვილი **გაგუჲჼ ჰ’აჲრი̆** მუხლის კვერი, მუხლის თავი"
"ħajrŭ, ħajrĭ","ჰ’აჲრუ̆, ჰ’აჲრი̆",d d,,,,,ħarniⁿ/ħaruⁿ,,,,"**ჰ’აჲრუ̆, ჰ’აჲრი̆** *დ დ* (ჰ’არნიჼ/ჰ’არუჼ) ფქვილი"
"ħajtʼqʼĭ, ħajtʼqʼ","ჰ’აჲტყი̆, ჰ’აჲტყ",d d,,,,,ħajtʼqʼeⁿ,,,,"**ჰ’აჲტყი̆, ჰ’აჲტყ** *დ დ* (ჰ’აჲტყეჼ) შარდი"
ħajcʼ[ĭ]majcʼĭ,ჰ’აჲწ[ი̆]მაჲწი̆,b d,,,,,**ħajcʼ[ĭ]majcʼiⁿ,,,,**ჰ’აჲწ[ი̆]მაჲწი̆** *ბ დ* (**ჰ’აჲწ[ი̆]მაჲწიჼ)** ჯიბლიბო
ħajčʼcʼiⁿ,ჰ’აჲჭწიჼ,,,,,,,,,,"**ჰ’აჲჭწიჼ** უსუნო, უყნოსო"
ħajčʼĭ,ჰ’აჲჭი̆,j,J,,n,,suni moepineba,სუნი,"smell, odour, scent",запах,"**ჰ’აჲჭი̆** *ჲ* 1. სუნი 2. ყნოსვა **ჰ’აჲჭი̆ იხითარ** გრდმ. სუნის აშვება, ამყრალება **ჰ’აჲჭ ჲარჟარ** გრდუვ. სუნის მოფენა (სუნი მოეფინება), აყროლდება **ჰ’აჲჭ ჲარჟჲარ** გრდმ. სუნის მოფენა (სუნს მოჰფენს) **ჰ’აჲჭ სამსარ, ჰ’აჲჭ სემსარ** გრდმ. დასუნვა (დასუნავს), ყნოსვა **ჰ’აჲჭ ხეცარ** გრდმ. სუნის აშვება (აუშვებს), აყროლება"
ħaqar,ჰ’აჴარ,,,,vt,,cʼausvams,"წასმა (წაუსვამს); გამოგვა; ქროლვა, დაბერვა (დაუბერავს ქარი)","smear; sweep, blow (wind)","намазать, слизать; подмести, вымести; дуть (о ветре)","**ჰ’აჴარ** გრდმ. 1. წასმა (წაუსვამს) 2. გამოგვა 3. გადატ. ქროლვა, დაბერვა (დაუბერავს ქარი)"
ħaq-d-ar,ჰ’აჴ-დ-არ,,,,,,cʼausvams,,,,"**ჰ’აჴ-დ-არ** გრდმ. წასმა (წაუსვამს), გასმა, წაგლესა, გასრესა; მოფშვნეტა (თვალისა)"
ħaq-d-ijenŏ,ჰ’აჴ-დ-იჲენო̆,,,,ptcp,,,,,,**ჰ’აჴ-დ-იჲენო̆** მიმღ. იხ. ჰაჴინო̆
ħaqinŏ,ჰ’აჴინო̆,,,,,,,,,,**ჰ’აჴინო̆** მიმღ. დაგვილი
ħaqsaqar,ჰ’აჴსაჴარ,,,,,,cʼausvams,,,,"**ჰ’აჴსაჴარ** გრდმ. 1. ზერელედ წასმა (წაუსვამს) 2. ზერელედ დაგვა 3. მცირედ, ოდნავ ქროლვა"
ħe dejnĭ (diinĭ) la-d-alosŏ,ჰ’ე დეჲნი̆ (დიინი̆) ლა-დ-ალოსო̆,,,,,,diinĭ,,,,"**ჰ’ე დეჲნი̆ (დიინი̆) ლა-დ-ალოსო̆** არ ითარგმნება, დაახლ. შენ გენაცვალე"
ħebar,ჰ’ებარ,,,,vi,,daiʒvreba,"დაძვრა (დაიძვრება), წასვლა, გამგზავრება; დაძვრა (იძვრის ქარი), დაწყება (იწყება წვიმა, ტკივილი...)","go, move away, set off, begin","трогаться, отправляться (в путь); подниматься (о ветре...), начинаться (о дожде, боли...)","**ჰ’ებარ** გრდუვ. 1. დაძვრა (დაიძვრება), წასვლა, გამგზავრება 2. დაძვრა (იძვრის ქარი), დაწყება (იწყება წვიმა, ტკივილი)"
ħeb-d-ar,ჰ’ებ-დ-არ,,,,vt,,axsenebs,"გახსენება (ახსენებს); მოხსენიება, მოგონება","remind, mention","напоминать, поминать, упоминать","**ჰ’ებ-დ-არ** გრდმ. გახსენება (ახსენებს); მოხსენიება, მოგონება"
ħedar,ჰ’ედარ,,,,vi,,daigvianebs,დაგვიანება (დაიგვიანებს),be late,опоздать,**ჰ’ედარ** გრდუვ. დაგვიანება (დაიგვიანებს)
ħed-d-alar,ჰ’ედ-დ-ალარ,,,,,,daagviandeba,,,,"**ჰ’ედ-დ-ალარ** გრდუვ. დაგვიანება (დააგვიანდება), დაყოვნება"
ħed-d-itar,ჰ’ედ-დ-ითარ,,,,,,daagvianebs,,,,**ჰ’ედ-დ-ითარ** გრდმ. დაგვიანება (დააგვიანებს)
ħedeš,ჰ’ედეშ,,,,,,,,,,"**ჰ’ედეშ** ზმნს. დაგვიანებით, გვიან"
ħevar,ჰ’ევარ,,,,vt,,telavs,"მოთელვა (თელავს), მოქნა (ტყავისა...), ზელა, სრესა","felt (wool), tan (leather), knead, crush","мять, разминать, тереть, месить","**ჰ’ევარ** გრდმ. მოთელვა (თელავს), მოქნა (ტყავისა...), ზელა სრესა"
ħetxar,ჰ’ეთხარ,,,,vi,,gaikceva,,pl,,"**ჰ’ეთხარ** გრდუვ. მრ. გაქცევა (გაიქცევა), მისევა (მიესევა)"
ħetx-d-ar,ჰ’ეთხ-დ-არ,,,,,,gaakcevs,,,,"**ჰ’ეთხ-დ-არ** გრდმ. მრ. გაქცევა (გააქცევს); მისევე, დასევა"
ħeⁿ,ჰ’ეჼ,,,,pro poss,,,შენი,your (sg),твой,**ჰ’ეჼ** კუთვნ. ნაცვ.
ħepʼ-d-ar,ჰ’ეპ-დ-არ,,,,vt,,xučʼavs,"დახუჭვა (ხუჭავს), დაკეცვა,  კუმშვა (კუმშავს)","close (eyes), clench fist","закрывать (глаза, зонт)","**ჰ’ეპ-დ-არ** გრდმ. დახუჭვა (ხუჭავს), დაკეტვა, კუმშვა (კუმშავს)"
ħepʼčʼqʼepʼar,ჰ’ეპჭყეპარ,,,,vi,,iğmičʼeba,"ღმეჭა (იღმიჭება), გრეხა",grimace,"кривиться, морщиться","**ჰ’ეპჭყეპარ** გრდუვ. ღმეჭა (იღმიჭება), გრეხა"
ħepʼčʼqʼepʼ-d-ar,ჰ’ეპჭყეპ-დ-არ,,,,,,čʼmuxnis,,,,"**ჰ’ეპჭყეპ-დ-არ** გრდმ. 1. ჭმუხნა (ჭმუხნის), სრესა 2. დაპრანჭვა (დაპრანჭავს)"
ħerčar1,ჰ’ერჩარ1,,,,vi,,exveva,"მოხვევა, ხვევნა (ეხვევა)","wrap, embrace","обвиваться, ласкаться","**ჰ’ერჩარ1** გრდუვ. მოხვევა, ხვევნა (ეხვევა)"
ħerčar2,ჰ’ერჩარ2,,,,vi,,akʼvdeba,შემოკვდომა (აკვდება),die by accident,"убивать, без умысла, невольно",**ჰ’ერჩარ2** გრდუვ. შემოკვდომა (აკვდება)
ħercʼar1,ჰ’ერწარ1,,,,vi,,tʼrialebs,"ტრიალი (ტრიალებს), ბრუნვა","turn, rotate",вертеться,"**ჰ’ერწარ1** გრდუვ. ტრიალი (ტრიალებს), ბრუნვა"
ħercʼar2,ჰ’ერწარ2,,,,vt,,artavs,რთვა (ართავს),spin (yarn),прясть,**ჰ’ერწარ2** გრდმ. რთვა (ართავს)
ħercʼ-d-ar,ჰ’ერწ-დ-არ,,,,,,atʼrialebs,,,,**ჰ’ერწ-დ-არ** გრდმ. ტრიალი (ატრიალებს)
ħercʼitar,ჰ’ერწითარ,,,,,,,,,,**ჰ’ერწითარ** გრდმ. დართვევინება
ħetʼar,ჰ’ეტარ,,,,vi,,gaikceva,გაქცევა (გაიქცევა),run,побежать,**ჰ’ეტარ** გრდუ. გაქცევა (გაიქცევა)
ħetʼ-d-ar,ჰ’ეტ-დ-არ,,,,,,gaakcevs,,,,**ჰ’ეტ-დ-არ** გრდმ. გაქცევა (გააქცევს)
ħetʼtʼ-d-alar,ჰ’ეტტ-დ-ალარ,,,,vi,,adgeba,მოდგმა (ადგება),"stick to, be attached to","подходить, приставать, подступать",**ჰ’ეტტ-დ-ალარ** გრდუვ. მოდგომა (ადგება)
ħetʼtʼ-d-ar,ჰ’ეტტ-დ-არ,,,,,,tʼenis,,,,"**ჰ’ეტტ-დ-არ** გრდმ. ტენა (ტენის), შერჭობა"
ħeps-d-ar,ჰ’ეფს-დ-არ,,,,vt,,gzavnis,,pl,,**ჰ’ეფს-დ-არ** გრდმ. მრ. გაგზავნა (გზავნის)
ħecʼam-d-alar,ჰ’ეწამ-დ-ალარ,,,,vi,,eğviʒeba,გაღვიძება (ეღვიძება),wake up,просыпаться,**ჰ’ეწამ-დ-ალარ** გრდუვ. გაღვიძება (ეღვიძება)
ħecʼam-d-ar,ჰ’ეწამ-დ-არ,,,,,,ağviʒebs,,,,**ჰ’ეწამ-დ-არ** გრდმ. გაღვიძება (აღვიძებს)
ħečʼar,ჰ’ეჭარ,,,,vi,,uqʼurebs,"ყურება (უყურებს), ცქერა, მზერა; მოვლა","look, watch, gaze; look after, nurse","смотреть; присматривать, ухаживать (за больным)","**ჰ’ეჭარ** გრდუვ. 1. ყურება (უყურებს), ცქერა, მზერა 2. გადატ. მოვლა"
ħečʼ-d-alar1,ჰ’ეჭ-დ-ალარ1,,,,vi,,qʼroldeba,აყროლება (ყროლდება),stink,"тухнуть, вонять",**ჰ’ეჭ-დ-ალარ1** გრდუვ. აყროლება (ყროლდება)
ħečʼ-d-alar2,ჰ’ეჭ-დ-ალარ2,,,,,,,,,,**ჰ’ეჭ-დ-ალარ2**უნებლიედ ყურება
ħečʼ-d-ar,ჰ’ეჭ-დ-არ,,,,,,axedebs,,,,**ჰ’ეჭ-დ-არ** გრდმ. 1. გახედება (ახედებს) 2. [გა]გზავნა ([გა]გზავნის)
ħečʼqʼar,ჰ’ეჭყარ,,,,vt,,učʼers,"მოჭერა (უჭერს); გაწურვა, დაწურვა","seize, grab, catch; press, wring out",сжимать; выжимать,"**ჰ’ეჭყარ** გრდმ. 1. მოჭერა (უჭერს) 2. გაწურვა, დაწურვა"
ħečʼqʼ-d-ar,ჰ’ეჭყ-დ-არ,,,,,,ačʼers,,,,**ჰ’ეჭყ-დ-არ** გრდმ. დაჭერა (აჭერს)
ħex,ჰ’ეხ,j j,J,,n,,ħexi; ħexeⁿ,"ეხი, გამოქვაბული","hollow, grotto, cave",пещера,"**ჰ’ეხ** *ჲ ჲ* (ჰ’ეხი; ჰ’ეხეჼ) ეხი, გამოქვაბული"
ħexareⁿ,ჰ’ეხარეჼ,,,,,,,,,,**ჰ’ეხარეჼ** გამოქვაბულებიანი
"ħejdno, ħidno","ჰ’ეჲდნო, ჰ’იდნო",d,,,,,,,,,"**ჰ’ეჲდნო, ჰ’იდნო** *დ* გვიანი დრო"
"ħejčʼ-d-isar, ħičʼ-d-isar","ჰ’ეჲჭ-დ-ისარ, ჰ’იჭ-დ-ისარ",,,,,,miaštʼerdeba,,,,"**ჰ’ეჲჭ-დ-ისარ, ჰ’იჭ-დ-ისარ** გრდუვ. მიშტერება (მიაშტერდება)"
ħeqar,ჰ’ეჴარ,,,,vt,,usvams,"[წა]სმა (უსვამს), [წა]ცხება; გვა (გვის); ქროლა (ქრის)","smear, annoint; swipe; blow (wind)","мазать, лизать; мести; дуть (о ветре)","**ჰ’ეჴარ** გრდმ. 1.[წა]სმა (უსვამს), [წა]ცხება 2. გვა (გვის) 3. ქროლა (ქრის)"
ħeq-d-alar,ჰ’ეჴ-დ-ალარ,,,,,,"exaxuneba, gaexaxuneba",,,,"**ჰ’ეჴ-დ-ალარ** ხახუნი (ეხახუნება, გაეხახუნება), გასმა (გაესმება), წაცხება"
ħeq-d-ar,ჰ’ეჴ-დ-არ,,,,,,usvams,,,,"**ჰ’ეჴ-დ-არ** გრდმ. წასმა (უსვამს), გლესა, სრესა, ფშვნეტა (თვალისა)"
ħo,ჰ’ო,,,,pro pers,,,შენ,you (sg),ты,**ჰ’ო** შენ
ħoršar,ჰ’ორშარ,,,,vt,,daagorebs,დაგორება (დააგორებს),roll,"катить, покатить",**ჰ’ორშარ** გრდმ. დაგორება (დააგორებს)
ħotʼtʼar,ჰ’ოტტარ,,,,vt,,,შერჭობა,"drive, stick, plug, force into",воткнуть,**ჰ’ოტტარ** გრდმ. შერჭობა
ħotʼtʼ-d-alar,ჰ’ოტტ-დ-ალარ,,,,,,moadgeba,,,,**ჰ’ოტტ-დ-ალარ** გრდუვ. მოდგომა (მოადგება)
ħotʼtʼ-d-ar,ჰ’ოტტ-დ-არ,,,,,,šearčʼobs,,,,"**ჰ’ოტტ-დ-არ** გრდმ. შერჭობა (შეარჭობს), შესობა, დარჭბა; გამოჩრა, შეჩრა"
ħox vux cʼe?,ჰ’ოხ ვუხ წე?,,,,,,ekspʼ.,,,,**ჰ’ოხ ვუხ წე?** *შენ რა გქვია?* *(ექსპ.)*
ħoqar,ჰ’ოჴარ,,,,vt,,učvenebs,"ჩვენება (უჩვენებს), დანახვება",show,"показывать, указывать","**ჰ’ოჴარ** გრდმ. ჩვენება (უჩვენებს), დანახვება"
ħuⁿ,ჰ’უჼ,j j,J,,n,,ħuni; ħuniⁿ,ტყე,forest,лес,**ჰ’უჼ** *ჲ ჲ* (ჰ’უნი; ჰ’უნიჼ) ტყე
ħujnĭ,ჰ’უჲნი̆,,,,ptcp,,,წასაღები; წამღები,to be taken; taking,"то, что надо отнести; тот, кто отнесет",**ჰ’უჲნი̆** მიმღ. წასაღები
=ħĕ =ħe,=ჰ’ე̆ =ჰ’ე,,,,,,acʼarmoebs pʼirobit kʼilos,,,,**=ჰ’ე̆ =ჰ’ე** ნაწილაკი თუ (აწარმოებს პირობით კილოს)
[Ɂ]eɁ,[ჸ]ეჸ,j j,,,,,[Ɂ]eɁi,,,,"**[ჸ]ეჸ** *ჲ ჲ* ([ჸ]ეჸი)მინდორი, ვაკე"
ʕa1,ჵა1,d d,D,,n,,ʕajšĭ; ʕaliⁿ,ზამთარი,winter,зима,**ჵა1** *დ დ* (ჵაჲში̆; ჵალიჼ) ზამთარი
ʕa2,ჵა2,j,J,,n,,ʕajⁿ,"ორთქლი, ოხშივარი","vapour, fume, steam","пар, испарение","**ჵა2** *ჲ* (ჵაჲჼ) ორთქლი, ოხშივარი"
ʕabikʼ,ჵაბიკ,b d,B,,n,,ʕajbkʼi; ʕajbkʼeⁿ,კოვზი,spoon,ложка,**ჵაბიკ** *ბ დ* (ჵაჲბკი; ჵაჲბკეჼ) კოვზი
ʕa-d-ağar,ჵა-დ-აღარ,,,,vi,,,ჯდომა (ზის),sit,сидеть,**ჵა-დ-აღარ** გრდუვ. იხ. ჵე-დ-აღარ
ʕa-d-axkʼar,ჵა-დ-ახკარ,,,,vi,,,"სხდომა (სხედან); დგომა (ხეებისა...); გულის მოსვლა, გაჯავრება",sit,сидеть; стоять (о деревьях...); сердиться,**ჵა-დ-ახკარ** გრდუვ. იხ. ჵე-დ-ახკარ
ʕavar,ჵავარ,,,,vt,,kʼlavs,"მოკვლა, დაკვლა (კლავს)","kill, slaughter","убивать, резать","**ჵავარ** გრდმ. მოკვლა, დაკვლა (კლავს)"
ʕavujnĭ,ჵავუჲნი̆,,,,,,,,,,**ჵავუჲნი̆** მიმღ. 1. დასაკლავი; დასახოცი 2. დამკვლელი
ʕalič-d-ar,ჵალიჩ-დ-არ,,,,vt,,danišnavs,"დანიშვნა (დანიშნავს), დაჩნევა",mark,"метить, отмечать (знаком), замечать","**ჵალიჩ-დ-არ** გრდმ. დანიშვნა (დანიშნავს), დაჩნევა"
ʕaluⁿ,ჵალუჼ,,,,,,,,,,"**ჵალუჼ** ზამთრისა, ნაზამთრევი, გამოზამთრებული"
ʕam,ჵამ,b d,,,,,čʼrelašv. ekspʼ.,,,,**ჵამ** *ბ დ* ტბა *(ჭრელაშვ. ექსპ.)*
ʕamar,ჵამარ,,,,vi,,[da]ečveva,"დაჩვევა ([და]ეჩვევა), შეჩვევა",get accustomed to,привыкнуть,"**ჵამარ** გრდუ. დაჩვევა ([და]ეჩვევა), შეჩვევა"
ʕam-d-alar,ჵამ-დ-ალარ,,,,,,šeiscʼavleba,,,,**ჵამ-დ-ალარ** გრდუვ. 1. შესწავლა (შეისწავლება) 2. შეჩვევა; მოშინაურება
ʕam-d-ar,ჵამ-დ-არ,,,,,,[da]ačvevs,,,,"**ჵამ-დ-არ** გრდმ. 1. დაჩვევა ([და]აჩვევს), შეჩვევა"
ʕam-d-itar,ჵამ-დ-ითარ,,,,,,ascʼavlis,,,,**ჵამ-დ-ითარ** გრდმ. სწავლება (ასწავლის)
ʕamditujnĭ,ჵამდითუჲნი̆,,,,,,ʕamditujši,,,,**ჵამდითუჲნი̆** მიმღ. (ჵამდითუჲში) მასწავლებელი
ʕamduila,ჵამდუილა,,,,,,šipn.,,,,**ჵამდუილა** სკოლა *(შიფნ.)*
ʕam-d-ujnĭ,ჵამ-დ-უჲნი̆,,,,,,,,,,**ჵამ-დ-უჲნი̆** 1. [შე]სასწავლი 2. შემსწავლელი
ʕamur,ჵამურ,,J,,n,,ekspʼ.,"საფლავი, სამარე; ღამე",grave; night,"могила, гробница; ночь","**ჵამურ** გრდმ. გლოვა, დასაფლავება *(ექსპ.)*"
"ʕamur, ʕemur","ჵამურ, ჵემურ",j j,,,,,ʕemrejšĭ; ʕejmriⁿ,,,,"**ჵამურ, ჵემურ** *ჲ ჲ* (ჵემრეჲში̆; ჵეჲმრიჼ) 1. საფლავი, სამარე 2. გადატ. ღამე"
ʕajhkʼ naqʼ,ჵაჲჰკ ნაყ,,,,,,kadagiʒ.,,,,**ჵაჲჰკ ნაყ** რკინიგზა (ქადაგიძ.)
ʕapʼ-d-ar,ჵაპ-დ-არ,,,,vt,,amcʼqʼvdevs,დამწყვდევა (ამწყვდევს),lock up,запирать (куда-нибудь),**ჵაპ-დ-არ** გრდმ. დამწყვდევა (ამწყვდევს)
ʕarcŏ,ჵარცო̆,j j,J,,n,,,თარეში,"raid, marauding",набег,**ჵარცო̆** *ჲ ჲ* თარეში
ʕarčʼ-d-ar,ჵარჭ-დ-არ,,,,,,,,,,**ჵარჭ-დ-არ** გრდმ. გაშავება
ʕarčʼiⁿ,ჵარჭიჼ,,,,a,,,შავი,black,черный,**ჵარჭიჼ** შავი
ʕarčʼol,ჵარჭოლ,j,,,,,šavis tviseba,,,,**ჵარჭოლ** *ჲ* სიშავე (შავის თვისება)
ʕap,ჵაფ,,,,,,,,,,**ჵაფ** იხ. ჵეფ
ʕapal-d-ar,ჵაფალ-დ-არ,,,,,,arcxvens,,,,**ჵაფალ-დ-არ** გრდმ. შერცხვენა (არცხვენს)
ʕapliⁿ,ჵაფლიჼ,,,,,,,,,,"**ჵაფლიჼ** მორცხვი, მორიდებული"
ʕaǯirğŏ,ჵაჯირღო̆,d d,D,,n,,,აჯილღა,stallion,жеребец,**ჵაჯირღო̆** *დ დ* აჯილღა
ʕaŭvɁ,ჵაუ̆ვჸ,d,D,,n,,,,burp,,**ჵაუ̆ვჸ** *დ* ბოყინი
ʕajrt[v]aⁿ,ჵაჲრთ[ვ]აჼ,,,,,,"šors, axlos..",,,,"**ჵაჲრთ[ვ]აჼ** ზმნს. ბლომად, კარგა (შორს, ახლოს..)"
ʕajrčʼna,ჵაჲრჭნა,d d,,,,,,,,,"**ჵაჲრჭნა** *დ დ* სიშავე, უკუნი"
ʕajħkʼĭ,ჵაჲჰ’კი̆,d,,,,,,,,,**ჵაჲჰ’კი̆** *დ* რკინა
"ʕe-d-ağar, ʕa-d-ağar","ჵე-დ-აღარ, ჵა-დ-აღარ",,,,,,zis,,,,"**ჵე-დ-აღარ, ჵა-დ-აღარ** გრდუვ. ჯდომა (ზის)"
"ʕe-d-axkʼar, ʕa-d-axkʼar","ჵე-დ-ახკარ, ჵა-დ-ახკარ",,,,,,sxedan,,,,"**ჵე-დ-ახკარ, ჵა-დ-ახკარ** გრდუვ. მრ. 1. სხდომა (სხედან) 2. დგომა (ხეებისა)"
ʕemur,ჵემურ,j j,,,,,,,,,**ჵემურ** *ჲ ჲ* იხ. ჵამურ
"ʕer, ʕer d-avar","ჵერ, ჵერ დ-ავარ",,,,,,gapučʼdeba,,,,"**ჵერ, ჵერ დ-ავარ** გრდუვ. გაფუჭება (გაფუჭდება); გასვრა, მოშლა (იარაღისა), გარყვნა"
ʕep,ჵეფ,d,D,,n,,,სირცხვილი,shame,стыд,**ჵეფ** *დ* სირცხვილი სხვა ბრუნვებში იხმარება ჵაფ ფუძე
ʕepar,ჵეფარ,,,,vt,,,მიშვერა,"cover, put under",подставлять,**ჵეფარ** გრდმ. 1. მიშვერა 2. იხ. ლარკ ჵეფარ
ʕep-d-alar,ჵეფ-დ-ალარ,,,,,,epereba,,,,**ჵეფ-დ-ალარ** გრდუვ. მოფერება (ეფერება)
ʕep-d-ar,ჵეფ-დ-არ,,,,,,iparebs,,,,**ჵეფ-დ-არ** გრდმ. მიფერება (იფარებს)
ʕepxetditar,ჵეფხეთდითარ,,,,,,šearcxvens,,,,**ჵეფხეთდითარ** შერცხვენა (შეარცხვენს) *(შიფნ.)*
ʕepxetrikʼaɁ,ჵეფხეთრიკაჸ,,,,n,,,"[გა]ლესვა ([გა]ლესავს), წამახვა",sharpening,"отточить, оттачивать",**ჵეფხეთრიკაჸ** მორცხვი
ʕir-d-ar,ჵირ-დ-არ,,,,,,[ga]lesavs,,,,**ჵირ-დ-არ** გრდმ. [გა]ლესვა ([გა]ლესავს) წამახვა
ʕir-d-itar,ჵირ-დ-ითარ,,,,,,[ga]alesvinebs,,,,**ჵირ-დ-ითარ** გრდმ. გალესვინება ([გა]ალესვინებს)
ʕirin,ჵირინ,,,,,,,,,,"**ჵირინ**1. ბასრი, მჭრელი, გალესილი 2. გადატ. ყოჩაღი, პირდაპირი"
ʕirol,ჵიროლ,j,,,,,,,,,"**ჵიროლ** *ჲ* სიმახვილე, სიბასრე"
ʕitʼar,ჵიტარ,,,,vi,,,"რბენა (რბის, დარბის), სირბილი","run, flee","бежать, скакать, бегать",**ჵიტარ** გრდუვ. იხ. იტარ
ʕokʼ,ჵოკ,j j,J,,n,,ʕokʼi; ʕokʼiⁿ,ნამცხვარი ნახევარმთვარის ფორმისა ხორცის ან ყველკვერცხის გულიანი (აცხობენ ყველიერში),pastry filled with meat or egg and cheese,рожок с начинкой из мяса или сыра и яиц,**ჵოკ** *ჲ ჲ* (ჵოკი; ჵოკიჼ) ნამცხვარი ნახევარმთვარის ფორმისა ხორცის ან ყველკვერცხის გულიანი (აცხობენ ყველიერში)
ʕopar,ჵოფარ,,,,vt,,miušvers,"მიშვერა (მიუშვერს), მოფარება","cover, put under",подставить,"**ჵოფარ** გრდმ. 1. მიშვერა (მიუშვერს), მოფარება"
ʕop-d-alar,ჵოფ-დ-ალარ,,,,,,moepareba,,,,"**ჵოფ-დ-ალარ** გრდუვ. მოფარება (მოეფარება), მიფარება"
ʕop-d-ar,ჵოფ-დ-არ,,,,,,aaparebs,,,,"**ჵოფ-დ-არ**  გრდმ. აფარება (ააფარებს), შეფარება, მოფარება, დამალვა"
"ʕoplajla, ʕeplajla","ჵოფლაჲლა, ჵეფლაჲლა",d d,,,,,,,,,"**ჵოფლაჲლა, ჵეფლაჲლა** *დ დ* [თავ]შესაფარი"
ʕu,ჵუ,j j,J,,n,,ʕui; ʕuiⁿ,ღამე,night,ночь,**ჵუ** *ჲ ჲ* (ჵუი; ჵუიჼ) ღამე
ʕuv,ჵუვ,v b,M,,n,,ʕuji; ʕuniⁿ,"მწყემსი (ცხვრისა, ძროხისა, ღორისა)","herdsman, shepherd",пастух,"**ჵუვ** *ვ ბ* (ჵუჲი; ჵუნიჼ)მწყემსი (ცხვრისა, ძროხისა, ღორისა)"
ʕunal,ჵუნალ,d d,D,,n,,ʕunali; ʕunleⁿ,"ხელფასი, ჯამაგირი, გასამრძელო","salary, wage","зарплата, жалованье","**ჵუნალ** *დ დ* (ჵუნალი; ჵუნლეჼ) ხელფასი, ჯამაგირი, გასამრჯელო **ჵუნალ ჴივარ** ჯამაგირის, ხელფასის დაკავება **ჵუნალდარ** გრდმ. სამსახური (მსახურობს)"
ʕur,ჵურ,,,,,,evp.,,,,**ჵურ** საჯდომი (ევფ.) *(ექსპ.)*
ʕurdeⁿ,ჵურდეჼ,,,,adv,,,"დილით, დილას",in the morning,утром,"**ჵურდეჼ** ზმნს. დილით, დილას **ჵურდეჼ** ლათინო̆ დილიდან **ფსარე ჵურდეჼ** ზმნს. გუშინ დილას"
ʕurdluⁿ,ჵურდლუჼ,,,,,,,,,,"**ჵურდლუჼ** დილანდელი, დილისა"
ʕurdna,ჵურდნა,j j,,,,,,,,,**ჵურდნა** *ჲ ჲ* დილა
"ʕurd-ʕurden, ʕurd-ʕurdnax","ჵურდ-ჵურდენ, ჵურდ-ჵურდნახ",,,,,,,,,,"**ჵურდ-ჵურდენ, ჵურდ-ჵურდნახ** ზმნს. დილ-დილობით"
"ʕuɁ-d -ar, ʕuɁar-d-ar","ჵუჸ-დ -არ, ჵუჸარ-დ-არ",,,,,,[da]agrovebs,,,,"**ჵუჸ-დ -არ, ჵუჸარ-დ-არ** გრდმ. დაგროვება ([და]აგროვებს), დაზოგვა"
"ʕuɁ-d-ijenŏ, ʕuɁar-d-ijenŏ","ჵუჸ-დ-იჲენო̆, ჵუჸარ-დ-იჲენო̆",,,,,,,,,,"**ჵუჸ-დ-იჲენო̆, ჵუჸარ-დ-იჲენო̆** მიმღ. დაგროვილი, შემონახული"
abr,,,D,GE,n,,,"აბრა, საწონი",makeweight,довесок (для уравнения весов),
admiaⁿ,,,D,GE,n,,,ადამიანი,person,человек,
ağaz,,,,,:,,,მორგებული არის (არგია),it fits,"пригоден, хорош",
aħ,,,,,pv,,,,down,,
aħar1,,,,,vt,,,პარვა (იპარავს),steal,воровать,
aħar2,,,,,vt,,,[და]ფქვა ([და]ფქვავს),"mill, grind to flour",(с)молоть,
aħó,,,J,,n,,,"ქვევითა ადგილი, ქვევითა მხარე","low place, lower side","нижнее место, нижний край",
aħŏ2,,,,,pro pers,,,,you (sg. erg.),,
ajngršebad-d-ar,,,,GE,vt,,,ანგარიში (იანგარიშებს),"calculate, count","подсчитать, подсчитывать",
ajnŏ,,,,,ptcl,,,ო,said,говорить,
ajpʼrel,,,B,GE,n,,,აპრილი,April,апрель,
ajšŭ,,,,,pro pers,,,,you (pl. erg.),,
aklibad-d-ar,,,,GE,vt,,,[გა]ქლიბვა ([გა]ქლიბავს),"file, cut with file",перепилить напильником,
alŏ,,,J,GE,n,,,ალო,plough land,"земля, намеченная для распашки",
apxekʼad-d-ar,,,,GE,vt,,,აფხეკა (აფხეკს),scrape off,соскоблить,
aqĕ,,,D,,n,,,ნადირი,"wild animal, game",зверь,
aqʼr,,,,,adv,,,გულაღმა,supine,"грудью вверх, на спине",
ašajrĭ,,,,,n,,,,,,
arğa,,,,,:,,,"გაშტერება (გაშტერდება), გაოცება","to be astonished, stupified","поразиться, остолбенеть",
asvlepʼad-d-ar,,,,GE,vt,,,,,,
atxŏ,,,,,pro pers,,,,we (excl. erg.),,
aŭğri,,,J,,n,,,,pl,,
ax3,,,,,:,,,მოტყუებული,"cheated, misled",обмануты,
axkʼar2,,,,,vi stat,,,ბმა (აბია),be tied up,быть привязанным,
axrob,,,B,,n,,,თოხლი,shearling lamb,поярок,
aɁ1,,,J,,n,,,"მინდორი, ვაკე",field,"поле, ровное место",
aⁿhdar,,,,,vt,,,კვნესა,"moan, groan",охать,
badŏ,,,M/F,,n,,,ობოლი,orphan,сирота,
bajat,,,B,GE; RU; Turk.,n,,,ბაიათი,four-line stanza,байат,
bajtt,,,,,a,,,მთვარიანი,moonlit,лунная (ночь),
bakad-d-ar,,,,GE,vt,,,ლანძღვა (ლანძღავს),"scold, curse at","поносить, ругать, словить",
baal,,,B,,n,,,ხათაბალა,misfortune,неприятность,
balaⁿ,,,B,GE,n,,,თხის ბალანი,goat's hair,,
balševikʼ,,,M,RU,n,,,ბოლშევიკი,bolshevik,большевик,
bančibunči,,,0d,GE,n,,,"ბუნჩები, ხმელი ფუტურო კუნძები",dry logs,"сухие, гнилые чурбаны",
bandod-d-ar,,,,GE,vt,,,ბლანდვა; [და]კერება,"bast, tack, sew","наживлять, чинить",
bar,,,BB,GE,n,,,ბარი,valley,заступ,
barak1,,,J,Arab.; GE,n,,,ბარაქა,fortune,"обилие, довольство",
barak2,,,,GE,interj,,,ბარაქალა!,"fine fellow, bravo","молодец, браво",
baram,,,,,:,,,,,,
bardod-d-ar,,,,GE,vt,,,ბარდნა (ბარდნის),snow heavily,идти хлопьями (о снеге),
bardul,,,D,GE,n,,,ბანდული,bast shoe,обувь с плетенными подошвами,
bart,,,,,:,,,მგლების ხროვა,wolf pack,волчья стая,
bas,,,,,vi,,,ფერის წასვლა,grow pale,побледнеть,
batt,,,,,n,,,უმთვარო (ღამე),moonless,безлунная,
baⁿ1,,,,GE,n,,,ბანი,flat earth roof,плоская кровля,
bečʼdad-d-ar,,,,GE,vt,,,ბეჭდვა (ბეჭდავს),print,печатать,
bejdaɁǒ,,,D,,n,,,,"strainer, drainer",,
bejdner,,,,GE,n,,,"ბედნიერი, ციმბირის წყლული",anthrax,сибирская язва,
bettar,,,B,,n,,,"მეწველი ძროხა, კამეჩი, ცხვარი...",milker cattle,"дойная корова, овца, буйвол",
bexbuxdar,,,,,vt,,,"ბურტყუნი, ბუხუნი","grumble, groan",ворчать,
bezmentʼ,,,D,GE,n,,,ბეზმენი,scales,безмен,
bī,,,B,GE,n,,,ბე,"deposit, advance payment",задаток,
biʒzaj,,,F,,n,,,ბიცოლა (ბაბის ძმის ცოლი),aunt (uncle's wife),жена дяди (брата отца),
borbal,,,B,GE,n,,,"ბორბალი, თვალი",(idler) wheel,колесо,
brutʼ,,,,,n,,,რეტი,scrapie,вертеж (болезнь овец),
bugad-d-ar,,,,GE,vt,,,დაბუგვა,burn down,"испепелить, сжечь до тла",
bujh,,,D,GE,n,,,ბუ,owl,сова,
bukn,,,J,GE,n,,,ბუქნა,Cossack-style dance,писедание (в пляске),
bulbulaɁŏ,,,B/D,GE,n,,,ბულბული,nightingale,соловей,
bungi,,,,,n,,,,,,
burdğlaɁŏ,,,D,,n,,,"საფრთხობელა; გადაცმული ბერიკები; ავი სულები, ეშმაკი","boogeyman; mummer; evil spirit, devil","пугало, чучело, ряженый, ведьма, черт",
bʒanbad-d-ar,,,,GE,vt,,,ბრძანება ([უ]ბრძანებს),"order, command","приказать, приказывать",
bʒaneb,,,J,GE,n,,,ბრძანება,order,приказ,
bʕa,,,,,adv,,,ყოველთვის,always,"всегда, постоянно",
bʕar,,,,,:,,,"დახვედრება (დაახვედრებს), მიგებება (მიაგებებს), შეხვედრა",meet. encounter,"устроить встречу, свести",
bʕarkʼbexkʼbajlnó,,,,,ptcp,,,დაბინდებული,"twilit, dark",сумерки,
carkʼ jaɬar,,,,,vt,,,"კბენა (უკბენს, კბენს), დაკბენა",,кусать,
celuⁿ,,,,,adv,,,წლევანდელი,,этого года,
cer1,,,J,,n,,,ნაპირი; კიდე,,"берег, край",
cħajn,,,,,num,,,ერთი,one,один,
=cĭ,,,,,ptcl,,,ზმნის დადასტურებითი ნაწილაკი (ზუსტად არ ითარგმნება),,,
cikʼaⁿ,,,D,GE,n,,,ციკანი,goat kid,козленок,
ckentʼad-d,,,,GE,vt,,,ჩამოწკენცა (ჩამოწკენტს),,доить по капелькам,
co1,,,,,ptcl,,,"უარქოფითი ნაწილაკი, იხმარება ზმნასთან",,,
cogaldijenŏ,,,,,ptcp,,,"გამოუყენებელი, უხეირო",,"негодный, ненужный",
comiče,,,,,adv,,,არსად,,никуда,
corcad-d-ar,,,,GE,vt,,,ძარცვა (ძარცვავს),"plunder, loot",грабить,
cur2,,,B,,n,,,ფურის შარდი,,моча коровы,
curi,,,,,:,,,"გაცურვა (გაცურავს, ცურავს); მოსმა (მოუსვამს, უსვამს)",,"поплыть, плыть",
cʼamlod-d-ar,,,,GE,vt,,,,,,
cʼan,,,,,:,,,"გასუფთავება ([გა]ასუფთავებს) დაწმენდა, გაწმენდა",,"очищать, чистить",
cʼanaqed,,,J,GE,n,,,"წანახედი, წანახდენი",,истоптанный скотом посев,
cʼarelč,,,,,n,,,,,,
cʼariš1,,,,,n,,,,,,
cʼaŭkʼŭ1,,,B,,n,,,მწიკვი,,"щепоть, щепотка",
cʼaŭkʼŭ2,,,D,,n,,,მოკლე კუდი,,"короткий хвост, хвостик",
cʼeg,,,,,:,,,სისხლიანი,,"в крови, окровавленный",
cʼejnreni,,,,,n,,,"სახლეულნი, შინაურები, ოჯახის წევრები, სახლობა",,"домашние, члены семьи, семейство",
cʼenbuj,,,,,n,,,,,,
cʼerad-d-ar,,,,GE,vt,,,წერა (წერს),,писать,
cʼīg,,,D,,n,,,სისხლი,blood,кровь,
cʼinŏ,,,D,,n,,,შიშაქი,,полуторагодовалая самка-овца,
cʼirad-d-ar,,,,GE,vt,,,წირვა (წირავს); შეწირვა (სწირავს),,служить в церкви; приносить в жертву,
cʼirv,,,J,GE,n,,,წირვა,,обедня,
cʼivdar,,,,GE,vt,,,წივილი (წივის),,"визжать, пронзительно кричать",
cʼkʼarcʼkʼar,,,,,:,,,"წკარწკარის გაღებინება (აწკარუნებს), ჟღარუნი",,заставить звенеть,
cʼkʼardar,,,,GE,vt,,,წკარუნი (წკარუნებს),,"звенеть (о металле, стекле)",
cʼkʼipʼ,,,B,GE,n,,,წკირი,,"сухая веточка, щепка",
cʼon,,,J,GE,n,,,წონა,,вес,
cʼqʼartʼuⁿ,,,,,a,,,"ხალასი, სრულიად წმინდა; მხოლოდ ერთი და იმავე მასალისა","pure, genuine; unalloyed","совершенно чистое, без примеси, сплошь из одного материала",
cʼupʼ aɬar,,,,,vt,,,"მოწოვა (წოვს, მოწოვს), წუწნა",,"высосать, сосать, высасывать",
cʼurbalaɁŏ,,,D,GE,n,,,წურბელა,,пиявка,
cʼūv,,,D,GE,n,,,წუილი,,"жужжание, шум, свист (ветра)",
cʼʕajrkoⁿ,,,,,adv,,,"უცბად, მოულოდნელად, უცაბედად",suddenly,"сразу, внезапно",
cʼʕeraⁿ,,,J,,n,,,წერო,crane,журавль,
čajdnareⁿ,,,,GE,a,,,"ჩადუნიანი, გვიმრიანი",,с папоротниками,
čajmčujm,,,J,,n,,,ჩამიჩუმი (უარყოფ. წინადადებებში),,"малейший шум, морох (в отриц. предлож.)",
čapar,,,D,GE,n,,,ჩაფარი,,стражник,
čarak,,,B,GE,n,,,ჩარექი,,четверть (фунта),
čarč1,,,,,n,,,,,,
čatʼkʼepʼnad-d-ar,,,,GE,vt,,,ჩატკეპნა (ჩატკეპნის),,"утоптать, утрамбовать",
čekm,,,Bb,GE,n,,,ჩექმა,high boot,сапог,
činčod-d-alar,,,,GE,vi,,,,,,
činita,,,J,GE,n,,,ჩინეთი,,,
čkapditar,,,,GE,vt,,,"ჩქაფუნი (აჩქაფუნებს), ჩქეფა",,струиться с шумом (о проливном дожде),
čoqaɁŏ,,,D,GE,n,,,ჩოხა,"chokha, outer tunic, Caucasian coat",чоха (верхняя одежда из шерсти),
ču1,,,,,pv,,,შიგ საფლობი (ადგილი),,"тенисто-песчаное место, где можно увязнуть",
ču2,,,,,adv,,,"შინ, შიგ",,"домой, внутрь",
ču-lerɬar,,,,,vi,,,,,,
čuč,,,J,GE,n,,,ჩუჩა,,кожица мужского члена,
čujn,,,,,:,,,"ბალნიანი, ბეწვიანი",,"волосатый, косматый",
čujxĭ,,,D,,n,,,"ბატკანი, კრავი",lamb,ягнёнок,
čuliⁿ,,,,,a,,,მაკე; ორსული,pregnant,"стельная, беременная, жерёбая и т. д.",
čupʼ,,,J,GE,n,,,ჩუმპე,,большой отвислый живот,
čxatʼbi2,,,,,n,,,,,,
čxrikʼ,,,D,GE,n,,,ჩხიკვი,,сойка,
čʼarĕ,,,B,,n,,,თევზი,fish,рыба,
čʼirveⁿ,,,,GE,a,,,"ძნელი, ჭირვეული",,"трудный, с тяжелым характером",
čʼʕeğ-d-alar,,,,,vt,,,"გამაგრება (მაგრდება); გამაგრება (უმაგრდება), მოთმენა, თავის შეკავება",,"затвердеть; крепиться, стоять твердо, сдерживаться",
čʼʕeğ-d-ar,,,,,vt,,,"გამაგრება (ამაგრებს), დამაგრება; დაკეტვა (კეტავს), დახურვა",,укреплять; закрывать,
dabáltod-d-ar,,,,GE,vt,,,"დაბალთვა (დაბალთავს), დაფლეთა","massacre, tear to pieces","изгрызать, разодрать",
dabcʼxov,,,M,,n,,,მცნობი (ცხვრისა და ბატკნისა),person who keeps an account of all sheep and lambs,запоминающий (овец и их ягнят),
d-acʼar,,,,,vi,,,,follow,,
dacʼerad-d-ijenŏ,,,,,ptcp,,,"დაწერილი, ნაწერი",,написанный,
dadicʼolob,,,J,,n,,,უპატრონობა,absence of proprietor,"нимение хоязина, беспризорность",
daduğbed-d-alar,,,,GE,vi,,,დადუღება (დადუღდება),"stop fermenting, be fermented",перебродить,
dağod-d-ar,,,,GE,vt,,,დადაღვა (დაღავს); დადაგვა,brand (cattle),выжечь клемо; прижигать рану,
dağonbad-d-ajlnŏ,,,,,ptcp,,,დაღონებული,,грустный,
daħ2,,,,,pv,,,,hither,,
-daħ,,,,,nsfx,,,თანდებული მარტივ და რთულ ფორმებში,,,
daħa,,,,,adv,,,,hither,,
dajir,,,J,GE,n,,,დაირა,tambourine,бубен,
dajmcʼrikʼ,,,D,,n,,,გამოცანა,riddle,загадка,
daksaksod-d-ar,,,,GE,vt,,,"დაქსაქსვა (დაქსაქსავს), დაფანტვა",,разограть,
dakʼ,,,,,n,,,,heart,,
dakʼaltod-d-ajlnŏ,,,,GE,ptcp,,,დაკალთავებული,hitched up,подоткнувший полы,
dakʼapad-d-ar,,,,GE,vt,,,,,,
dalĕ,,,M,,n,,,ღმერთი,god,бог,
-dalla,,,,,nsfx,,,"გამო, გულისთვის",because of,"из-за, ради, для",
dambača,,,J,GE,n,,,დამბაჩა,pistol,пистолет,
damtʼkʼicbad-d-ar,,,,GE,vt,,,დამტკიცება (დაამტკიცებს); ქონების დამტკიცება,prove; establish wealth,доказать; передать в наследство,
damukrbad-d-alar,,,,GE,vi,,,დამუქრება,threaten,угрожать,
d-apxar1,,,,,vt,,,გახდა (იხდის); გატყავება (პირუტყვისა),"take off, remove; skin (animal)","раздеть, снять; снять шкуру",
d-aqar2,,,,,vi,,,მოწევა ([მო]სწევს),suck,сосать,
daaqʼ,,,D,,n,,,"წილი, ხვედრი","shart, part","часть, доля",
daqʼe,,,,,post,,,მაგიერ,instead of,вместо,
daqʼlinkʼ,,,,,interj,,,ნეტავ,if only,"о, если бы",
daqʼŏ,,,D,,n,,,"ცხედარი, მიცვალებული",deceased,покойник,
daqʼqʼ-d-ar,,,,,vt,,,"გასინჯვა, დათვალიერება","try, examine, taste","попробовать, осмотреть",
dašn,,,D,GE,n,,,დაშნა,short sword,"обоюдоострая, прямая сабля",
dašušd-d-ijenŏ,,,,,ptcp,,,მოშუშული,,тушенный,
d-arcʼ-d-alar,,,,,vi,,,გატიტვლება ([გა]ტიტვლდება),get naked,"раздеться, раздеваться",
d-arcʼ-d-ar,,,,,vt,,,"გაშიშვლება ([გა]შიშვლებს), [გა]ტიტვლება","strip off, make naked","обнажить, обнажать, оголить, оголять",
daarcʼina,,,D,,n,,,"უამინდობა, უდარობა, ცუდი ამინდი",bad weather,непогода,
daarcʼol,,,D,,n,,,"უამინდობა, უდარობა, ცუდი ამინდი",bad weather,непогода,
darigbad-d-ar,,,,GE,vt,,,,,,
d-arstʼiⁿ,,,,,a,,,,"fat, thick",,
d-astʼ-d-ujnĭ,,,,,ptcp,,,მოსაშორებელი,to be removed,"то, что (кого) надо удалить, разлучить, увести",
d-atʼ-d-ujnĭ,,,,,ptcp,,,მოსატაცებელი,"to be stolen, abducted","то, что надо похитить",
datʼuksad-d-ar,,,,GE,vt,,,დატუქსვა,,побранить,
dautod-d-ar,,,,GE,vt,,,დაუთოება,,утюжить,
daax,,,,,adv,,,"ამიტომ, იმიტომ, მის გამო","because of, for that reason","потому, за тем",
daxnĕ,,,D,,n,,,"საქონელი, პირუტყვი",cattle,скот,
dazrinad-d-alar,,,,GE,vi,,,,,,
daǯarimad-d-ar,,,,GE,vt,,,დაჯარიმება (დააჯარიმებს),,оштрафовать,
d-eblar,,,,,vt,,,დადება (დებს); ჩადება (დებს),"place, put, lay","класть (на поверхность); вкладывать, класть (внутрь)",
d-ecʼar1,,,,,n,vi,,,,,
d-ecʼeħĕ,,,,,conj,,,გინდ[ა],if you want; whether ... or,"или, хоть, если, должно",
dejlĭ,,,D,,n,,,მასალა,material,материал,
dejnĭ,,,,,a,,,"ცოცხალი; მთელი, დაღი",alive; whole,живой; целый,
dekʼar-d-ar,,,,,vt,,,დათვლა (თვლის),count,считать,
depcaⁿ decʼinĭ,,,,,ptcp,,,"შესაწირავი, შესავედრებელი (ზვარაკი)","plea, offering",обещанный (богу для жертвоприношения),
d-epcujnĭ,,,,,ptcp,,,"შესაწირავი, შესავედრებელი (ზვარაკი)","plea, offering",обещанный (богу для жертвоприношения),
d-epxsepx-d-ar1,,,,,vt,,,,,,
d-epxsepx-d-ar2,,,,,vt,,,,heat up quickly,,
d-epʼcʼar,,,,,vt,,,მიბმა (აბამს),tie up,привязывать,
deqʼqʼ-d-ar,,,,,vt,,,"გასინჯვა, დათვალიერება","try examine, taste","попробавать, осмотреть",
dexaⁿ davar,,,,,vi,,,"დროის დაკარგვა, დროის გასვლა","losing time, wasting time",терять время: проходить (о времени),
d-icʼ-d-aqqoⁿ,,,,,a,,,,proud,,
d-il-d-alar,,,,,vi,,,"ბანაობა (იბანავებს, ბანაობს), დაბანვა","bathe, take a bath","мыться, (вы)купаться",
d-itujnĭ,,,,,ptcp,,,"დასატოვებელი, მოსათმენი, დასათმობი","to be left, yielded, suffered","то, что нужно оставить, то, что нужно уступить, терпеть",
ditx,,,D,,n,,,ხორცი,meat,мясо,
doħa,,,J,,n,,,გაზაფხული,spring,весна,
d-otʼ-d-ar,,,,,vt,,,გადაყვანა,take across,перевести,
d-otʼar,,,,,vi,,,წასვლა (მიდის),go,идти,
doŭpxŭ,,,D,,n,,,ტანისამოსი,clothes,одежда,
d-oɁar,,,,,vi,,,,come,,
dudglaɁŏ,,,D,GE,n,,,"დიდგულა, ანწლი","danewort, elder",бузина,
dugdug,,,,,n,,,"წადუდუნება, წაბუტბუტება",,"пробормотать, проворчать",
d-uħajvħ,,,,,adv,,,"უკუღმა, პირუკუღმა","the wrong way, backwards, in the opposite way","наизнанку, навыворот",
dumaɁŏ,,,J,GE,n,,,დუმა,sheep's fat tail,курдюк,
e,,,,,pro dem,,,ეს,DEM.PROX,этот,
=e,,,,,conj,,,და (სახელთან),and,и (с именем),
ebi,,,,,pro dem,,,,,,
ejqqno,,,D,,n,,,ნახტომი (ადგილი); ძალიან დაქნებული ადგილი,,"место, где прыгнули; отвесная местность",
ekʼal,,,B,GE,n,,,ეკალი,thorn,колючка,
enkʼeneⁿ,,,,GE,:,,,"ენკენისთვე, სექტემბერი",September,сентябрь,
epʼcʼ-d-ar,,, ,,,vt,,,,,
epʼcʼar,,,,,vt,,,"გაწევა (სწევს), აწევა; წონა (წონის; იწონის); წველა (წველის); წევა","raise, lift, move, drag; weigh; milk; smoke","тянуть, поднимать; взваливать, весить; доить; курить",
epʼcʼqepʼcʼ-d-alar,,,,,vi,,,"ზმორება (იზმორება); პრანჭვა-გრეხა, პრანჭვა",stretch out; grimace,"потягиваться; ломаться, кривляться",
erkʼvercxi,,,D,GE,n,,,ერბოკვერცხი,omelette,яичница,
eseħ1,,,,,adv,,,აქ,here,здесь,
esev1,,,,,adv,,,"აქეთ, აქ","here, hither",сюда,
eɁ2,,,,,ptcl,,,-ვე,"(emphatic particle, enclitic)",-же и же,
gakir,,,J,GE,n,,,გაქირი,stubborness,"норов, с норовом",
gamarglod-d-ar,,,,GE,vt,,,გამარგვლა,"weed, hoe",полоть,
gamočʼedad-d-ar,,,,GE,vt,,,გამოჭედვა,"hammer, forge",выковать,
gamoⁿ,,,,,a,,,"მრუდე, უსწორმასწორო; გაიძვერა, გაქნილი","crooked, curved; sly, crafty","кривой, непрямой; плут, мошеник, пройдоха",
ganá,,,,,interj,,,აბა,well,ну-ка,
gaprtxilbad-d-ar,,,,GE,vt,,,გაფრთხილება,warn,"предупреждать, предостерагать",
garge,,,,,adv,,,ახლოს (სად?),close by,"близко (где?), недалеко",
gargleⁿ1,,,,,adv,,,ახლოდან,from close by,"вблизи, не издалека",
garʒod-d-alar,,,,GE,vi,,,"გარჯა (გაირჯება), შრომა",work. labour,трудиться,
gazapxujla,,,,GE,n,,,,spring,,
gaǯarbad-d-ar,,,,GE,vt,,,გაჯავრება (გააჯავრებს),,рассердить,
-gĕ,,,,,vsfx,,,ღა,,-же,
geršad-d-ar,,,,GE,vt,,,დაგეშვა (გეშავს),train,"натаскать, надрессировать (собаку)",
-geɁ,,,,,nsfx,,,მეტად; ღა,too; ,"слишком, же",
gluvbad-d-ar,,,,GE,vt,,,გამოგლოვება (იგლოვებს),stop mourning,выйти из траура,
gogar,,,,,adv,,,რთული ფუძის ანდ შესიტყვების შემადგენელი ნაწილი,,,
gogbujpcno,,,D ,,n,,,"(გარს) მოცნული, გარშემოვლებული",enclosed area,(вокруг) огороженный,
gogex,,,,,adv,,,"გარშემო, ირგვლივ, გარს; უკან",around; back,вокруг; обратно назад,
gogr,,,J,GE,n,,,გოგრა,pumpkin,тыква,
-gomciⁿ,,,,,nsfx,,,რთული თანდებული,,,
gon,,,,,adv,,,"ჭკუაზე, გონებაზე",in mind,"на ум, в рассудок",
gubad-d-alar,,,,GE,vi,,,"დაგუბება (დაგუბდება), შეგუბება","dam up, be stagnant","запрудиться, задержаться",
gudur,,,B,GE,n,,,გუდურა (შეშისა); საბეჭავი,bundle of firewood; weaver's comb,связка дров; большой деревянный гребень для ткацкого станка,
gularna,,,D,,n,,,"არყიანი, არყნარი",birch grove,березовая роща,
gurgur,,,D,,n,,,"გრგვინვა, გრიალი, გუგუნი, გიზგიზი","roar, thunder, boom","грохот, гул, топот, треск огня",
ğajčʼğujčĭ,,,D,GE,n,,,ღაჭაღუჭი,,"звук жевания, стука зубов",
ğal1,,,D,GE,n,,,ღალა,,оброк,
ğal2,,,,,:,,,ვარგა,"is of value, is any good","годится, годен",
ğapğapi qʼatʼtʼjar,,,,,vt,,,ლაჯების გაშლა (ლაჯებს გაშლის) ლაჯების გაჩაჩხვა,,расставить ноги; лошадь Сабы помчалась и улетучилась,
ğoğnašŏ,,,D,GE,n,,,ღოღმოშო,,чернослив,
ğonša,,,,,:,,,"გრძნობის დაკარგვა (გრძნობა [და]ეკარგება), გულის შეღონება",faint,"потерять сознание, подать в обморок",
ğratʼbi,,,,,n,,,"გახვრეტა, გაჩვრეტა",,"გახვრეტა, გაჩვრეტაпродырявить, делать дырки",
ğvinbajⁿ butt,,,B,GE,n,,,"ღვინობისთვე, ოქტომბერი",October,октябрь,
ğvtiscʼqʼaloba,,,J,GE,n,,,ღვთისწყალობა,,божья блаждать,
ğvtisšobel,,,J,GE,n,,,ღვთისმშობელი,,богоматерь,
ğvtisrisxv,,,J,GE,n,,,ღვთის რისხვა,wrath of God,божий гнев,
haer,,,J,GE,n,,,ჰაერი,air,воздух,
halluⁿ1,,,,,a,,,"ალალი, პატიოსანი","honest, honourable",честный,
halluⁿ2,,,,,a,,,"მშვიდი, წყნარი, უწყინარი","calm, peaceful, quiet","необидчивый, спокойный, скромный",
ħačʼ,,,,,vi,,,აყროლება (აყროლდება),stink,"протухнуть, навонять",
ħajcʼmajcʼĭ,,,B,,n,,,ჯიბლიბო,sty (on eye),ячмень (на глазу),
ħajiⁿ,,,,,pro,,,შენი (საკუთარი),your (sg) own,твой (собственный),
ħajrĭ1,,,D,,n,,,ფქვილი,flour,мука,
ħajtʼqʼĭ,,,D,,n,,,შარდი,urine,моча,
ħal,,,,,pv,,,,up,,
ħal-ħal-letxar,,,,,v,,,"ზე-ზე ხტომა, კუნტრუში",,"вверх-вверх прыгать, подпрыгивать",
ħana,,,,,pro,,,,who,,
ħapsar,,,,,vi,,,,look,,
ħašĕ,,,D,,n,,,სტუმარი,guest,гость,
ħarčom,,,,,:,,,დაცემინება ცხვირისა,,чихнуть,
ħatxĕ,,,,,vi,adv,,,,,
ħaxkʼeɁ,,,,,adv,,,"იქნება, ეგების",perhaps,"может быть, авось",
=ħe,,,,,aff,,,თუ,if,если,
ħečʼ-d-isar,,,,,vi,,,მიშტერება (მიაშტერდება),"stare, look intently","уставиться, смотреть пристально, заглядеться",
i1,,,,,pro dem,,,,,,
i2,,,,,ptcl,,,,(Question particle),,
ibi,,,,,pro dem,,,,,,
ibsi,,,,,pro dem,,,,,,
icʼlbicʼlŏ,,,,GE,n,,,იწილო-ბიწილო,(children's game),название детской игры,
ijalcʼila1,,,D,,n,,,"კაშკაში, ციმციმი","bright light, shimmering",мерцание,
ilaǯxitʼenŏ,,,,GE,ptcp,,,"ილაჯგაწყვეტილი, უილაჯო","exhausted, weak","обессиленный, изнеможденный",
indisxurma,,,J,GE,n,,,ინდისხურმა,(palm) date,финик,
ipn,,,D,GE,n,,,იფნა,ash-tree,ясень,
ise,,,,,adv,,,აქ,here,здесь,
isi,,,,,adv,,,მანდ,there,"там, возле",
itʼtʼlğeⁿ,,,,,num,,,"მეათე, მეათედი",tenth,десятый,
ja,,,,,interj,,,"ჰა, რა",what,что,
jaħ,,,,,:,,,"ქალისებურად, როგორც ქალი","feminine, like a woman","подобно девочке, девичеобразно",
jobstʼ,,,J,,n,,,მიწა,"earth, ground",земля,
juħexǯor,,,D,,n,,,პირჯვარი,cross sign,крестное знамение,
jupstʼiⁿ,,,,,a,,,"ხშირი, სქელი",thick,густой,
jʕaɁerč,,,J,,n,,,,,,
kalačuⁿ,,,,GE,a,,,ქალაჩუნა,,"женоподобный, трусливый (как баба)",
kalika,,,J,GE,n,,,ქალაქი,city,город,
kaš qor,,,,GE,n,,,ქაშა ვაშლი,,спелое рассыпчатое яблоко (особый сорт яблок),
kartam,,,B,GE,n,,,ქრთამი,,взятка,
kekili,,,J,,n,,,"ჯიში, ჩამომავლობა (ცალკე არ იხმარება)",,род (отдельно не употребляется),
kevx,,,M,GE,n,,,ქევხა (მამასახლისი),,староста,
kisno,,,,,ptcp,,,ნამუშევარი,"worked, work done","натрудившийся, наработавшийся",
kokʼ,,,Bj,,n,,,ფეხი,"foot, leg","нога, ножка (стола, стула)",
kor1,,,D,,n,,,"სარკმელი, ფანჯარა, დათვალთვალო, სათოფური","window, gun-port","окно, бойница",
kor2,,,,,:,,,"ხელში აყვანა, აღება",,"брать на руки, брать, взять в руки",
kortŏ,,,B,,vt,n,,,,,
kotv,,,J,GE,n,,,ქოთაო,,сап,
ksaksod-d-alar,,,,GE,vi,,,,,,
kujrcʼlebad-d-alar,,,,GE,vi,,,,,,
kujrt,,,,,:,,,თავდაყირა წასვლა,,пойти вниз головой,
kʼacʼ,,,D,,n,,,ლეკვი,pup,щенок,
kʼačʼer,,,,,n,,,,,,
kʼadrbad,,,,GE,:,,,რაც აკადრეს ბრიყვული სიტყვა-საქციელი,"rude language, rude behaviour","дерзкое, грубое слово, действие",
kʼanoⁿ,,,J,GE,n,,,კანონი,law,закон,
kʼarkʼaruj,,,J,,n,,,,pl,,
kʼatatv,,,B,,n,,,მკათათვე,July,июль,
kʼavširi,,,J,GE,n,,,დუღაბი,"mortar, lime",раствор (известковый),
kʼaʒikʼ,,,,,ptcp,,,ცოტა,a little,"мало, немного",
kʼečʼ1,,,J,,n,,,მატყლი,wool,шерсть,
kʼečʼ2,,,,,:,,,"ადუღება (ადუღდება), მოდუღება",boil,вскипеть,
kʼepʼad-d-ar,,,,GE,vt,,,დაკეპვა (კეპავს),"chop, hack to pieces",нарубить (мясо...),
kʼidbaⁿ,,,B,GE,n,,,კიდობანი,wooden chest on legs,"сундук, ларь, ковчег",
kʼikʼar-d-axar,,,,,v,,,უკან-უკან წასვლა,"move backwards, go backwards",пятиться назад,
kʼilŏ1,,,J,GE,n,,,"კილო (ღილისათვის); კილო, ჭდე",buttonhole; notch,"петля (для пуговицы); засечка, зарубка",
kʼokʼamzikʼaɁŏ,,,J,,n,,,ბზრიალა,spinning-top,волчок,
kʼonkʼil,,,D,GE,n,,,კონკილა,yoke prop at front of ox-cart,подставка под лобную головную часть,
kʼoxiv,,,M,,n,,,ქართველი,"Georgian, Kakhetian",грузин,
kʼrutʼ,,,,,:,,,კრუხად დასმა,become broody (of hen),посадить наседку,
kʼujiⁿ,,,,,a,,,თეთრი,white,белый,
kʼuntebad-d-ar,,,,GE,vt,,,"მიკუთვნება (აკუთვნებს, იკუთვნებს)","attribute, assign","предоставить, предоставлять, давать в собственность",
kʼuntʼar,,,,,:,,,დაკუნტება (დაიკუნტება),squat,присесть на корточки,
kʼvern,,,D,GE,n,,,კვერნა,marten,куница,
kʼviraɁŏ,,,D,GE,n,,,კვირა,Sunday,воскресенье,
kʼvnetʼad-d-ar,,,,GE,vt,,,დაკვნეტა,gnaw at,разгрызать,
lacʼ,,,,,:,,,"ლაწანის გადენა, სილის გაწვნა",slap,"треснуть, дать затрещину",
lacʼar1,,,D,,vt,vi,,,,,
lacʼar2,,,,,vi,vi,,,,,
lačaħŏ,,,,,adv,,,თავქვე,"down, downhill",вниз,
laħ-d-alar1,,,,,vi,,,"შეხება (შეეხება), მიკარება, დაკარება","touch, stroke","прикоснуться, дотронуться",
lajtt-d-isar,,,,,vi,,,"დავარდნა (სიბერისაგან, დაღლილობისაგან)","falling (from old age, fatigue)","пасть (от дряхлости, от усталости)",
laklakdar,,,,GE,v,,,ლაქლაქი (ლაქლაქებს),chat endlessly,болтать,
lapar,,,,,vi,,,,,,
lapʼr,,,,,:,,,"ლორწო-მოდებული, დალორწოებული",,покрытый слизью,
laq-d-alar,,,,,vi,,,,,,
laǯo d-aɬar,,,,,vi,,,"მოდუნება (მოდუნდება), მოშვება",,"размякнуть, ослабеть, раскиснуть",
lečʼqʼlexkʼ-d-alar,,,,,vi,,,,,,
lejčʼqʼdorkʼi,,,0d,,n,,,"კეკემალულობა, თვალხუჭუნა",hide-and-seek,прятки,
lejt-d-isar,,,,,vi,,,მიკრობა ([მი]ეკრობა),stay close,"прилипать, липнуть",
lek-d-itar,,,,,vt,,,,,,
lestʼqestʼ-d-ar,,,,,vt,,,,,,
letʼ-d-ar,,,,,vt,,,,,,
leɁar,,,,,vi,,,"წადიილ, სურვილი, მონდომება, ნდომა","wish, desire, want","желать, хотеть",
lumsar,,,B,GE,n,,,ლურსმანი,nail,гвоздь,
ma1,,,,,ptcl,,,"უარყოფითი ნაწილაკი, იხმარება ზმნასთან და აღნიშნავს, რომ ესა თუ ის მოქმედენა არ უნდა შესრულდეს",,,
ma2,,,,,conj,,,მაგრამ,but,но,
madajna,,,J,GE,n,,,"მადანი, საბადო","ore, deposit (of metals)","руда, рудник",
magram,,,,GE,conj,,,მაგრამ,but,но,
magrgrani,,,,GE,adv,,,,however,,
majčŭ,,,D,GE,n,,,მაჩვი,badger,барсук,
majmĭ,,,F,GE,n,,,მამიდა,"aunt, father's sister",тетя (со стороны отца),
majmlecʼiⁿ,,,,GE,a,,,უმამულო,landless,"беспоместный, без земли",
majš-majtx,,,J,,n,,,"სინათლე-მზე, დღისით-მზისით","sunlight, daylight","свет и солнце, средь бела дня, засветло",
majx1,,,,,a,,,ქარიანი,windy,ветренный,
majx2,,,,,vi,,,"შეფასება ([შე]ფასდება), დაფასება; შევაჭრება","be price, be valued; be offered for sale","цениться, оцениваться",
mak1,,,,,pv,,,"ზევით, ზედ",on,"наверх, вверх, сверху",
mak2,,,,,adv,,,"ზევით, ზედ","on top, up","наверх, вверх, сверху",
-mak,,,,,nsfx,,,თანდ. მიცემით ბრუნვასთან და რთულ თანდებულებში,,,
malamŏ,,,D,GE,n,,,მალამო,"ointment, balm",мазь,
manam,,,,GE,adv,,,სანამ,until; as long as,"пока, до тех пор, пока...",
maqʼŏ,,,B,,n,,,რთული ფუძის ან შესიტყვების შემადგენელი ნაწილი,,,
maš1,,,B,GE,n,,,მაშა,tongs,щипцы,
maš2,,,B,,n,,,შალი (მატყლის ძაფის ნაქსოვი),worsted wool,шаль (шерстяная ткань),
mašá,,,,,n,,,სინათლე; სამხრობა,light; light dinner,"свет; ранний обед, полдник",
mašina,,,J,RU,n,,,მანქანა,car,машина,
maraⁿ1,,,J,GE,n,,,მარანი; საკუჭნაო,wine cellar; pantry,"винный погреб, кладовая",
maraⁿ2,,,,,:,,,"როგორი, რანაირი, რა (გამოხატავს სიამოვნებას, გაკვირვებას, ნატვრას...)",,"какой, как, что за (выражает удовольствие, удивление, желание...)",
matʼtʼ,,,,,vi,,,ენის ბორძიკი,,заикаться,
maŭd,,,D,GE,n,,,მაუდი,"cloth, breadcloth",сукно,
maval,,,D,,n,,,საყმაწვილო,scrofula,золотуха,
maxat,,,D,GE,n,,,მახათი,"big needle,  sack-sewing needle",большая игла,
mazar,,,J,GE,n,,,მაზარა,"greatcoat, cloak",уезд,
mebalaxĕ,,,M,GE,n,,,საბალახოს ფასის ამღები,,сборщик платы за пастбище,
mečet,,,D,GE,n,,,მეჩეთი,mosque,мечеть,
mejdaⁿ,,,J,RU,n,,,მოედანი,central square,"площадь, мейдан",
mekʼopʼar,,,M,GE,n,,,მეკობარი,"pirate, raider",разбойник,
meɬ1,,,,,pro interrog,,,რამდენი,how many,сколько,
memkvidrĕ,,,M/F,GE,n,,,მემკვიდრე,"heir, inheritor",наследник,
meser,,,J,GE,n,,,მესერი,palisade,тын,
mič,,,,,pro interrog,,,"სად, საით",where to,куда,
miǯn,,,D,GE,n,,,მიჯნა,boundary,"межа, граница",
moangrišĕ,,,M/F,GE,n,,,მოანგარიშე,accounts clerk,"счетовод, счетчик",
mojckul,,,MM/F,GE,n,,,მოციქული,apostle,посланник,
moluⁿ,,,,,pro interrog,,,"როგორი, რანაირი",what kind,какой,
momiǯnĕ,,,,GE,n,,,მომიჯნავე,"bordering, adjacent","смежный, примыкающий",
moxkʼ,,,BB,,n,,,"მიწა, დედამიწა",earth,"земля, земной шар",
moʒğvar,,,M,GE,n,,,"მღვდელი, მოძღვარი",priest,священник,
-mpleⁿ,,,,,nsfx,,,"-ოდენა, ტოლი, ფარდი სიდიდით რისამე რაოდენობისა","as much as, equal to, corresponding to  ","равный по величине, по количеству",
msaŭxvrbad-d-ar,,,,GE,vt,,,სამსახური (მსახურობს); მოსამსახურება (მოიმსახურებს),"work, have job; employ",служить; обслуживать,
mtivlov,,,M,GE,n,,,მთიული,Mtiulian,мтиулец,
mtʼkʼicbad-d-ar,,,,GE,vt,,,"[და]მტკიცება (ამტკიცებს), რისამე მტკიცება","prove, confirm",утверждать,
mujš,,,,,adv,,,ცუდად,badly,плохо,
murel,,,D,GE,n,,,მორიელი,scorpion,скорпион,
mutʼ,,,,,a,,,ჭუჭყიანი,dirty,"грязный, нечистый",
mʕajrĭ,,,Bj,,n,,,"ფრჩხილი, კლანჭი","nail, claw","ноготь, коготь",
mʕal1,,,,,a,,,"ზიარი, საზიარო, საერთო","common, communal, shared","общий, товарищеский",
nagate,,,,,adv,,,ხანდახან,"sometimes, now and then",иногда,
nagolar2,,,,GE,a,,,ნაგვალევი,draught-stricken,от засухи поврежденный,
nağvel,,,J,GE,n,,,ნაღველი,bile,желчь,
nağvlejšĭ,,,,GE,adv,,,ნაღვლიანად,"woeful, sad","с грустью, с горечью",
najbdreⁿ,,,,,a,,,ქეჩისა,felt,войлочный,
najmseⁿ,,,,GE,a,,,ნამუსიანი,"honourable, honest, conscientious","честный, совестливый",
nakalakar,,,J,GE,n,,,"ნაქალაქევი, ნაქალაქარი",site of former city,городище,
nakʼverčxel,,,J,GE,n,,,ნაკვერჩხალი,embers,горящий уголь,
namgal,,,B,GE,n,,,ნამგალი,sickle,серп,
nan,,,F,,n,,,დედა,mother,мать,
nanbad-d-ar,,,,GE,vt,,,"დანანება (ნანობს, ინანებს)",regret,раскаиваться,
naqʼ2,,,,,:,,,გზაზე,on the road,на дороге,
nasajrĭ,,,,,n,,,,,,
natʼqʼ,,,,,a,,,"ჩირქიანი, წირპლიანი; ცრემლ[ებ]იანი","festering, oozing; teary",гнойный; со следами,
nʕajɁ,,,,,pv,,,,out,,
nʕajɁĭ1,,,,,adv,,,გარეთ (საით),"out, outside (direction)","наружу, на двор",
nʕan,,,B,,n,,,"ჭია, მატლი","worm, maggot",червь,
oeɁ,,,,,adv,,,"იგივე, ისევ ის; ისევ","the same, exactly that; indeed","то же самое, то же; уж",
ojiⁿ,,,J,GE,n,,,ოინი,"trickery, mischief","проделка, шутка",
opop,,,B,GE,n,,,ოფოფი,hoopoe,удод,
oq,,,,,pro dem,,,,"that, those, (distal demonstrative pronoun)",,
oštʼuⁿ,,,,,a,,,ისეთი,such,такой,
osiħ,,,,,adv,,,იქ,there,там,
oxtʼ,,,,GE,:,,,ოხტში მოსვლა,have revenge on,отплатить воздать,
pabrikʼ,,,J,GE,n,,,ფაბრიკა,,фабрика,
pajtʼoⁿ,,,B,GE,n,,,"ფაეტონი, ეტლი",cariage,фаэтон,
palaⁿ,,,F,GE,n,,,პალანი,pack-saddle,особого рода вьючное животное,
parsoⁿ,,,,GE,a,,,"ფარსაგი, რიგიანი წესიერი","good, useful, proper","удовлетворительный, довольно хороший",
pekʼujnĭ,,,,,ptcp,,,"მხარის მიმცემი, მხარის დამჭერი, ქომაგი",,"помогающий, сторонник",
pħaš,,,D,,n,,,სუდარა,shroud,саван,
pħitʼar,,,,,:,,,"ოთხზე სიარული, ცოცვა (ბაყაყურად სიარული)",,"ходить на четвереньках, ползать",
pičʼvarna,,,,GE,n,,,ფიჭვნარი,,сосновый лес,
pīkar,,,,GE,n,,,ფეიქარი,,ткач,
pirpitʼ,,,D,GE,n,,,ფირფიტა (ძაფის დასახვევი),,мотушка (дощечка для мотания ниток),
plokŏ,,,D,,n,,,"პატარა სუფრა, ცოტა ტკბილეული, მატყლი და რკინა, რომელთაც საქონელს და მეზობელს ახალ წელს ულოცავენ",,"поднесение явств, пучка шерсти и куска жедеза скоту и соседям на новый год",
pša1,,,B,,n,,,ყინული,ice,лед,
pšelŏ,,,J,,n,,,სიცივე,cold,холод,
pšilna,,,D,,n,,,,,,
psar,,,,,n,,,ხარი,ox,,
psare,,,,,adv,,,გუშინ,yesterday,вчера,
pstʼī,,,,,n,,,,,,
pstʼu-badri,,,,,n,,,,,,
pu,,,,,:,,,"შებერვა (შეუბერავს, უბერავს ცეცხლს)",,"дуть, фукать, раздувать (огонь)",
pu dar,,,,,vt,,,"შებერვა (შეუბერავს, უბერავს ცეცხლს)",,"дуть, фукать, раздувать (огонь)",
puğurŏ,,,J,GE,n,,,ფუღურო,hollow in tree trunk,дупло,
pxakʼditar,,,,,vt,,,ფხაკუნი (აფხაკუნებს),"scrape, scratch",скрести,
pxiicʼatʼqʼ,,,,,num,,,სამასი,three hundred,триста,
pʼač,,,B,GE,n,,,პაჩი,kiss,поцелуй,
pʼajpʼroz,,,D,GE,n,,,პაპიროსი,cigarette,папироса,
pʼanšvid,,,J,GE,n,,,პანაშვიდი,requiem,панихида,
pʼirsaqoc,,,D,GE,n,,,პირსახოცი,towel,полотенце,
pʼitʼn,,,D,GE,n,,,პიტნა,mint,мята,
pʼodnos,,,D,RU,n,,,ლანგარი,platter,поднос,
pʼolica,,,J,GE; RU,n,,,პოლიცია,police,полиция,
pʼolkʼ,,,J,RU; GE,n,,,პოლკი,regiment,полк,
pʼovern,,,M/F,RU,n,,,რწმუნებული,"attorney, representative, appointee",поверенный,
pʼrekʼ,,,J,GE,n,,,პრკე,mould,плесень (вина),
pʼrikʼaščikʼ,,,M,RU,n,,,ნოქარი,shop worker,приказчик,
qaħar1,,,,,vt,,,"კბენა (უკბენს), დაკბენა",bite,укусить,
qaħar2,,,,,vt,,,"ზიდვა (ზიდავს), მოზიდვა","bring, haul, fetch","таскать, носить, переносить",
qanr,,,J,,n,,,ხვალე,tomorrow,завтра (в значении существительного),
qartʼaⁿ,,,,,:,,,მასხრად აგდება ([ა]იგდებს),,"поднять, поднимать насмех, высмеять, высмеивать",
qastʼar1,,,,,vi,vi stat,,,,,
qaⁿ1,,,,,adv,,,ხვალ,tomorrow,завтра,
qaⁿ2,,,J,,n,,,ჯანი,"strength, force","сила, мощь, здоровье",
qebaŭkʼŭ,,,D,,n,,,კერა,hearth,очаг,
qedar,,,,,,,,,,,
qednad-d-ar,,,,GE,vt,,,"ხედნა (ხედნის), წვრთნა","train (animal), break in","выучить, обучать",
qejlsaqoc,,,D,,n,,,ხელსახოცი,"handkerchief, paper towel",салфетка,
qelat,,,,,adv,,,"ხელადა, ახლავე",,"сразу, сейчас же, в миг",
qeldaɁŏ,,,J,,n,,,ხელადა,pot-bellied broad-lipped clay jar (2 litres),кувшин для вина (двухлитровый),
qellŏ,,,J,,,n,,,,,
qemcʼipĕ,,,,GE,n,,,ხელმწიფე,king,царь,
qerqveⁿ,,,,GE,a,,,"ხერხიანი, მოხერხებული, ოსტატურად","ingenious, clever, gifted, skilled","умело, ловко",
qetar1,,,,,vi,,,ცოდნა (იცის); მიხვედრა (მიხვდება),"know; realise, come to understand","знать, уметь понять, понимать, догадаться",
qetar2,,,,,,,,,,,
qetʼ,,,J,,n,,,"ნიჩაბი, ჩეკი","shovel, dirt scraper","лопатка (для выгребания мусора, навоза), кочерга",
qilsaxoc,,,D,,n,,,ხელსახოცი; ცხვირსახოცი,towel,"полотенце, платок",
qirim,,,J,GE,n,,,"ხირიმი, ყირიმი (თოფი)",flintlock gun,английское кремневое ружье,
qurbad-d-alar,,,,GE,vi,,,დაგრილება (გრილდება),cool down,случаться,
qved,,,J,GE,n,,,"ხვედა, ხის ურო",wooden mallet,"молот, колотушка",
qʼajlvaⁿ,,,D,GE,n,,,"ყალიონი, ჩიბუხი",,трубка для курения,
qʼan,,,,,:,,,დაბერება ([და]ბერდება),,"постареть, стареть",
qʼasa,,,,,:,,,"დაჩაჩანაკება ([და]ჩაჩანაკდება), გაძვალტყავება, გაღატაკება",,"стать жалким, немощным, обнищать",
qʼaurbaⁿ,,,,GE,n,,,ყაურმა,,тушенная баранина,
qʼeeⁿ,,,M,GE,n,,,"ყაენი, ყეენი","khan, shah",шах персидский,
qʼejiš,,,,,adv,,,ღარიბად,,бедно,
qʼivol,,,J,,n,,,"სიგამხდრე; სიღარიბე, სისაწყლე; უბედურება",,"худоба; бедность, нищета, нужда; несчастье",
qʼujiv,,,D,,n,,,სადღვებელი (მომცრო),,маслобойка (небольшая),
qʼušqʼjšdar,,,,,vt,,,ჩიჩინი (უჩიჩინებს),,твердить одно и то же,
qʼurtmaǯ,,,J,GE,n,,,ყურთმაჯი,,длинный отворот рукава на старинном платье,
qʼurumsağ,,,,GE,interj,,,ყურუმსაღი,son-of-a-bitch,ругательное слово,
qʼuv1,,,J,GE,n,,,"ყუა (ცულისა, პურისა...)",,"обух, горбушка",
qʼuv2,,,M,,n,,,ქურდი,,вор,
šabedod-d-ar,,,,GE,vt,,,"გაბედვა (გაუბედავს), შემობედვა",,осмелиться (сказать кому-л. что-л.),
šacʼdaxinŏ (araqʼ),,,,,ptcp,,,ორნახადი არაყი,,водка двойной гонки,
šajbamaⁿ,,,D,,n,,,შაბიამანი,,медный купорос,
šajršujrĭ,,,D,GE,n,,,შარი-შური,,"шорох, шелест",
šarn,,,,,vt,pro,,,,,
šaroⁿ,,,,,pro,,,"თვითონ, თავად",oneself,сам,
šatx,,,,,:,,,"მოხრა (მოიხრება), მოკუზვა",,"согнуться, сгорбиться",
šatxeliⁿ,,,,,a,,,"ორწვერი, ორმაგი (ნაგრეხი, ნაქსოვი...)",,двойной,
šatʼ2,,,D,,n,,,ფიწალი,,вилы,
šaur,,,D,GE,n,,,შაური,,пятак,
šaŭriliⁿ,,,D,GE,n,,,შაურუანი,,пятак,
šauztʼqʼa,,,,,num,,,ორმოცი,fourty,сорок,
šavajnó,,,,,n,,,"სრული სიჩუმე, სიმყუდროვე",,"полная тишина, уют",
šavardaⁿ,,,D,GE,n,,,შევარდენი,,сокол,
šavgremekʼaɁ,,,,GE,a,,,მოშავგვრემანო,,смугловатый,
šavgremel,,,,GE,a,,,შავგვრემანი,,смуглый,
šinel,,,D,GE,n,,,შინელი,,шинель,
šujb,,,,,n,,,,,,
šujbreⁿ,,,,GE,n,,,მშობიარე,,роженица,
šujiⁿ,,,,,pro,,,"თავიანთი, მათი (საკუთარი)","their own, their",их (собственный),
šujⁿ,,,,,pro,,,თქვენი (საკუთარი),"y'alls own, your own",ваш (собственный),
šurdğul,,,J,GE,n,,,შურდული,,праща (для метания камней),
šuⁿ2,,,D,GE,n,,,შუნი,,самка-тур,
šxamad-d-ar,,,,GE,vt,,,,,,
rağeⁿ,,,,,a,,,"რიგრიგობით, ჯერჯერობით",one after the other,по-очереди,
rakʼ,,,,,:,,,რაკუნის გაღება,"bang, rattle, drum",издать стук,
regvenob,,,J,GE,n,,,"რეგვნობა, სირეგვნე, სისულელე","foolishness, silliness","глупость, грубость, тупость",
-reⁿ,,,,,nsfx,,,-გან,,"от, из",
ricxv,,,D,GE,n,,,რიცხვი,number,число,
risxva,,,J,GE,n,,,"რისხვა, შერისხვა","anger, wrath, rage",гнев,
ruv,,,J,GE,n,,,რუ,channel,канава,
sab,,,,,:,,,გამეტება (როდესაც ზედმეტი არა გაქვს); ჭარბად იქნა (ჭარნად უზამს),not sparing; put excessively,дать (не имея лишнего); положить лишнее (о соли и др.),
sakʼinʒ,,,D,GE,n,,,საკინძე,"fastener, glasp",застежка,
salpetʼkʼ,,,D,RU,n,,,ხელსახოცი,table napkin,салфетка,
samadlbel,,,,GE,a,,,დასამადლებელი; სამადლობელო,virtuous; thankful reply to toast,"достойный упрека, попрека; благодарственный (тост)",
sangó,,,J,,n,,,ეზო,"courtyard, yard",двор,
saperqŏ,,,B,GE,n,,,საფერხე,riding horse,лошадь (скаковая),
sargbel,,,J,GE,n,,,სარგებელი,"use, advantage","барыш, прибыль",
saŭbŭ,,,,,a,,,"მეტი, ჭარბი","too much, excessive, redundant","излишний, лишний",
savd,,,D,GE,n,,,სევადა,niello,чернь,
saxelcʼipŏ,,,J,GE,n,,,სახელმწიფო,"state, realm",государство,
saxsnolŏ,,,,GE,a,,,სახსნილო,,скоромный,
saʒroxĕ,,,D,GE,n,,,"საძროხე, ძროხის ბოსელი",cowshed,коровий клев,
sejnĭ,,,,RU,a,,,ლურჯი; მწვანე (ბალახი),blue; green (grass),синий; зеленый (о траве); зеленая трава,
sejrebad-d-alar,,,,GE,vi,,,სეირნობა (სეირნობს),"walk, stroll","гулять, прогуливаться",
setʼqʼod-d-ar,,,,GE,vt,,,,,,
si,,,,,a,,,უსულო,"lifeless, inanimate","без души, неодушевленный",
sī,,,D,GE,n,,,სია,list,список,
siavkʼacĕ,,,J,GE,n,,,სიავკაცე,"malice, wickedness",злодеяние,
sijat,,,J,GE,n,,,სიათა,flintlock gun,особое старинное ружье,
sinbuj,,,,,n,,,,,,
sipsreħ,,,,,adv,,,გუშინწინ,the day before yesterday,позавчера,
siračʼ,,,M,GE,n,,,სირაჯი,wine merchant,торговец вином,
sirsol,,,B,GE,n,,,სირსვალი (ლობიო),boiled whole beans,блюдо из фасоли (в зернах),
siskʼrul1,,,B,GE,n,,,ცისკრის ვარსკვლავი,Venus (planet),Венера,
sivħĕ,,,,,,adv,,,,,
snivlbad-d-ar,,,,GE,vt,,,,,,
snivlebad-d-alar,,,,GE,vi,,,,,,
so3,,,,,pv,,,,hither,,
sodaħ1,,,,,pv,,,აქეთ-იქით წასვლა (აქეთ-იქით სიარული) (რამის საძებნელად...),,"идти, ходить в разные стороны, туда-сюда (в поисках чего-нибудь...)",
sodaħ2,,,,,adv,,,"აქეთ-იქით, მიმო-",here and there,"туда-сюда, вокруг",
sodaħ-ixar,,,,,vi,,,,,,
sovdagar,,,M,GE,n,,,სოვდაგარი,"wholesaler, trader",купец,
stʼabó,,,J,,n,,,შემოდგომა,autumn,осень,
stʼajplaɁŏ,,,B,GE,n,,,სტაფილო,,морковь,
stʼaŭxkʼŭ,,,,,adv,,,შარშან,last year,в прошлом году,
stʼen,,,,,pro interrog,,,,what,,
stʼol,,,B,RU,n,,,მაგიდა,table,стол,
stʼudentʼ,,,M/F,GE; RU,n,,,სტუდენტი,student,студент,
sujn,,,,,pro,,,"ზმნს. იწარმოება სო ნაცვალსახელისაგან, აძლიერებს ზმნის შინაარსს",,,
sulier,,,D,GE,n,,,"სულიერი, სულდგმული",living being,живое существо,
surat,,,J,GE,n,,,სურათი,"picture, painting",картина,
tag-d-alar1,,,,,vi,,,გაკეთება (გაკეთდება),be done,сделаеться,
tamasuk,,,D,GE,n,,,თამასუქი,promisory note,вексель,
tar,,,B,GE; RU,n,,,თარი,"oud, lute, tar",тари (вост. муз. инстр.),
tebžrikʼ,,,D,,n,,,მაჯლაჯუნა,"nightmare, demon, house spirit","кошмар, удушающий, домовой",
teg-d-alar,,,,,vi,,,,,,
tegseg-d-ar,,,,,vi,,,,,,
tejvdreⁿ,,,,,:,,,შაბათ (დიდი მარხვის პირველი შაბათი),Easter Saturday,Фёдорова суббота (первая суббота великого поста),
tokmač,,,,GE,n,,,თოქმაჩი,blacksmith,медник,
toqnad-d-ar,,,,GE,vt,,,თოხნა,hoe,мотыжить,
toxnad-d-ar,,,,GE,vt,,,თოხნა,hoe,омотыжить землю,
tujx,,,D,,n,,,მარილი,salt,соль,
txajiⁿ,,,,,pro poss,,,ჩვენი (საკუთარი),1PL.POSS.REFL,наш (собственный),
txe,,,D,,n,,,(შემოდგომის) მატყლი (კარგი ხარისხისაა),autumn wool,шерсть осенняя (хорошего качеста),
txeⁿ,,,,,pro poss,,,ჩვენი,1PL.POSS,наш,
txil1,,,D,,n,,,თხილი,"hazelnut, hazeltree","мелкий орех, орешник",
txil2,,,,,:,,,გაფრთხილება (აფრთხილებს),warn,"предупреждать, предостерегать",
txujn,,,,,pro pers,,,ზმნს. იწარმოება თხო ნაცვალსახელისაგან. აძლიერებს ზმნის შინაარს,,,
tʼap1,,,B,GE,n,,,"ტაფობი, პატარა ველი ტყეში, მთაში; მდინარეზე დაცემული ადგილი",grassy hollow,"поляна в лесу, в горах, равнина по реке",
tʼap2,,,,,:,,,"გაელვება (გაიელვებს, ელავს)",flash (of lightning),"сверкнуть, сверкать (о молнии)",
tʼarkʼoš,,,J,GE,n,,,ტარკოში (ტარიანი სასმელი),tankard,кувшин с длинной ручкой для черпания воды,
tʼeatʼr,,,J,RU,n,,,თეატრი,theatre,театр,
tʼialŏ,,,,GE,a,,,"ტიალი, უპატრონო",wretched,"покинутый, безпризорный",
tʼikʼčʼor,,,D,GE,n,,,ტიკჭორა,small wineskin,бурдюк,
tʼotʼar,,,,,:,,,"ყალყზე დადგომა (დადგება, დგება)",,"стать, становиться на дыбы",
tʼpaɁŏ,,,B,GE,n,,,ტაფა,frying pan with handle,сковородка (с ручкой),
tʼqʼujħ1,,,,,pv,,,უკან,"back, behind","позади, за",
tʼqʼujħĕ,,,,,adv,,,უკან,"back, behind","позади, за",
tʼuksad-d-ar,,,,GE,vt,,,ტუქსვა (ტუქსავს),"tell off, scold",журить,
tʼurtʼlad-d-ar,,,,GE,vt,,,მოტურტვლა,cover in dirt,"обмарать, выпачкать",
tʼʕejrĭ,,,B,,n,,,ვარსკვლავი,star,звезда,
ubidrob,,,J,GE,n,,,უბედურება,"misfortune, disaster",несчастье,
ujog,,,J,,n,,,სახსარი,joint,"сустав, сгиб",
ujštʼna,,,D,,n,,,,,,
ukīpot,,,,,adv,,,უქეიფოდ ვარ,,мне нездоровится,
uló,,,J,,n,,,მაზეგინდელი დღე,the third day after today,четвертый день с этого дня,
unčʼŏ,,,,GE,a,,,უნიჭო,,бездарный,
unišnŏ,,,,GE,a,,,უნიშნო,,"без знака, без приметы",
ušnŏ,,,,GE,a,,,უშნო; უხეირო,,"некрасивый, неумелый, неспособный ни к чему",
urem,,,B,GE,n,,,ურემი,wagon,арба,
uriv,,,M,GE,n,,,"ურია, ებრაელი",,еврей,
utodar,,,,GE,vt,,,უთოობა (აუთოებს),iron (clothes),"гладить, утюжить",
utovad,,,,GE,adv,,,ალბათ,probably,вероятно,
uzaltuⁿ,,,D,GE; Turk.,n,,,უზალთუნი,"yüzaltın, 10 kopecks (coin)",гривенник,
vašbar,,,,,:,,,დახურვა ([და]ხურავს) ერთმანეთთან მიტანა,,"закрыть, вплотную приложить друг к другу",
vašbaⁿ,,,,,pro,,,ერთმანეთი,"each other, (reciprocal pronoun)",друг-друга,
veder,,,D,GE; RU,n,,,ვედრო,bucket,ведро,
vepxv,,,D,GE,n,,,ვეფხვი,tiger,тигр,
vers,,,J,GE; RU,n,,,ვერსი,verst,верста,
xakʼ1,,,D,,n,,,ტომარა,bag,"мешок, куль",
xakʼ2,,,,,:,,,მოწყურება (მოსწყურდება),,захотеть пить,
xamcʼamcʼ,,,D,,n,,,კნაწაკნუწი,,хруст,
xaŭkʼ-d-ar,,,,,vt,,,წყურვილი (სწყურია),,"чувствовать жажду, хотеть пить",
xaŭkʼ-d-ujnĭ,,,,,ptcp,,,მწყურვალე,,жаждующий,
xelkveiti,,,,GE,a,,,ხელქვეითი,,"подручный, подчиненный",
xelsaⁿ,,,M/F,GE,n,,,ხელოსანი,,"мастер, ремесленник",
xixlareⁿ,,,,GE,a,,,ხეხილიანი,,фруктовый,
-xiⁿ,,,,,nsfx,,,,,,
xkʼe,,,J,,n,,,ხეობა,"valley, gorge",ущелье,
xobs,,,B,,n,,,"ნაფხვენი, ნაფშვნეტი, ფხვნილი",,"кроха, порошок, песок (сохарный)",
xoršaɁŏ,,,J,GE,n,,,"ციება, ციებ-ცხელება, ხორშაკი","malaria, dengue fever",лихорадка,
xram,,,D,GE,n,,,ხრამუნი,,хруст (при жевании),
xrov,,,J,GE,n,,,ხროვა,,"стадо, стая, группа",
xrutʼxrutʼ,,,D,,n,,,კრუტუნი,,мурлыканье,
xul,,,D,GE,n,,,ხულა,,"маленький амбар, чулан",
xuntʼxuntʼdar,,,,,vt,,,ღრუტუნი (ღრუტუნებს),,хрюкать,
xupʼ,,,,,:,,,"წვნიანი, სახვრეპი, შესახვრეპი",,суп,
xur,,,D,,n,,,ხვრინვა,snoring,хрип,
xuxlaɁo,,,D,GE,n,,,ხუხულა,,"шалаш, плетенка",
xvriš,,,J,GE,n,,,ხვრიში,,"соль, крупно молотая",
zarmajšŏ,,,D,GE,n,,,"ზარნაშო, დიდი ბუ",great eagle-owl,"филин, неясыть",
zedgaⁿ,,,D,GE,n,,,ზედადგარი,trivet (three-legged kettle stand),таган,
zğveⁿ1,,,J,GE,n,,,სხვენი; ჭერი,attic; ceiling,"чердак, потолок",
zğveⁿ2,,,J,GE,n,,,ძღვენი,gift,"дар, подношение, гостинец",
zurn,,,J,GE; RU,n,,,ზურნა,shawm,зурна,
žagnŏ,,,D,,n,,,"წიგნი, წერილი","book, letter","книга, письмо",
žavživdar,,,,GE,vt,,,"ჟავჟივი (ჟივჟივებს), ჟივილ-ხივილი; წუწუნი, ზლუქუნი","tweet, chirp","щебетать, чирикать, галдеть; хныкать",
žīš,,,D,,n,,,ცხვრის ფარები,flock(s) of sheep,стадо овец,
žiⁿ1,,,B,,n,,,თირკმელი,kidney,почка,
žiⁿ2,,,B,GE,n,,,"ჟინი, სურვილი",desire,"каприз, прихоть, сильное желание",
žurad-d-ar,,,,GE,vt,,,ჟურვა (ჟურავს),make seep,цедить,
ʒagʒag,,,,,:,,,ძაგძაგით,,дрожа,
ʒar,,,,,a,,,ფესვებიანი; ძირებიანი (ფეხსაცმელი),,имеющий корни; обувь с подошвами,
ʒe1,,,J,GE,n,,,"ძე, ჩამომავლობა (მამრობითი სქესი)",,"сын, мужское поколение",
ʒroxod-d-ar,,,,GE,vt,,,ძრახვა (ძრახავს),"rebuke, reprimand",осуждать,
ʒu1,,,,GE,n,,,ძუ,,"самка, сука",
ʒu2,,,J,GE,n,,,ძუა,,конский волос,
ʒukʼn,,,B,GE,n,,,ძუკნა,,сука,
ʒuncʼ,,,B,GE,n,,,ძუნწა,,щетинник мышей,
ʒviroⁿ,,,,GE,a,,,ძვირი,expensive,дорогой,
ǯajxĭǯujxĭ,,,D,,n,,,"ჯახაჯუხი, ჯახანი",repeated banging,стук (при столкновении предметов...),
ǯamlo,,,,,interj,,,,go to hell,иди к четру,
ǯan,,,,GE,interj,,,ჯან!,"wow, bravo, terrific",браво,
ǯanbuj,,,J,GE,n,,,ჯანდაბა,hell,"преисподняя, тартары",
ǯaⁿ1,,,D,,n,,,ქალამანი,sandal,лапать,
ǯereⁿ,,,D,GE,n,,,ჯეირანი,Persian gazelle,джейран,
ǯğabnad-d-ar,,,,GE,vt,,,ჯღაბნა (ჯღაბნის),"scrawl, scribble",писать каркулями,
ǯoǯxita,,,J,GE,n,,,ჯოჯოხეთი,hell,ад,
ǯuğel,,,,GE,a,,,"ულამაზო, შეუხედავი",ugly,"некрасивый, невзрачный",
ʕajhkʼĭ,,,D,,n,,,რკინა,iron,железо,
ʕajrtvaⁿ1,,,,,a,,,"ბლომა[დ], მრავლად","sufficient, plenty","множество, порядочно (много)",
ʕajrtvaⁿ2,,,,,adv,,,"ბლომად, კარგა (შორს, ახლოს...)","sufficiently, quite, rather","в большом количестве, достаточно, довольно (далеко, близко...)",
ʕe-d-ağar,,,,,vi,,,ჯდომა (ზის),sit,сидеть,
ʕe-d-axkʼar,,,,,vi,,,"სხდომა (სხედან); დგომა (ხეებისა...); გულის მოსვლა, გაჯავრება",sit,,
ʕer,,,,,:,,,გაფუჭება ([გა]აფუჭებს); [გა]სვრა; გარყვნა,"ruin, spoil, soil, dirty","(ис)портить, (вы)пачкать, изгадить, развратить, развращать",
ʕiriⁿ,,,,,a,,,"ბასრი, მჭრელი, გალესილი; ყოჩაღი, პირდაპირი","sharp; bold; direct, critical","острый, отточенный; острый",
ʕitʼiš,,,,,adv,,,სირბილით,while running,"бегом, бегая",
ʕuɁ-d-ar,,,,,vt,,,"დაგროვება ([და]აგროვებს), დაზოგვა","save up, accumulate","копить, скопить, (с)беречь, сберегать",
